Title ;Episode;Year ;Aired ;Original Network;;Content Rating;Plataformas 
Title: A World of Peace;Episodes: 11;1969;Aired: 3 nov, 1969;Original Network:  MBC;;Content Rating: Not Yet Rated;
Title: Frog Husband;Episodes: 100;1969;Aired: Nov 17, 1969;Original Network:  MBC;;Content Rating: Not Yet Rated;
Title: My Lady;Episodes: 253;1970;Aired: Aug, 1970;Original Network:  TBC;;Content Rating: Not Yet Rated;
Title: Jang Hee Bin;Episodes: 154;1971;Aired: Jul 18, 1971 - Jan 31, 1972;Original Network:  MBC;;Content Rating: Not Yet Rated;
Title: Chief Inspector;Episodes: 880;1971;Aired: Mar  6, 1971 - Oct 12, 1989;Original Network:  MBC;;Content Rating: Not Yet Rated;
Title: Missing My Mother;Episodes: 263;1972;Aired: Aug 27, 1972 - Jun 29, 1973;Original Network:  TBC;;Content Rating: Not Yet Rated;
Title: Memoirs Written in Silence;Episodes: 130;1972;Aired: Mar  7, 1972 - Aug 17, 1972;Original Network:  KBS1;;Content Rating: Not Yet Rated;
Title: Daewongun;Episodes: 229;1972;Aired: Oct 30, 1972 - Mar 31, 1973;Original Network:  MBC;;Content Rating: Not Yet Rated;
Title: Queen Min;Episodes: 195;1973;Aired: Apr  2, 1973 - Dec 28, 1973;Original Network:  MBC;;Content Rating: Not Yet Rated;
Title: Great King Sejong;Episodes: 199;1973;Aired: Feb  5, 1973 - Oct  6, 1973;Original Network:  KBS1;;Content Rating: Not Yet Rated;
Title: Kang Gam Chan;Episodes: 77;1973;Aired: Oct  9, 1973 - Jan  9, 1974;Original Network:  KBS1;;Content Rating: Not Yet Rated;
Title: Yeonhwa;Episodes: 192;1973;Aired: Sep 23, 1973 - May  3, 1974;Original Network:  TBC;;Content Rating: Not Yet Rated;
Title: Yun Ji Gyeong;Episodes: 148;1974;Aired: May  5, 1974 - Oct 25, 1974;Original Network:  TBC;;Content Rating: Not Yet Rated;
Title: Boknyeo;Episodes: 108;1974;Aired: May 27, 1974 - Oct 25, 1974;Original Network:  MBC;;Content Rating: Not Yet Rated;
Title: Jade Flute;Episodes: 119;1975;Aired: May  5, 1975 - Sep 20, 1975;Original Network:  TBC;;Content Rating: Not Yet Rated;
Title: King's First Love;Episodes: 173;1975;Aired: Sep 22, 1975 - Apr  9, 1976;Original Network:  TBC;;Content Rating: Not Yet Rated;
Title: Tenacity;Episodes: 143;1975;Aired: Sep 22, 1975 - Apr  9, 1976;Original Network:  MBC;;Content Rating: Not Yet Rated;
Title: Lady of the Side Chamber;Episodes: 150;1976;Aired: Apr 12, 1976 - Oct  2, 1976;Original Network:  TBC;;Content Rating: Not Yet Rated;
Title: Yearning for a Beauty;Episodes: 90;1976;Aired: Jun 14, 1976 - Oct 16, 1976;Original Network:  MBC;;Content Rating: Not Yet Rated;
Title: Cheon Nyeon Hwa;Episodes: 143;1976;Aired: Oct  4, 1976 - Mar 18, 1977;Original Network:  TBC;;Content Rating: Not Yet Rated;
Title: The Merchant;Episodes: 90;1976;Aired: Oct 18, 1976 - Jan 29, 1977;Original Network:  MBC;;Content Rating: Not Yet Rated;
Title: Rain, Wind and the Cold Dew;Episodes: 174;1977;Aired: Aug 28, 1977 - Mar 17, 1978;Original Network:  TBC;;Content Rating: Not Yet Rated;
Title: Ok Nyeo;Episodes: 136;1977;Aired: Dec 19, 1977 - May 26, 1978;Original Network:  MBC;;Content Rating: Not Yet Rated;
Title: Junghwa;Episodes: 178;1977;Aired: Jan 31, 1977 - Aug 27, 1977;Original Network:  MBC;;Content Rating: Not Yet Rated;
Title: Legend of Lady Heo;Episodes: 138;1977;Aired: Mar 20, 1977 - Aug 26, 1977;Original Network:  TBC;;Content Rating: Not Yet Rated;
Title: Trap of Youth;Episodes: 20;1978;Aired: Aug 19, 1978 - Nov  5, 1978;Original Network:  MBC;;Content Rating: 15+ - Teens 15 or older;
Title: Slave;Episodes: 221;1978;Aired: Jul 11, 1978 - Mar 30, 1979;Original Network:  TBC;;Content Rating: Not Yet Rated;
Title: Fifteen Nights;Episodes: 97;1978;Aired: Mar 19, 1978 - Jul  8, 1978;Original Network:  TBC;;Content Rating: Not Yet Rated;
Title: Lady Jeong;Episodes: 97;1978;Aired: May 28, 1978 - Sep 16, 1978;Original Network:  MBC;;Content Rating: Not Yet Rated;
Title: Yeonji;Episodes: 197;1978;Aired: Sep 18, 1978 - May  5, 1979;Original Network:  MBC;;Content Rating: Not Yet Rated;
Title: Mapo Port;Episodes: 158;1979;Aired: Apr  1, 1979 - Oct  5, 1979;Original Network:  TBC;;Content Rating: Not Yet Rated;
Title: Vocation;Episodes: 106;1979;Aired: May  7, 1979 - Sep  8, 1979;Original Network:  MBC;;Content Rating: Not Yet Rated;
Title: Land;Episodes: 48;1979;Aired: Nov 12, 1979 - Dec 22, 1980;Original Network:  KBS1;;Content Rating: Not Yet Rated;
Title: Lament of the Mandarin Duck;Episodes: 124;1979;Aired: Oct  7, 1979 - Mar 14, 1980;Original Network:  TBC;;Content Rating: Not Yet Rated;
Title: The Lady from Angukdong;Episodes: 160;1979;Aired: Sep 10, 1979 - Mar 29, 1980;Original Network:  MBC;;Content Rating: Not Yet Rated;
Title: Dance of Breaking Sky;Episodes: 12;1980;Aired: Apr 13, 1980 - Jul 13, 1980;Original Network:  KBS1;;Content Rating: Not Yet Rated;
Title: Lost Love;Episodes: 132;1980;Aired: Mar 31, 1980 - Aug 30, 1980;Original Network:  MBC;;Content Rating: Not Yet Rated;
Title: Country Diaries;Episodes: 1088;1980;Aired: Oct 21, 1980 - Dec 29, 2002;Original Network:  MBC;;Content Rating: Not Yet Rated;
Title: Gan Yang Rok;Episodes: 85;1980;Aired: Sep  1, 1980 - Dec 26, 1980;Original Network:  MBC;;Content Rating: Not Yet Rated;
Title: The First Republic;Episodes: 39;1981;Aired: Apr  2, 1981 - Feb 11, 1982;Original Network:  MBC;;Content Rating: Not Yet Rated;
Title: Nocturne;Episodes: 20;1981;Aired: Dec 19, 1981 - Feb 21, 1982;Original Network:  MBC;;Content Rating: Not Yet Rated;
Title: Great Vocation;Episodes: 50;1981;Aired: Jan  5, 1981 - Dec 28, 1981;Original Network:  KBS1;;Content Rating: Not Yet Rated;
Title: Royal Emissary;Episodes: 163;1981;Aired: Jan  5, 1981 - May 26, 1984;Original Network:  MBC;;Content Rating: Not Yet Rated;
Title: Gyodong Manim;Episodes: 197;1981;Aired: Jan  5, 1981 - Sep 11, 1981;Original Network:  MBC;;Content Rating: Not Yet Rated;
Title: Jang Hee Bin;Episodes: 60;1981;Aired: Oct  5, 1981 - Apr 30, 1982;Original Network:  MBC;;Content Rating: Not Yet Rated;
Title: Folk Customs;Episodes: 31;1981;Aired: Oct  8, 1981 - Oct 14, 1982;Original Network:  MBC;;Content Rating: Not Yet Rated;
Title: Silver Knife;Episodes: 25;1982;Aired: Aug  5, 1982 - Oct 29, 1982;Original Network:  MBC;;Content Rating: Not Yet Rated;
Title: Cheonsaengyeonbun;Episodes: 184;1982;Aired: Jan  4, 1982 - Sep 17, 1982;Original Network:  KBS2;;Content Rating: Not Yet Rated;
Title: Wind and Cloud;Episodes: 51;1982;Aired: Jan 10, 1982 - Dec 26, 1982;Original Network:  KBS1;;Content Rating: Not Yet Rated;
Title: Confession;Episodes: 36;1982;Aired: Mar  6, 1982 - Jul 11, 1982;Original Network:  MBC;;Content Rating: Not Yet Rated;
Title: Queen of West Palace;Episodes: 24;1982;Aired: May  6, 1982 - Jul 30, 1982;Original Network:  MBC;;Content Rating: Not Yet Rated;
Title: Hwang Jin Yi;Episodes: 32;1982;Aired: Nov  4, 1982 - Mar 11, 1983;Original Network:  MBC;;Content Rating: Not Yet Rated;
Title: Youth March;Episodes: 78;1983;Aired: Apr  2, 1983 - Dec 25, 1983;Original Network:  KBS2;;Content Rating: Not Yet Rated;
Title: Foundation of the Kingdom;Episodes: 49;1983;Aired: Jan  2, 1983 - Dec 18, 1983;Original Network:  KBS1;;Content Rating: Not Yet Rated;KBS Drama Classic Free
Title: Haebing;Episodes: 26;1983;Aired: Jan  8, 1983 - Mar 27, 1983;Original Network:  KBS2;;Content Rating: Not Yet Rated;
Title: Tree With Deep Roots;Episodes: 29;1983;Aired: Jul  8, 1983 - Dec 12, 1983;Original Network:  MBC;;Content Rating: Not Yet Rated;
Title: Eun Ha's Dream;Episodes: 35;1983;Aired: Mar 28, 1983 - May 29, 1983;Original Network:  KBS1;;Content Rating: Not Yet Rated;
Title: Gogyosaeng Ilgi;Episodes: 520;1983;Aired: Mar 30, 1983 - Oct 31, 1986;Original Network:  KBS1;;Content Rating: Not Yet Rated;
Title: The King of Chudong Palace;Episodes: 27;1983;Aired: Mar 31, 1983 - Jul  1, 1983;Original Network:  MBC;;Content Rating: Not Yet Rated;
Title: Women's House;Episodes: 260;1983;Aired: Nov  7, 1983 - Oct 26, 1984;Original Network:  KBS2;;Content Rating: Not Yet Rated;
Title: Father and Son;Episodes: 52;1983;Aired: Oct 29, 1983 - Mar 25, 1984;Original Network:  MBC;;Content Rating: Not Yet Rated;
Title: The Gates of Independence;Episodes: 44;1984;Aired: Jan  1, 1984 - Dec 20, 1984;Original Network:  KBS1;;Content Rating: Not Yet Rated;
Title: The Ume Tree in the Midst of the Snow;Episodes: 105;1984;Aired: Jan  9, 1984 - Feb 26, 1985;Original Network:  MBC;;Content Rating: Not Yet Rated;
Title: Love and Truth;Episodes: 85;1984;Aired: May 12, 1984 - Apr 28, 1985;Original Network:  MBC;;Content Rating: Not Yet Rated;
Title: Battle of Happiness;Episodes: 1;1984;Aired: Oct 29, 1984 - Nov  1, 1985;Original Network:  KBS2;;Content Rating: Not Yet Rated;
Title: Family;Episodes: 265;1984;Aired: Sep 10, 1984 - Sep 13, 1985;Original Network:  KBS2;;Content Rating: Not Yet Rated;
Title: Dawn;Episodes: 89;1985;Aired: Feb 17, 1985 - Oct 19, 1986;Original Network:  KBS1;;Content Rating: Not Yet Rated;
Title: The Wind Orchid;Episodes: 58;1985;Aired: Mar 11, 1985 - Oct  8, 1985;Original Network:  MBC;;Content Rating: Not Yet Rated;
Title: Stars Rise In The Meadow;Episodes: 38;1985;Aired: Nov 16, 1985 - Feb  9, 1986;Original Network:  KBS2;;Content Rating: Not Yet Rated;
Title: Mother's Room;Episodes: 41;1985;Aired: Oct  9, 1985 - Mar 31, 1985;Original Network:  MBC;;Content Rating: Not Yet Rated;
Title: The Imjin War;Episodes: 54;1985;Aired: Oct 14, 1985 - Apr 15, 1986;Original Network:  MBC;;Content Rating: Not Yet Rated;
Title: The Season of Men;Episodes: 73;1985;Aired: Oct 19, 1985 - Jun 29, 1986;Original Network:  MBC;;Content Rating: Not Yet Rated;
Title: Flower Ring;Episodes: 164;1985;Aired: Sep 16, 1985 - May  2, 1986;Original Network:  KBS2;;Content Rating: Not Yet Rated;
Title: The Hoechun Gate;Episodes: 50;1986;Aired: Apr 28, 1986 - Oct 28, 1986;Original Network:  MBC;;Content Rating: Not Yet Rated;
Title: First Love;Episodes: 57;1986;Aired: Jan 15, 1986 - Aug 14, 1986;Original Network:  MBC;;Content Rating: Not Yet Rated;
Title: Namhan Mountain Castle;Episodes: 22;1986;Aired: Nov  3, 1986 - Jan 27, 1987;Original Network:  MBC;;Content Rating: Not Yet Rated;
Title: Under The Same Roof;Episodes: 413;1986;Aired: Nov  9, 1986 - Nov 13, 1994;Original Network:  MBC;;Content Rating: 15+ - Teens 15 or older;
Title: Windfall;Episodes: 64;1986;Aired: Oct 25, 1986 - May 31, 1987;Original Network:  KBS1;;Content Rating: Not Yet Rated;
Title: Song of Yearning;Episodes: 215;1987;Aired: Feb  2, 1987 - Nov 27, 1987;Original Network:  KBS2;;Content Rating: Not Yet Rated;
Title: Love and Ambition;Episodes: 96;1987;Aired: Jan 10, 1987 - Dec 27, 1987;Original Network:  MBC;;Content Rating: Not Yet Rated;
Title: Blue Sunflower;Episodes: 0;1987;Aired: Jun  1, 1987 - Nov 27, 1987;Original Network:  KBS2;;Content Rating: Not Yet Rated;
Title: Plum Blossom;Episodes: 36;1987;Aired: Jun  6, 1987 - Oct 17, 1987;Original Network:  KBS1;;Content Rating: Not Yet Rated;
Title: Tv Novel: Love;Episodes: 0;1987;Aired: Mar  2, 1987 - Apr  3, 1987;Original Network:  KBS1;;Content Rating: Not Yet Rated;
Title: Door of Desires;Episodes: 100;1987;Aired: Mar  4, 1987 - Feb 25, 1988;Original Network:  KBS2;;Content Rating: Not Yet Rated;
Title: Terms Of Endearment;Episodes: 54;1987;Aired: Mar  7, 1987 - Aug 30, 1987;Original Network:  KBS2;;Content Rating: Not Yet Rated;
Title: The Tree Blooming with Love;Episodes: 144;1987;Aired: May 11, 1987 - Jul 18, 1990;Original Network:  KBS2;;Content Rating: Not Yet Rated;
Title: Kkochimi;Episodes: 156;1987;Aired: Nov 30, 1987 - Jul  1, 1988;Original Network:  KBS2;;Content Rating: Not Yet Rated;
Title: Land;Episodes: 103;1987;Aired: Oct 24, 1987 - Aug  6, 1989;Original Network:  KBS1;;Content Rating: 15+ - Teens 15 or older;
Title: Others;Episodes: 52;1987;Aired: Sep  5, 1987 - Feb 28, 1988;Original Network:  KBS2;;Content Rating: Not Yet Rated;
Title: The Winter That Year Was Warm;Episodes: 0;1988;Aired: Aug  3, 1988 - Sep 22, 1988;Original Network:  KBS2;;Content Rating: Not Yet Rated;
Title: Queen In Hyeon;Episodes: 71;1988;Aired: Jan 13, 1988 - Oct 13, 1988;Original Network:  MBC;;Content Rating: 15+ - Teens 15 or older;
Title: Oh, Heaven!;Episodes: 190;1988;Aired: Jul  4, 1988 - Mar 31, 1989;Original Network:  KBS2;;Content Rating: Not Yet Rated;
Title: The Last Idol;Episodes: 8;1988;Aired: Jul 11, 1988 - Aug  2, 1988;Original Network:  MBC;;Content Rating: Not Yet Rated;
Title: If Tomorrow Comes;Episodes: 8;1988;Aired: Jun 13, 1988 - Jul  5, 1988;Original Network:  MBC;;Content Rating: Not Yet Rated;
Title: The Golden Tower;Episodes: 40;1988;Aired: Mar  2, 1988 - Jul 28, 1988;Original Network:  KBS2;;Content Rating: Not Yet Rated;
Title: Soon Shim;Episodes: 52;1988;Aired: Mar  5, 1988 - Sep 11, 1988;Original Network:  KBS2;;Content Rating: Not Yet Rated;
Title: Human Market;Episodes: 8;1988;Aired: May 16, 1988 - Jun  7, 1988;Original Network:  MBC;;Content Rating: Not Yet Rated;
Title: The Memoirs of Lady Hyegyeong;Episodes: 62;1988;Aired: Oct 19, 1988 - Jun  1, 1989;Original Network:  MBC;;Content Rating: Not Yet Rated;
Title: Sand Castle;Episodes: 10;1988;Aired: Sep 12, 1988 - Oct 18, 1988;Original Network:  MBC;;Content Rating: Not Yet Rated;
Title: Eunhyeui Ttang;Episodes: 56;1988;Aired: Sep 17, 1988 - Apr 16, 1989;Original Network:  KBS2;;Content Rating: Not Yet Rated;
Title: Mandate of Heaven;Episodes: 0;1989;Aired: Apr  3, 1989 - Oct  6, 1989;Original Network:  KBS2;;Content Rating: Not Yet Rated;
Title: Fetters of Love;Episodes: 50;1989;Aired: Apr 22, 1989 - Oct  8, 1989;Original Network:  KBS2;;Content Rating: Not Yet Rated;
Title: And So Flows History;Episodes: 0;1989;Aired: Aug 13, 1989 - Sep  9, 1990;Original Network:  KBS1;;Content Rating: Not Yet Rated;
Title: Endless Love;Episodes: 8;1989;Aired: Dec  6, 1989 - Dec 28, 1989;Original Network:  KBS2;;Content Rating: Not Yet Rated;
Title: Happy Woman;Episodes: 50;1989;Aired: Jul  8, 1989 - Dec 24, 1989;Original Network:  MBC;;Content Rating: Not Yet Rated;
Title: The Fifth Row;Episodes: 8;1989;Aired: Jul 10, 1989 - Aug  8, 1989;Original Network:  MBC;;Content Rating: Not Yet Rated;
Title: The Second Republic;Episodes: 41;1989;Aired: Jul 16, 1989 - Apr 29, 1990;Original Network:  MBC;;Content Rating: Not Yet Rated;
Title: Pa Mun;Episodes: 28;1989;Aired: Jun  7, 1989 - Sep 13, 1989;Original Network:  MBC;;Content Rating: Not Yet Rated;
Title: Calm Place;Episodes: 13;1989;Aired: Jun 28, 1989 - Sep  7, 1989;Original Network:  KBS2;;Content Rating: Not Yet Rated;
Title: The Forest Does Not Sleep;Episodes: 16;1989;Aired: May  3, 1989 - Jun 22, 1989;Original Network:  KBS2;;Content Rating: Not Yet Rated;
Title: Mount Jiri;Episodes: 8;1989;Aired: May 29, 1989 - Jun  7, 1989;Original Network:  KBS1;;Content Rating: Not Yet Rated;
Title: Jeolbanui Silpae;Episodes: 12;1989;Aired: Sep 13, 1989 - Nov 30, 1989;Original Network:  KBS2;;Content Rating: Not Yet Rated;
Title: Congratulations;Episodes: 23;1989;Aired: Sep 20, 1989 - Dec 14, 1989;Original Network:  MBC;;Content Rating: Not Yet Rated;
Title: Dance of Breaking Sky;Episodes: 50;1990;Aired: Apr  2, 1990 - Oct 30, 1990;Original Network:  KBS2;;Content Rating: Not Yet Rated;
Title: The Dancing Gayageum;Episodes: 15;1990;Aired: Aug 27, 1990 - Oct 16, 1990;Original Network:  MBC;;Content Rating: Not Yet Rated;
Title: What A Woman Lives For;Episodes: 12;1990;Aired: Feb  5, 1990 - Mar 13, 1990;Original Network:  MBC;;Content Rating: G - All Ages;
Title: The Tree Blooming with Love Season 2;Episodes: 37;1990;Aired: Jul 25, 1990 - Jul  3, 1991;Original Network:  KBS2;;Content Rating: Not Yet Rated;
Title: Earthling;Episodes: 16;1990;Aired: Jun 27, 1990 - Aug 16, 1990;Original Network:  KBS2;;Content Rating: Not Yet Rated;
Title: Winter Traveler;Episodes: 14;1990;Aired: Mar 28, 1990 - Jun 21, 1990;Original Network:  KBS2;;Content Rating: Not Yet Rated;
Title: Daewongun;Episodes: 32;1990;Aired: May  6, 1990 - Dec 23, 1990;Original Network:  MBC;;Content Rating: Not Yet Rated;
Title: If Blooming Flowers Weeped;Episodes: 44;1990;Aired: May 19, 1990 - Oct 14, 1990;Original Network:  KBS2;;Content Rating: Not Yet Rated;
Title: Are You Still Dreaming;Episodes: 8;1990;Aired: Oct  3, 1990 - Oct 25, 1990;Original Network:  KBS2;;Content Rating: Not Yet Rated;
Title: Years of Ambition;Episodes: 100;1990;Aired: Oct 20, 1990 - Oct 20, 1991;Original Network:  KBS2;;Content Rating: 15+ - Teens 15 or older;
Title: Our Paradise;Episodes: 100;1990;Aired: Oct 26, 1990 - Nov 20, 1992;Original Network:  MBC;;Content Rating: Not Yet Rated;
Title: Fun World;Episodes: 16;1990;Aired: Oct 29, 1990 - Dec 18, 1990;Original Network:  MBC;;Content Rating: Not Yet Rated;
Title: Mongsil Eonni;Episodes: 36;1990;Aired: Sep  1, 1990 - Dec 30, 1990;Original Network:  MBC;;Content Rating: Not Yet Rated;
Title: Seoul Ddukbaegi;Episodes: 189;1990;Aired: Sep  3, 1990 - Jul  5, 1991;Original Network:  KBS2;;Content Rating: Not Yet Rated;
Title: Love on a Jujube Tree;Episodes: 852;1990;Aired: Sep  9, 1990 - Oct 27, 2007;Original Network:  KBS2;;Content Rating: Not Yet Rated;
Title: That Dawning Day;Episodes: 13;1990;Aired: Sep 16, 1990 - Dec 16, 1990;Original Network:  KBS1;;Content Rating: Not Yet Rated;
Title: We Are the Middle Class;Episodes: 16;1991;Aired: Aug  7, 1991 - Sep 26, 1991;Original Network:  KBS2;;Content Rating: Not Yet Rated;
Title: You Know the Milky Way?;Episodes: 40;1991;Aired: Dec 14, 1991 - Apr 26, 1992;Original Network:  SBS;;Content Rating: Not Yet Rated;
Title: Women 45;Episodes: 10;1991;Aired: Dec 16, 1991 - Jan 14, 1992;Original Network:  SBS;;Content Rating: Not Yet Rated;
Title: Yushimcho;Episodes: 84;1991;Aired: Dec 16, 1991 - May 14, 1992;Original Network:  SBS;;Content Rating: Not Yet Rated;
Title: Another Happiness;Episodes: 136;1991;Aired: Feb 18, 1991 - Aug  3, 1991;Original Network:  MBC;;Content Rating: Not Yet Rated;
Title: The Royal Road;Episodes: 34;1991;Aired: Jan  6, 1991 - Oct  5, 1991;Original Network:  KBS1;;Content Rating: Not Yet Rated;
Title: Thief's Wife;Episodes: 10;1991;Aired: Mar  6, 1991 - Apr  4, 1991;Original Network:  KBS2;;Content Rating: Not Yet Rated;
Title: Rosy Life;Episodes: 16;1991;Aired: May  6, 1991 - Jul  2, 1991;Original Network:  MBC;;Content Rating: Not Yet Rated;
Title: The Three Day Promise;Episodes: 50;1991;Aired: May 13, 1991 - Nov  5, 1991;Original Network:  KBS2;;Content Rating: Not Yet Rated;
Title: Mirror of Eastern Medicine;Episodes: 14;1991;Aired: Nov  4, 1991 - Dec 17, 1991;Original Network:  MBC;;Content Rating: 13+ - Teens 13 or older;
Title: Asphalt My Hometown;Episodes: 8;1991;Aired: Nov  6, 1991 - Nov 28, 1991;Original Network:  KBS2;;Content Rating: Not Yet Rated;
Title: What Is Love?;Episodes: 55;1991;Aired: Nov 23, 1991 - May 31, 1992;Original Network:  MBC;;Content Rating: Not Yet Rated;
Title: Burn Like A Candle;Episodes: 10;1991;Aired: Oct  2, 1991 - Oct 31, 1991;Original Network:  KBS2;;Content Rating: Not Yet Rated;
Title: Eyes of Dawn;Episodes: 36;1991;Aired: Oct  7, 1991 - Feb  6, 1992;Original Network:  MBC;;Content Rating: Not Yet Rated;
Title: Flowers That Never Wilt;Episodes: 24;1991;Aired: Oct 12, 1991 - Mar 28, 1992;Original Network:  KBS1;;Content Rating: Not Yet Rated;
Title: Three Flags;Episodes: 50;1992;Aired: Apr 12, 1992 - Apr 17, 1993;Original Network:  KBS1;;Content Rating: Not Yet Rated;
Title: The Chemistry Is Right;Episodes: 52;1992;Aired: Apr 20, 1992 - Nov 12, 1992;Original Network:  SBS;;Content Rating: Not Yet Rated;
Title: The Beloved;Episodes: 0;1992;Aired: Apr 29, 1992 - Dec 28, 1992;Original Network:  KBS2;;Content Rating: Not Yet Rated;
Title: Churi 3 Bujak;Episodes: 12;1992;Aired: Aug 12, 1992 - Sep 17, 1992;Original Network:  KBS1;;Content Rating: Not Yet Rated;
Title: Tragic Grass;Episodes: 24;1992;Aired: Aug 17, 1992 - Nov  3, 1992;Original Network:  SBS;;Content Rating: Not Yet Rated;SBS VOD Free
Title: Two Women;Episodes: 8;1992;Aired: Aug 17, 1992 - Sep  8, 1992;Original Network:  MBC;;Content Rating: Not Yet Rated;
Title: Reunion;Episodes: 18;1992;Aired: Dec 28, 1992 - Feb 23, 1993;Original Network:  SBS;;Content Rating: Not Yet Rated;
Title: Ilchul Peak;Episodes: 72;1992;Aired: Feb 12, 1992 - Oct 29, 1992;Original Network:  MBC;;Content Rating: Not Yet Rated;
Title: Bun Rye's Story;Episodes: 16;1992;Aired: Jan 20, 1992 - Mar 10, 1992;Original Network:  SBS;;Content Rating: Not Yet Rated;
Title: Rose Garden;Episodes: 16;1992;Aired: Jul 13, 1992 - Sep  1, 1992;Original Network:  SBS;;Content Rating: Not Yet Rated;
Title: Jealousy;Episodes: 16;1992;Aired: Jun  1, 1992 - Jul 21, 1992;Original Network:  MBC;;Content Rating: Not Yet Rated;
Title: Haengchon Apartments;Episodes: 9;1992;Aired: Mar  2, 1992 - Mar 31, 1992;Original Network:  MBC;;Content Rating: Not Yet Rated;
Title: Days of Sunshine;Episodes: 0;1992;Aired: Mar  2, 1992 - Sep 11, 1992;Original Network:  KBS2;;Content Rating: Not Yet Rated;
Title: Small City;Episodes: 16;1992;Aired: Mar 16, 1992 - May  5, 1992;Original Network:  SBS;;Content Rating: Not Yet Rated;
Title: Calendula;Episodes: 20;1992;Aired: Mar 29, 1992 - Aug 10, 1992;Original Network:  SBS;;Content Rating: 15+ - Teens 15 or older;
Title: A Love Without Fear;Episodes: 52;1992;Aired: May  2, 1992 - Oct 25, 1992;Original Network:  SBS;;Content Rating: Not Yet Rated;
Title: Morning Thaw;Episodes: 18;1992;Aired: May 11, 1992 - Jul  7, 1992;Original Network:  SBS;;Content Rating: Not Yet Rated;
Title: Winter Bird;Episodes: 0;1992;Aired: May 18, 1992 - Oct  9, 1992;Original Network:  SBS;;Content Rating: Not Yet Rated;
Title: To Give Over Campfire;Episodes: 16;1992;Aired: Nov  2, 1992 - Dec 22, 1992;Original Network:  SBS;;Content Rating: Not Yet Rated;
Title: Gwanchon Essay;Episodes: 30;1992;Aired: Nov  9, 1992 - Feb 16, 1993;Original Network:  SBS;;Content Rating: Not Yet Rated;
Title: Tomorrow Love;Episodes: 103;1992;Aired: Nov 10, 1992 - Oct 25, 1994;Original Network:  KBS2;;Content Rating: Not Yet Rated;
Title: Enchantment;Episodes: 13;1992;Aired: Nov 13, 1992 - Feb  5, 1993;Original Network:  MBC;;Content Rating: Not Yet Rated;
Title: Beloved Darling;Episodes: 52;1992;Aired: Nov 18, 1992 - Apr  1, 1993;Original Network:  SBS;;Content Rating: Not Yet Rated;
Title: Wind in the Grass;Episodes: 16;1992;Aired: Nov 23, 1992 - Jan 12, 1993;Original Network:  MBC;;Content Rating: Not Yet Rated;
Title: Our Paradise Season 2;Episodes: 63;1992;Aired: Nov 27, 1992 - Aug 18, 1994;Original Network:  MBC;;Content Rating: Not Yet Rated;
Title: Sons and Daughters;Episodes: 64;1992;Aired: Oct  3, 1992 - May  9, 1993;Original Network:  MBC;;Content Rating: Not Yet Rated;
Title: Autumn Woman;Episodes: 0;1992;Aired: Oct 12, 1992 - Apr  3, 1993;Original Network:  SBS;;Content Rating: Not Yet Rated;
Title: Morning Without Parting;Episodes: 10;1992;Aired: Oct 21, 1992 - Nov 19, 1992;Original Network:  KBS2;;Content Rating: Not Yet Rated;
Title: Ambitions On Sand;Episodes: 50;1992;Aired: Oct 31, 1992 - Apr 18, 1993;Original Network:  SBS;;Content Rating: Not Yet Rated;
Title: The Woman Who Walked on Water;Episodes: 16;1992;Aired: Sep  7, 1992 - Oct 27, 1992;Original Network:  SBS;;Content Rating: Not Yet Rated;
Title: Conditions of Love;Episodes: 0;1993;Aired: Apr  5, 1993 - Sep 24, 1993;Original Network:  SBS;;Content Rating: Not Yet Rated;
Title: Han River Cuckoo;Episodes: 50;1993;Aired: Apr  7, 1993 - Sep 23, 1993;Original Network:  SBS;;Content Rating: Not Yet Rated;
Title: Morning Glory;Episodes: 69;1993;Aired: Apr 12, 1993 - Jul  2, 1993;Original Network:  MBC;;Content Rating: Not Yet Rated;
Title: Puberty;Episodes: 175;1993;Aired: Apr 15, 1993 - Aug 14, 1996;Original Network:  MBC;;Content Rating: Not Yet Rated;
Title: The Break of Dawn;Episodes: 50;1993;Aired: Apr 24, 1993 - Apr 30, 1994;Original Network:  KBS1;;Content Rating: 15+ - Teens 15 or older;
Title: To Live;Episodes: 50;1993;Aired: Apr 24, 1993 - Oct 17, 1993;Original Network:  SBS;;Content Rating: Not Yet Rated;
Title: Iljimae;Episodes: 8;1993;Aired: Aug  9, 1993 - Aug 31, 1993;Original Network:  MBC;;Content Rating: Not Yet Rated;
Title: The Sorrow of the Survivor;Episodes: 16;1993;Aired: Aug 25, 1993 - Oct 14, 1993;Original Network:  KBS2;;Content Rating: Not Yet Rated;
Title: The Third Republic;Episodes: 26;1993;Aired: Feb  7, 1993 - Aug  1, 1993;Original Network:  MBC;;Content Rating: Not Yet Rated;
Title: Hope;Episodes: 0;1993;Aired: Feb 10, 1993 - Apr  1, 1993;Original Network:  KBS2;;Content Rating: Not Yet Rated;
Title: How's Your Husband?;Episodes: 70;1993;Aired: Feb 22, 1993 - Oct 19, 1993;Original Network:  SBS;;Content Rating: Not Yet Rated;
Title: The Sun and The Moon;Episodes: 104;1993;Aired: Jan  4, 1993 - Dec 28, 1993;Original Network:  KBS2;;Content Rating: Not Yet Rated;
Title: Walking to Heaven;Episodes: 16;1993;Aired: Jan 18, 1993 - Mar  9, 1993;Original Network:  MBC;;Content Rating: 15+ - Teens 15 or older;
Title: Three Men, Three Women;Episodes: 50;1993;Aired: Jan 31, 1993 - Jul 19, 1994;Original Network:  SBS;;Content Rating: Not Yet Rated;
Title: Love and Friendship;Episodes: 16;1993;Aired: Jul  5, 1993 - Aug 24, 1993;Original Network:  SBS;;Content Rating: Not Yet Rated;
Title: Secret Sword;Episodes: 10;1993;Aired: Jul 22, 1993 - Aug 19, 1993;Original Network:  KBS2;;Content Rating: Not Yet Rated;
Title: Our Hot Song;Episodes: 20;1993;Aired: Mar  1, 1993 - May  4, 1993;Original Network:  SBS;;Content Rating: Not Yet Rated;
Title: Lovers;Episodes: 50;1993;Aired: May  1, 1993 - Oct 17, 1993;Original Network:  KBS2;;Content Rating: Not Yet Rated;
Title: Please Be Patient on Sundays;Episodes: 100;1993;Aired: May  9, 1993 - Apr  2, 1995;Original Network:  KBS2;;Content Rating: Not Yet Rated;
Title: The World is Mine;Episodes: 16;1993;Aired: May 10, 1993 - Jun 29, 1993;Original Network:  SBS;;Content Rating: Not Yet Rated;
Title: Stormy Season;Episodes: 66;1993;Aired: May 12, 1993 - Dec 30, 1993;Original Network:  MBC;;Content Rating: Not Yet Rated;
Title: Mother's Sea;Episodes: 66;1993;Aired: May 15, 1993 - Dec 26, 1993;Original Network:  MBC;;Content Rating: Not Yet Rated;
Title: Love and Farewell;Episodes: 101;1993;Aired: Nov  1, 1993 - Feb 26, 1994;Original Network:  KBS2;;Content Rating: Not Yet Rated;
Title: The Faraway River;Episodes: 22;1993;Aired: Nov  5, 1993 - Jan 25, 1994;Original Network:  SBS;;Content Rating: Not Yet Rated;
Title: A Woman's Man;Episodes: 16;1993;Aired: Nov  8, 1993 - Dec 28, 1993;Original Network:  MBC;;Content Rating: 15+ - Teens 15 or older;
Title: To the Lovely Others;Episodes: 41;1993;Aired: Oct  6, 1993 - Feb 24, 1994;Original Network:  SBS;;Content Rating: Not Yet Rated;
Title: Sisters;Episodes: 142;1993;Aired: Oct 18, 1993 - Apr  9, 1994;Original Network:  MBC;;Content Rating: Not Yet Rated;
Title: The White Maze;Episodes: 16;1993;Aired: Oct 20, 1993 - Dec  9, 1993;Original Network:  KBS2;;Content Rating: Not Yet Rated;
Title: Dinosaur Teacher;Episodes: 70;1993;Aired: Oct 22, 1993 - Mar  3, 1995;Original Network:  SBS;;Content Rating: Not Yet Rated;
Title: Love and Work;Episodes: 46;1993;Aired: Oct 23, 1993 - Apr  3, 1994;Original Network:  SBS;;Content Rating: Not Yet Rated;
Title: Youth Theater;Episodes: 22;1993;Aired: Oct 23, 1993 - Jan  2, 1994;Original Network:  KBS2;;Content Rating: Not Yet Rated;
Title: Marriage;Episodes: 50;1993;Aired: Oct 25, 1993 - Apr 12, 1994;Original Network:  SBS;;Content Rating: 15+ - Teens 15 or older;
Title: Pilot;Episodes: 16;1993;Aired: Sep 13, 1993 - Nov  2, 1993;Original Network:  MBC;;Content Rating: Not Yet Rated;
Title: A Woman's Mirror;Episodes: 119;1993;Aired: Sep 27, 1993 - Feb 11, 1994;Original Network:  SBS;;Content Rating: Not Yet Rated;
Title: Scent of Love;Episodes: 52;1994;Aired: Apr  9, 1994 - Oct  2, 1994;Original Network:  SBS;;Content Rating: Not Yet Rated;
Title: Adam's City;Episodes: 16;1994;Aired: Apr 11, 1994 - May 31, 1994;Original Network:  MBC;;Content Rating: Not Yet Rated;
Title: Heavenly Wayfarers;Episodes: 153;1994;Aired: Apr 11, 1994 - Oct 15, 1994;Original Network:  MBC;;Content Rating: Not Yet Rated;
Title: General Hospital;Episodes: 92;1994;Aired: Apr 17, 1994 - Mar  3, 1996;Original Network:  MBC;;Content Rating: 15+ - Teens 15 or older;
Title: Here He Comes;Episodes: 16;1994;Aired: Apr 18, 1994 - Jun  7, 1994;Original Network:  SBS;;Content Rating: Not Yet Rated;
Title: M;Episodes: 10;1994;Aired: Aug  1, 1994 - Aug 30, 1994;Original Network:  MBC;;Content Rating: Not Yet Rated;Prime Video Subscription (sub)           Kocowa Subscription (sub)
Title: There Is No Love;Episodes: 33;1994;Aired: Aug 24, 1994 - Dec 14, 1994;Original Network:  SBS;;Content Rating: Not Yet Rated;
Title: Koreiski;Episodes: 22;1994;Aired: Dec 19, 1994 - Mar  7, 1995;Original Network:  MBC;;Content Rating: Not Yet Rated;
Title: I Want Happiness;Episodes: 125;1994;Aired: Feb 14, 1994 - Jul  9, 1994;Original Network:  SBS;;Content Rating: Not Yet Rated;
Title: Rush;Episodes: 0;1994;Aired: Feb 27, 1994 - Jul 10, 1994;Original Network:  SBS;;Content Rating: Not Yet Rated;
Title: Because You're Here;Episodes: 123;1994;Aired: Feb 28, 1994 - Jul 16, 1994;Original Network:  KBS2;;Content Rating: Not Yet Rated;
Title: Han Myung Hoe;Episodes: 105;1994;Aired: Jan  3, 1994 - Dec 27, 1994;Original Network:  KBS2;;Content Rating: Not Yet Rated;
Title: The Final Match;Episodes: 16;1994;Aired: Jan  3, 1994 - Feb 22, 1994;Original Network:  MBC;;Content Rating: Not Yet Rated;
Title: She Burns My Dinner;Episodes: 120;1994;Aired: Jan  3, 1994 - Jun 17, 1994;Original Network:  KBS2;;Content Rating: Not Yet Rated;
Title: Ambition;Episodes: 80;1994;Aired: Jan  5, 1994 - Oct 13, 1994;Original Network:  MBC;;Content Rating: Not Yet Rated;
Title: The Lonely Man;Episodes: 68;1994;Aired: Jan  8, 1994 - Aug 28, 1994;Original Network:  KBS2;;Content Rating: Not Yet Rated;
Title: The Moon of Seoul;Episodes: 82;1994;Aired: Jan  8, 1994 - Oct 16, 1994;Original Network:  MBC;;Content Rating: Not Yet Rated;
Title: Police;Episodes: 16;1994;Aired: Jan 26, 1994 - Mar 24, 1994;Original Network:  KBS2;;Content Rating: Not Yet Rated;
Title: Inside the Matchbox;Episodes: 118;1994;Aired: Jul 11, 1994 - Nov 25, 1994;Original Network:  SBS;;Content Rating: Not Yet Rated;
Title: Too Good To Be True;Episodes: 1;1994;Aired: Jul 13, 1994 - Dec 29, 1994;Original Network:  SBS;;Content Rating: Not Yet Rated;
Title: The Wind Blowing Outside the Window;Episodes: 0;1994;Aired: Jul 18, 1994 - Oct 12, 1994;Original Network:  KBS2;;Content Rating: Not Yet Rated;
Title: Feelings;Episodes: 16;1994;Aired: Jul 20, 1994 - Sep  8, 1994;Original Network:  KBS2;;Content Rating: Not Yet Rated;
Title: Hero's Diary;Episodes: 16;1994;Aired: Jul 25, 1994 - Sep 13, 1994;Original Network:  SBS;;Content Rating: Not Yet Rated;
Title: Love in Your Bosom;Episodes: 16;1994;Aired: Jun  6, 1994 - Jul 26, 1994;Original Network:  MBC;;Content Rating: Not Yet Rated;
Title: Farewell;Episodes: 57;1994;Aired: Jun 13, 1994 - Dec 27, 1994;Original Network:  SBS;;Content Rating: Not Yet Rated;
Title: Close an Eye;Episodes: 0;1994;Aired: Jun 20, 1994 - Sep 30, 1994;Original Network:  KBS2;;Content Rating: Not Yet Rated;
Title: How This Guy Lives;Episodes: 50;1994;Aired: Mar  2, 1994 - Jul  7, 1994;Original Network:  SBS;;Content Rating: Not Yet Rated;
Title: Bluebird;Episodes: 8;1994;Aired: Mar  7, 1994 - Mar 29, 1994;Original Network:  MBC;;Content Rating: Not Yet Rated;
Title: Salut D'Amour;Episodes: 23;1994;Aired: Nov  1, 1994 - Apr 25, 1996;Original Network:  KBS2;;Content Rating: Not Yet Rated;
Title: Partner;Episodes: 163;1994;Aired: Nov 20, 1994 - Jan  4, 1998;Original Network:  MBC;;Content Rating: Not Yet Rated;
Title: That Window;Episodes: 0;1994;Aired: Nov 28, 1994 - May 13, 1995;Original Network:  SBS;;Content Rating: Not Yet Rated;
Title: Way of Living: Woman;Episodes: 64;1994;Aired: Oct  8, 1994 - May  1, 1995;Original Network:  SBS;;Content Rating: Not Yet Rated;
Title: Classroom Blooming with Love;Episodes: 0;1994;Aired: Oct 10, 1994 - Feb 26, 1996;Original Network:  KBS1;;Content Rating: Not Yet Rated;
Title: My Son's Woman;Episodes: 52;1994;Aired: Oct 19, 1994 - Apr 13, 1995;Original Network:  MBC;;Content Rating: Not Yet Rated;
Title: Last Lovers;Episodes: 10;1994;Aired: Oct 31, 1994 - Nov 29, 1994;Original Network:  MBC;;Content Rating: Not Yet Rated;
Title: Daughters of a Rich Family;Episodes: 70;1994;Aired: Sep  3, 1994 - Apr 30, 1995;Original Network:  KBS2;;Content Rating: Not Yet Rated;
Title: Challenge;Episodes: 16;1994;Aired: Sep  5, 1994 - Oct 25, 1994;Original Network:  MBC;;Content Rating: Not Yet Rated;
Title: Looking For the Secret Picture;Episodes: 8;1994;Aired: Sep 14, 1994 - Oct  6, 1994;Original Network:  KBS2;;Content Rating: Not Yet Rated;
Title: What Have You Done Yet;Episodes: 42;1994;Aired: Sep 26, 1994 - Mar  7, 1995;Original Network:  SBS;;Content Rating: Not Yet Rated;
Title: Blowing of the Wind;Episodes: 245;1995;Aired: Apr  3, 1995 - Mar 29, 1996;Original Network:  KBS2;;Content Rating: Not Yet Rated;
Title: Sook Hee;Episodes: 51;1995;Aired: Apr 19, 1995 - Oct 12, 1995;Original Network:  MBC;;Content Rating: Not Yet Rated;
Title: Love and Marriage;Episodes: 48;1995;Aired: Apr 22, 1995 - Oct 15, 1995;Original Network:  MBC;;Content Rating: Not Yet Rated;
Title: Kim Goo;Episodes: 16;1995;Aired: Aug  5, 1995 - Sep 25, 1995;Original Network:  KBS1;;Content Rating: Not Yet Rated;
Title: Son of the Wind;Episodes: 20;1995;Aired: Aug 30, 1995 - Nov  2, 1995;Original Network:  KBS2;;Content Rating: Not Yet Rated;
Title: Love is Blue;Episodes: 16;1995;Aired: Feb  8, 1995 - Mar 30, 1995;Original Network:  SBS;;Content Rating: Not Yet Rated;
Title: Jang Hee Bin;Episodes: 63;1995;Aired: Feb 20, 1995 - Sep 26, 1995;Original Network:  SBS;;Content Rating: Not Yet Rated;
Title: Till We Meet Again;Episodes: 40;1995;Aired: Feb 22, 1995 - Jul  7, 1995;Original Network:  SBS;;Content Rating: Not Yet Rated;
Title: Jang Nok Soo;Episodes: 52;1995;Aired: Jan  2, 1995 - Jun 27, 1995;Original Network:  KBS2;;Content Rating: Not Yet Rated;
Title: Hopeful Sky;Episodes: 63;1995;Aired: Jan  2, 1995 - Mar 31, 1995;Original Network:  KBS1;;Content Rating: Not Yet Rated;
Title: Seoul Nocturne;Episodes: 0;1995;Aired: Jan  4, 1995 - Feb  1, 1995;Original Network:  SBS;;Content Rating: Not Yet Rated;
Title: Sandglass;Episodes: 24;1995;Aired: Jan  9, 1995 - Feb 16, 1995;Original Network:  SBS;;Content Rating: Not Yet Rated;Netflix Subscription
Title: West Palace;Episodes: 52;1995;Aired: Jul  3, 1995 - Dec 26, 1995;Original Network:  KBS2;;Content Rating: Not Yet Rated;
Title: Love Anthem;Episodes: 142;1995;Aired: Jul 10, 1995 - Feb  2, 1996;Original Network:  SBS;;Content Rating: Not Yet Rated;
Title: LA Arirang;Episodes: 265;1995;Aired: Jul 10, 1995 - Jan 28, 1996;Original Network:  SBS;;Content Rating: Not Yet Rated;SBS VOD Free
Title: Inside the Mysterious Mirror;Episodes: 16;1995;Aired: Jul 12, 1995 - Aug 31, 1995;Original Network:  SBS;;Content Rating: Not Yet Rated;
Title: Spider;Episodes: 10;1995;Aired: Jul 31, 1995 - Aug 29, 1995;Original Network:  MBC;;Content Rating: Not Yet Rated;
Title: TV City;Episodes: 15;1995;Aired: Jun  5, 1995 - Jul 25, 1995;Original Network:  MBC;;Content Rating: Not Yet Rated;
Title: Galchae;Episodes: 18;1995;Aired: Mar  8, 1995 - May  4, 1998;Original Network:  KBS2;;Content Rating: Not Yet Rated;
Title: Agatha Christie;Episodes: 16;1995;Aired: Mar 10, 1995 - Jun 30, 1995;Original Network:  SBS;;Content Rating: Not Yet Rated;
Title: Confession;Episodes: 30;1995;Aired: Mar 13, 1995 - Jul  4, 1995;Original Network:  SBS;;Content Rating: Not Yet Rated;
Title: Hotel;Episodes: 16;1995;Aired: Mar 13, 1995 - May  2, 1995;Original Network:  MBC;;Content Rating: Not Yet Rated;
Title: The Gaeseong Era;Episodes: 52;1995;Aired: May  2, 1995 - Apr 28, 1996;Original Network:  KBS2;;Content Rating: Not Yet Rated;
Title: A Sunny Place of the Young;Episodes: 56;1995;Aired: May  6, 1995 - Nov 12, 1995;Original Network:  KBS2;;Content Rating: Not Yet Rated;
Title: Do You Remember Love;Episodes: 8;1995;Aired: May  9, 1995 - May 30, 1995;Original Network:  MBC;;Content Rating: Not Yet Rated;
Title: The Blue Sky;Episodes: 16;1995;Aired: May 10, 1995 - Jun 29, 1995;Original Network:  KBS2;;Content Rating: Not Yet Rated;
Title: Aunt Ock;Episodes: 69;1995;Aired: May 14, 1995 - Dec 31, 1995;Original Network:  SBS;;Content Rating: Not Yet Rated;
Title: Asphalt Man;Episodes: 16;1995;Aired: May 17, 1995 - Jul  6, 1995;Original Network:  SBS;;Content Rating: Not Yet Rated;
Title: Basics of Love;Episodes: 16;1995;Aired: Nov  6, 1995 - Dec 26, 1995;Original Network:  MBC;;Content Rating: Not Yet Rated;
Title: Thaw;Episodes: 16;1995;Aired: Nov  8, 1995 - Dec 28, 1995;Original Network:  SBS;;Content Rating: Not Yet Rated;
Title: Making Men;Episodes: 8;1995;Aired: Nov  8, 1995 - Nov 30, 1995;Original Network:  KBS2;;Content Rating: Not Yet Rated;
Title: Men of the Bath House;Episodes: 83;1995;Aired: Nov 18, 1995 - Sep  1, 1996;Original Network:  KBS2;;Content Rating: Not Yet Rated;
Title: Flames of Ambition;Episodes: 50;1995;Aired: Oct  2, 1995 - Mar 26, 1996;Original Network:  SBS;;Content Rating: Not Yet Rated;
Title: Elegy;Episodes: 60;1995;Aired: Oct  9, 1995 - Mar 22, 1996;Original Network:  SBS;;Content Rating: Not Yet Rated;
Title: Yeoul;Episodes: 120;1995;Aired: Oct 16, 1995 - Mar  2, 1996;Original Network:  KBS2;;Content Rating: Not Yet Rated;
Title: War And Love;Episodes: 0;1995;Aired: Oct 18, 1995 - Jan 11, 1996;Original Network:  MBC;;Content Rating: Not Yet Rated;
Title: The Fourth Republic;Episodes: 30;1995;Aired: Oct 18, 1995 - Jan 25, 1996;Original Network:  MBC;;Content Rating: Not Yet Rated;
Title: Apartment;Episodes: 54;1995;Aired: Oct 21, 1995 - Apr 21, 1996;Original Network:  MBC;;Content Rating: Not Yet Rated;
Title: Korea Gate;Episodes: 20;1995;Aired: Oct 25, 1995 - Dec 23, 1995;Original Network:  SBS;;Content Rating: Not Yet Rated;
Title: Brilliant Dawn;Episodes: 100;1995;Aired: Oct 28, 1995 - Nov 23, 1996;Original Network:  KBS1;;Content Rating: Not Yet Rated;
Title: Woman;Episodes: 16;1995;Aired: Sep  4, 1995 - Oct 24, 1995;Original Network:  MBC;;Content Rating: Not Yet Rated;
Title: Jazz;Episodes: 16;1995;Aired: Sep  6, 1995 - Oct 26, 1995;Original Network:  SBS;;Content Rating: Not Yet Rated;
Title: Until We Can Love;Episodes: 231;1996;Aired: Apr  1, 1996 - Feb 28, 1997;Original Network:  KBS2;;Content Rating: Not Yet Rated;
Title: Full Heart;Episodes: 63;1996;Aired: Apr  1, 1996 - Nov  5, 1996;Original Network:  SBS;;Content Rating: Not Yet Rated;
Title: Thief;Episodes: 16;1996;Aired: Apr 17, 1996 - Jun  6, 1996;Original Network:  SBS;;Content Rating: Not Yet Rated;
Title: Scent of an Apple;Episodes: 44;1996;Aired: Apr 24, 1996 - Oct 10, 1996;Original Network:  MBC;;Content Rating: Not Yet Rated;
Title: Sibling Relations;Episodes: 25;1996;Aired: Apr 27, 1996 - Jul 28, 1996;Original Network:  MBC;;Content Rating: Not Yet Rated;
Title: Dangerous Love;Episodes: 10;1996;Aired: Aug  3, 1996 - Sep  1, 1996;Original Network:  MBC;;Content Rating: Not Yet Rated;
Title: August Bride;Episodes: 16;1996;Aired: Aug  7, 1996 - Sep 25, 1996;Original Network:  SBS;;Content Rating: Not Yet Rated;
Title: The Most Beautiful Goodbye in the World;Episodes: 4;1996;Aired: Dec  2, 1996 - Dec  3, 1996;Original Network:  MBC;;Content Rating: Not Yet Rated;
Title: Power of Love;Episodes: 42;1996;Aired: Dec  7, 1996 - Apr 20, 1997;Original Network:  MBC;;Content Rating: Not Yet Rated;
Title: The Bicycle Riding Woman;Episodes: 141;1996;Aired: Feb  5, 1996 - Aug 30, 1996;Original Network:  SBS;;Content Rating: Not Yet Rated;
Title: Their Embrace;Episodes: 16;1996;Aired: Feb 26, 1996 - Apr 23, 1996;Original Network:  MBC;;Content Rating: Not Yet Rated;
Title: Jo Gwang Jo;Episodes: 52;1996;Aired: Jan  1, 1996 - Jun 25, 1996;Original Network:  KBS2;;Content Rating: Not Yet Rated;
Title: Papa;Episodes: 18;1996;Aired: Jan  3, 1996 - Feb 29, 1996;Original Network:  KBS2;;Content Rating: Not Yet Rated;
Title: Star;Episodes: 12;1996;Aired: Jan  8, 1996 - Feb 13, 1996;Original Network:  MBC;;Content Rating: Not Yet Rated;
Title: In The Name of Love;Episodes: 28;1996;Aired: Jan 10, 1996 - Apr 10, 1996;Original Network:  SBS;;Content Rating: Not Yet Rated;
Title: Why Not Divorce;Episodes: 24;1996;Aired: Jan 31, 1996 - Apr 18, 1996;Original Network:  MBC;;Content Rating: Not Yet Rated;
Title: Icing;Episodes: 17;1996;Aired: Jul  1, 1996 - Aug 27, 1996;Original Network:  MBC;;Content Rating: 15+ - Teens 15 or older;
Title: Yes, Sir;Episodes: 18;1996;Aired: Jul  1, 1996 - Aug 27, 1996;Original Network:  KBS2;;Content Rating: Not Yet Rated;
Title: Dad Is the Boss;Episodes: 0;1996;Aired: Jul  1, 1996 - Feb 28, 1997;Original Network:  SBS;;Content Rating: Not Yet Rated;
Title: A Faraway Nation;Episodes: 48;1996;Aired: Jul 18, 1996 - Feb 27, 1997;Original Network:  KBS2;;Content Rating: 15+ - Teens 15 or older;
Title: Beginning of Happiness;Episodes: 47;1996;Aired: Jul 20, 1996 - Dec 29, 1996;Original Network:  SBS;;Content Rating: Not Yet Rated;
Title: A Morning in Paris Park;Episodes: 102;1996;Aired: Jun 10, 1996 - Oct 12, 1996;Original Network:  KBS2;;Content Rating: Not Yet Rated;
Title: Expedition of Men;Episodes: 16;1996;Aired: Jun 12, 1996 - Aug  1, 1996;Original Network:  SBS;;Content Rating: Not Yet Rated;
Title: Hometown Legends;Episodes: 24;1996;Aired: Jun 26, 1996 - Sep 12, 1996;Original Network:  KBS1;;Content Rating: Not Yet Rated;
Title: Salted Mackerel;Episodes: 174;1996;Aired: Mar  4, 1996 - Nov  8, 1996;Original Network:  MBC;;Content Rating: Not Yet Rated;
Title: Project;Episodes: 16;1996;Aired: Mar  6, 1996 - Apr 25, 1996;Original Network:  KBS2;;Content Rating: Not Yet Rated;
Title: Im Kkeok Jung;Episodes: 44;1996;Aired: Nov 10, 1996 - Apr  6, 1997;Original Network:  SBS;;Content Rating: Not Yet Rated;
Title: When Salmon Returns;Episodes: 40;1996;Aired: Nov 11, 1996 - Apr  1, 1997;Original Network:  SBS;;Content Rating: Not Yet Rated;
Title: Tears of the Dragon;Episodes: 159;1996;Aired: Nov 24, 1996 - May 31, 1998;Original Network:  KBS1;;Content Rating: Not Yet Rated;
Title: The Brothers' River;Episodes: 54;1996;Aired: Oct  2, 1996 - Apr  3, 1997;Original Network:  SBS;;Content Rating: Not Yet Rated;
Title: Start;Episodes: 0;1996;Aired: Oct  5, 1996 - Oct  7, 1997;Original Network:;;Content Rating: Not Yet Rated;
Title: Mom's Out Of Town;Episodes: 12;1996;Aired: Oct  7, 1996 - Nov 12, 1996;Original Network:  KBS2;;Content Rating: Not Yet Rated;
Title: Three Guys and Three Girls;Episodes: 617;1996;Aired: Oct 21, 1996 - May 28, 1999;Original Network:  MBC;;Content Rating: Not Yet Rated;
Title: Mimang;Episodes: 56;1996;Aired: Oct 23, 1996 - May  1, 1997;Original Network:  MBC;;Content Rating: Not Yet Rated;
Title: Splendid Holiday;Episodes: 10;1996;Aired: Oct 28, 1996 - Nov 26, 1996;Original Network:  MBC;;Content Rating: Not Yet Rated;
Title: Mom's Flag;Episodes: 120;1996;Aired: Sep  2, 1996 - Feb 28, 1997;Original Network:  SBS;;Content Rating: Not Yet Rated;
Title: Lover;Episodes: 16;1996;Aired: Sep  2, 1996 - Oct 22, 1996;Original Network:  MBC;;Content Rating: Not Yet Rated;
Title: First Love;Episodes: 66;1996;Aired: Sep  7, 1996 - Apr 20, 1997;Original Network:  KBS2;;Content Rating: Not Yet Rated;
Title: Open Your Heart;Episodes: 24;1996;Aired: Sep  7, 1996 - Nov 24, 1996;Original Network:  MBC;;Content Rating: Not Yet Rated;
Title: Sometimes Like Strangers;Episodes: 0;1996;Aired: Sep 16, 1996 - Feb 28, 1997;Original Network:  SBS;;Content Rating: Not Yet Rated;
Title: Women;Episodes: 53;1997;Aired: Apr  7, 1997 - Oct  7, 1997;Original Network:  SBS;;Content Rating: Not Yet Rated;
Title: Model;Episodes: 36;1997;Aired: Apr  9, 1997 - Aug  7, 1997;Original Network:  SBS;;Content Rating: G - All Ages;
Title: Beautiful My Lady;Episodes: 16;1997;Aired: Apr 19, 1997 - Jun  8, 1997;Original Network:  SBS;;Content Rating: Not Yet Rated;
Title: Cinderella;Episodes: 24;1997;Aired: Apr 26, 1997 - Jul 13, 1997;Original Network:  MBC;;Content Rating: Not Yet Rated;
Title: A Bluebird Has It;Episodes: 64;1997;Aired: Apr 26, 1997 - Nov 30, 1997;Original Network:  KBS2;;Content Rating: Not Yet Rated;
Title: Only You;Episodes: 127;1997;Aired: Aug  4, 1997 - Dec 31, 1997;Original Network:  SBS;;Content Rating: Not Yet Rated;
Title: Love and Separation;Episodes: 122;1997;Aired: Aug  4, 1997 - Jan  3, 1998;Original Network:  MBC;;Content Rating: Not Yet Rated;
Title: Tears of Roses;Episodes: 16;1997;Aired: Aug 31, 1997 - Oct 22, 1997;Original Network:  SBS;;Content Rating: Not Yet Rated;
Title: Revenge and Passion;Episodes: 16;1997;Aired: Dec  1, 1997 - Jan 27, 1998;Original Network:  MBC;;Content Rating: Not Yet Rated;
Title: Wedding Dress;Episodes: 22;1997;Aired: Dec  6, 1997 - Feb 15, 1998;Original Network:  KBS2;;Content Rating: Not Yet Rated;
Title: White Christmas;Episodes: 8;1997;Aired: Dec 17, 1997 - Jan  8, 1998;Original Network:  SBS;;Content Rating: Not Yet Rated;
Title: Palace of Dreams;Episodes: 52;1997;Aired: Jan  4, 1997 - Jun 29, 1997;Original Network:  SBS;;Content Rating: Not Yet Rated;
Title: Angel in My Heart;Episodes: 16;1997;Aired: Jan  6, 1997 - Feb 27, 1998;Original Network:  KBS2;;Content Rating: Not Yet Rated;
Title: Medical Brothers;Episodes: 16;1997;Aired: Jan 13, 1997 - Mar  4, 1997;Original Network:  MBC;;Content Rating: Not Yet Rated;
Title: Woman Next Door;Episodes: 38;1997;Aired: Jul  5, 1997 - Nov  9, 1997;Original Network:  SBS;;Content Rating: Not Yet Rated;
Title: The Bridal Room;Episodes: 180;1997;Aired: Jul  7, 1997 - Jan 31, 1998;Original Network:  KBS2;;Content Rating: Not Yet Rated;
Title: Yesterday;Episodes: 21;1997;Aired: Jul 19, 1997 - Oct  5, 1997;Original Network:  MBC;;Content Rating: Not Yet Rated;
Title: Fireworks;Episodes: 6;1997;Aired: Jul 21, 1997 - Aug 12, 1997;Original Network:  MBC;;Content Rating: Not Yet Rated;
Title: Propose;Episodes: 14;1997;Aired: Jun  9, 1997 - Jul 22, 1997;Original Network:  KBS2;;Content Rating: Not Yet Rated;
Title: Into The Storm;Episodes: 14;1997;Aired: Mar  3, 1997 - Apr 15, 1997;Original Network:  KBS2;;Content Rating: Not Yet Rated;
Title: Song Just Once;Episodes: 130;1997;Aired: Mar  3, 1997 - Aug  2, 1997;Original Network:  SBS;;Content Rating: Not Yet Rated;
Title: Because I Really;Episodes: 257;1997;Aired: Mar  3, 1997 - Mar 13, 1998;Original Network:  KBS2;;Content Rating: Not Yet Rated;
Title: Sea of Ambition;Episodes: 56;1997;Aired: Mar  5, 1997 - Sep 11, 1997;Original Network:  KBS2;;Content Rating: Not Yet Rated;
Title: Star in My Heart;Episodes: 16;1997;Aired: Mar 10, 1997 - Apr 29, 1997;Original Network:  MBC;;Content Rating: Not Yet Rated;
Title: The Reason I Live;Episodes: 44;1997;Aired: May  7, 1997 - Oct  2, 1997;Original Network:  MBC;;Content Rating: Not Yet Rated;
Title: Miss and Mister;Episodes: 0;1997;Aired: May 26, 1997 - Oct 15, 1997;Original Network:  SBS;;Content Rating: Not Yet Rated;
Title: Mr. Right;Episodes: 14;1997;Aired: Nov 17, 1997 - Dec 30, 1997;Original Network:  KBS2;;Content Rating: Not Yet Rated;
Title: Beautiful Sin;Episodes: 30;1997;Aired: Nov 22, 1997 - Mar  1, 1998;Original Network:  SBS;;Content Rating: Not Yet Rated;
Title: Snail;Episodes: 16;1997;Aired: Oct  8, 1997 - Dec 11, 1997;Original Network:  SBS;;Content Rating: Not Yet Rated;
Title: You and I;Episodes: 58;1997;Aired: Oct 11, 1997 - Apr 26, 1998;Original Network:  MBC;;Content Rating: Not Yet Rated;
Title: My Lady;Episodes: 50;1997;Aired: Oct 11, 1997 - Mar 29, 1998;Original Network:  KBS2;;Content Rating: Not Yet Rated;
Title: Myth of a Hero;Episodes: 23;1997;Aired: Oct 15, 1997 - Jan 22, 1998;Original Network:  MBC;;Content Rating: Not Yet Rated;
Title: Because I Love You;Episodes: 50;1997;Aired: Oct 27, 1997 - Apr 14, 1998;Original Network:  SBS;;Content Rating: Not Yet Rated;
Title: When She Beckons;Episodes: 38;1997;Aired: Sep 24, 1997 - Feb 28, 1998;Original Network:  KBS2;;Content Rating: Not Yet Rated;
Title: Premonition;Episodes: 16;1997;Aired: Sep 29, 1997 - Nov 25, 1997;Original Network:  MBC;;Content Rating: Not Yet Rated;
Title: To the End of the World;Episodes: 16;1998;Aired: Apr  6, 1998 - May 26, 1998;Original Network:  MBC;;Content Rating: Not Yet Rated;
Title: Legend of Ambition;Episodes: 60;1998;Aired: Apr 11, 1998 - Oct 25, 1998;Original Network:  KBS2;;Content Rating: 15+ - Teens 15 or older;
Title: King of the Wind;Episodes: 34;1998;Aired: Apr 15, 1998 - Aug 13, 1998;Original Network:  MBC;;Content Rating: Not Yet Rated;
Title: Song of The Wind;Episodes: 30;1998;Aired: Apr 20, 1998 - Jul 28, 1998;Original Network:  SBS;;Content Rating: Not Yet Rated;
Title: Woman To Woman;Episodes: 1;1998;Aired: Apr 26, 1998 - Oct 10, 1999;Original Network:  MBC;;Content Rating: Not Yet Rated;
Title: Romance;Episodes: 24;1998;Aired: Aug  5, 1998 - Oct 25, 1998;Original Network:  SBS;;Content Rating: Not Yet Rated;
Title: Purity;Episodes: 16;1998;Aired: Aug 17, 1998 - Oct  5, 1998;Original Network:  KBS2;;Content Rating: Not Yet Rated;
Title: Seven Brides;Episodes: 40;1998;Aired: Aug 17, 1998 - Oct 16, 1998;Original Network:  SBS;;Content Rating: Not Yet Rated;
Title: Barefoot Run;Episodes: 8;1998;Aired: Aug 17, 1998 - Sep  8, 1998;Original Network:  MBC;;Content Rating: Not Yet Rated;
Title: My Love by My Side;Episodes: 155;1998;Aired: Aug 31, 1998 - Apr  2, 1999;Original Network:  KBS1;;Content Rating: Not Yet Rated;
Title: White Nights 3.98;Episodes: 20;1998;Aired: Aug 31, 1998 - Nov  3, 1998;Original Network:  SBS;;Content Rating: Not Yet Rated;
Title: The Solid Man;Episodes: 8;1998;Aired: Dec  9, 1998 - Dec 31, 1998;Original Network:  SBS;;Content Rating: Not Yet Rated;
Title: Angel's Kiss;Episodes: 18;1998;Aired: Dec 14, 1998 - Feb  9, 1999;Original Network:  KBS2;;Content Rating: Not Yet Rated;
Title: Love;Episodes: 16;1998;Aired: Feb  1, 1998 - Mar 24, 1998;Original Network:  MBC;;Content Rating: Not Yet Rated;
Title: Married 7 Years;Episodes: 127;1998;Aired: Feb  2, 1998 - Jun 27, 1998;Original Network:  KBS2;;Content Rating: Not Yet Rated;
Title: The Barefoot Youth;Episodes: 16;1998;Aired: Feb  2, 1998 - Mar 24, 1998;Original Network:  KBS2;;Content Rating: Not Yet Rated;
Title: Six Siblings;Episodes: 100;1998;Aired: Feb  4, 1998 - Dec 17, 1999;Original Network:  MBC;;Content Rating: Not Yet Rated;
Title: Shadows of an Old Love;Episodes: 8;1998;Aired: Feb 25, 1998 - Mar 19, 1998;Original Network:  SBS;;Content Rating: Not Yet Rated;
Title: Three Kim Generation;Episodes: 24;1998;Aired: Feb 28, 1998 - May 17, 1998;Original Network:  SBS;;Content Rating: Not Yet Rated;
Title: Red Azalea;Episodes: 8;1998;Aired: Jan  5, 1998 - Jan 28, 1998;Original Network:  KBS2;;Content Rating: Not Yet Rated;
Title: I Only Know Love;Episodes: 113;1998;Aired: Jan 11, 1998 - Mar 12, 2000;Original Network:  MBC;;Content Rating: Not Yet Rated;
Title: Hong Gil Dong;Episodes: 16;1998;Aired: Jul 22, 1998 - Sep 10, 1998;Original Network:  SBS;;Content Rating: Not Yet Rated;
Title: Memories;Episodes: 22;1998;Aired: Jun  1, 1998 - Aug 11, 1998;Original Network:  MBC;;Content Rating: Not Yet Rated;
Title: Mr. Q;Episodes: 18;1998;Aired: Jun  1, 1998 - Jul 16, 1998;Original Network:  SBS;;Content Rating: Not Yet Rated;
Title: The King and the Queen;Episodes: 186;1998;Aired: Jun  6, 1998 - Mar 25, 2000;Original Network:  KBS1;;Content Rating: Not Yet Rated;
Title: Panther of Kilimanjaro;Episodes: 7;1998;Aired: Jun  8, 1998 - Jun 30, 1998;Original Network:  KBS2;;Content Rating: Not Yet Rated;
Title: Soonpoong Clinic;Episodes: 682;1998;Aired: Mar  2, 1998 - Dec  1, 2000;Original Network:  SBS;;Content Rating: Not Yet Rated;
Title: Can't Take My Eyes Off You;Episodes: 273;1998;Aired: Mar  3, 1998 - Apr  2, 1999;Original Network:  MBC;;Content Rating: Not Yet Rated;
Title: I Love You I Love You;Episodes: 44;1998;Aired: Mar  7, 1998 - Aug  2, 1998;Original Network:  SBS;;Content Rating: Not Yet Rated;
Title: Mom's Daughter;Episodes: 155;1998;Aired: Mar 23, 1998 - Sep 19, 1998;Original Network:  SBS;;Content Rating: Not Yet Rated;
Title: Steal My Heart;Episodes: 16;1998;Aired: Mar 25, 1998 - May 14, 1998;Original Network:  SBS;;Content Rating: Not Yet Rated;
Title: The Lie;Episodes: 20;1998;Aired: Mar 30, 1998 - Jun  2, 1998;Original Network:  KBS2;;Content Rating: Not Yet Rated;
Title: Heart of Lies;Episodes: 39;1998;Aired: May  2, 1998 - Sep 13, 1998;Original Network:  MBC;;Content Rating: Not Yet Rated;
Title: Ready Go!;Episodes: 8;1998;Aired: Nov  7, 1998 - Jan 11, 1998;Original Network:  MBC;;Content Rating: Not Yet Rated;
Title: Advocate;Episodes: 16;1998;Aired: Nov  9, 1998 - Dec 28, 1998;Original Network:  MBC;;Content Rating: Not Yet Rated;
Title: Eun Shil;Episodes: 70;1998;Aired: Nov  9, 1998 - Jul  6, 1999;Original Network:  SBS;;Content Rating: Not Yet Rated;
Title: Sunflower;Episodes: 16;1998;Aired: Nov 25, 1998 - Jan 21, 1999;Original Network:  MBC;;Content Rating: Not Yet Rated;
Title: Crush;Episodes: 16;1998;Aired: Oct 12, 1998 - Dec  1, 1998;Original Network:  KBS2;;Content Rating: Not Yet Rated;
Title: How Am I;Episodes: 136;1998;Aired: Oct 19, 1998 - May 24, 1999;Original Network:  SBS;;Content Rating: Not Yet Rated;
Title: Vectorman: Warriors of the Earth;Episodes: 13;1998;Aired: Oct 30, 1998 - Jan 22, 1999;Original Network:  KBS2;;Content Rating: Not Yet Rated;
Title: Letters Written on a Cloudy Day;Episodes: 30;1998;Aired: Oct 31, 1998 - Feb  7, 1999;Original Network:  SBS;;Content Rating: Not Yet Rated;
Title: Paper Crane;Episodes: 54;1998;Aired: Oct 31, 1998 - May  2, 1999;Original Network:  KBS2;;Content Rating: Not Yet Rated;
Title: Aim for Tomorrow;Episodes: 16;1998;Aired: Sep 14, 1998 - Nov  3, 1998;Original Network:  MBC;;Content Rating: Not Yet Rated;
Title: Winners;Episodes: 24;1998;Aired: Sep 16, 1998 - Dec  3, 1998;Original Network:  SBS;;Content Rating: Not Yet Rated;
Title: Blushing With Love;Episodes: 20;1998;Aired: Sep 16, 1998 - Nov 19, 1998;Original Network:  MBC;;Content Rating: Not Yet Rated;
Title: Love and Success;Episodes: 49;1998;Aired: Sep 19, 1998 - Mar  9, 1999;Original Network:  MBC;;Content Rating: Not Yet Rated;
Title: Eun Ah's Garden;Episodes: 170;1998;Aired: Sep 21, 1998 - Apr  3, 1999;Original Network:  KBS1;;Content Rating: G - All Ages;
Title: Hug;Episodes: 88;1998;Aired: Sep 21, 1998 - Dec 31, 1998;Original Network:  SBS;;Content Rating: Not Yet Rated;
Title: The Boss;Episodes: 28;1999;Aired: Apr  5, 1999 - Jul  6, 1999;Original Network:  MBC;;Content Rating: Not Yet Rated;
Title: You're One-of-a-Kind;Episodes: 133;1999;Aired: Apr  5, 1999 - Oct  8, 1999;Original Network:  MBC;;Content Rating: Not Yet Rated;
Title: People's House;Episodes: 145;1999;Aired: Apr  5, 1999 - Oct 15, 1999;Original Network:  KBS1;;Content Rating: Not Yet Rated;
Title: TV Novel: You;Episodes: 132;1999;Aired: Apr  5, 1999 - Sep 25, 1999;Original Network:  KBS2;;Content Rating: Not Yet Rated;
Title: The Song of Hope;Episodes: 16;1999;Aired: Apr 19, 1999 - Jun  8, 1999;Original Network:  KBS2;;Content Rating: Not Yet Rated;
Title: Tomato;Episodes: 16;1999;Aired: Apr 21, 1999 - Jun 10, 1999;Original Network:  SBS;;Content Rating: Not Yet Rated;
Title: Wave;Episodes: 70;1999;Aired: Apr 24, 1999 - Dec 26, 1999;Original Network:  SBS;;Content Rating: Not Yet Rated;
Title: Vectorman: Warriors of the Earth Season 2;Episodes: 13;1999;Aired: Aug  6, 1999 - Nov 19, 1999;Original Network:  KBS2,  Tooniverse;;Content Rating: Not Yet Rated;
Title: Queen;Episodes: 16;1999;Aired: Aug 11, 1999 - Sep 30, 1999;Original Network:  SBS;;Content Rating: Not Yet Rated;
Title: Scorched Rice Teacher and Seven Potatoes;Episodes: 114;1999;Aired: Aug 30, 1999 - Feb 25, 2000;Original Network:  KBS2;;Content Rating: Not Yet Rated;
Title: 8 Love Stories;Episodes: 16;1999;Aired: Dec  1, 1999 - Jan 27, 2000;Original Network:  SBS;;Content Rating: Not Yet Rated;SBS VOD Free
Title: Young Sun;Episodes: 20;1999;Aired: Feb 13, 1999 - Apr 18, 1999;Original Network:  SBS;;Content Rating: Not Yet Rated;
Title: School;Episodes: 16;1999;Aired: Feb 22, 1999 - Apr 13, 1999;Original Network:  KBS2;;Content Rating: 15+ - Teens 15 or older;KBS Drama Classic Free            Prime Video Subscription (sub)           Kocowa Subscription (sub)
Title: When Time Flows;Episodes: 8;1999;Aired: Jan  4, 1999 - Jan 26, 1999;Original Network:  MBC;;Content Rating: Not Yet Rated;
Title: Now is the Time to Love;Episodes: 117;1999;Aired: Jan  4, 1999 - May 22, 1999;Original Network:  SBS;;Content Rating: Not Yet Rated;
Title: House Above the Waves;Episodes: 0;1999;Aired: Jan  6, 1999 - Jan 14, 1999;Original Network:  SBS;;Content Rating: Not Yet Rated;
Title: Kaist;Episodes: 81;1999;Aired: Jan 24, 1999 - Oct  8, 2000;Original Network:  SBS;;Content Rating: Not Yet Rated;SBS VOD Free
Title: Trap of Youth;Episodes: 24;1999;Aired: Jan 27, 1999 - Apr 15, 1999;Original Network:  SBS;;Content Rating: Not Yet Rated;
Title: Did We Really Love?;Episodes: 44;1999;Aired: Jan 27, 1999 - Jun 24, 1999;Original Network:  MBC;;Content Rating: 15+ - Teens 15 or older;
Title: Ghost;Episodes: 16;1999;Aired: Jul  6, 1999 - Aug 31, 1999;Original Network:  SBS;;Content Rating: Not Yet Rated;
Title: Should My Tears Show;Episodes: 16;1999;Aired: Jul  7, 1999 - Aug 26, 1999;Original Network:  MBC;;Content Rating: Not Yet Rated;
Title: Last War;Episodes: 0;1999;Aired: Jul 12, 1999 - Sep  7, 1999;Original Network:  MBC;;Content Rating: Not Yet Rated;
Title: Happy Together;Episodes: 16;1999;Aired: Jun 16, 1999 - Aug  5, 1999;Original Network:  SBS;;Content Rating: Not Yet Rated;
Title: Springtime;Episodes: 10;1999;Aired: Mar  1, 1999 - Mar 30, 1999;Original Network:  MBC;;Content Rating: Not Yet Rated;
Title: Roses and Bean Sprout;Episodes: 51;1999;Aired: Mar 13, 1999 - Sep  5, 1999;Original Network:  MBC;;Content Rating: Not Yet Rated;
Title: Kwangki;Episodes: 36;1999;Aired: May  4, 1999 - Jan  3, 2000;Original Network:  KBS2;;Content Rating: Not Yet Rated;
Title: School 2;Episodes: 42;1999;Aired: May  8, 1999 - Feb 27, 2000;Original Network:  KBS1;;Content Rating: 15+ - Teens 15 or older;Kocowa Subscription (sub)
Title: Humaneness;Episodes: 56;1999;Aired: May  8, 1999 - Nov 14, 1999;Original Network:  KBS2;;Content Rating: Not Yet Rated;
Title: Jump;Episodes: 164;1999;Aired: May 31, 1999 - Feb 11, 2000;Original Network:  MBC;;Content Rating: Not Yet Rated;
Title: March;Episodes: 260;1999;Aired: May 31, 1999 - Oct 13, 2000;Original Network:  SBS;;Content Rating: Not Yet Rated;
Title: You Don't Know My Feelings;Episodes: 52;1999;Aired: Nov  6, 1999 - Apr 30, 2000;Original Network:  MBC;;Content Rating: Not Yet Rated;
Title: Magic Castle;Episodes: 14;1999;Aired: Nov 15, 1999 - Dec 28, 1999;Original Network:  KBS2;;Content Rating: Not Yet Rated;
Title: Did You Ever Love?;Episodes: 36;1999;Aired: Nov 20, 1999 - Mar 19, 2000;Original Network:  KBS2;;Content Rating: Not Yet Rated;
Title: Hur Jun;Episodes: 64;1999;Aired: Nov 22, 1999 - Jun 27, 2000;Original Network:  MBC;;Content Rating: Not Yet Rated;
Title: Crystal;Episodes: 16;1999;Aired: Oct  6, 1999 - Nov 25, 1999;Original Network:  SBS;;Content Rating: Not Yet Rated;
Title: Days of Delight;Episodes: 133;1999;Aired: Oct 11, 1999 - Apr 21, 2000;Original Network:  MBC;;Content Rating: Not Yet Rated;
Title: Cello;Episodes: 118;1999;Aired: Oct 11, 1999 - Feb 26, 2000;Original Network:  SBS;;Content Rating: Not Yet Rated;
Title: Sweet Bride;Episodes: 26;1999;Aired: Oct 17, 1999 - Apr 16, 2000;Original Network:  SBS;;Content Rating: Not Yet Rated;
Title: Mannam;Episodes: 143;1999;Aired: Oct 18, 1999 - Apr  8, 2000;Original Network:  KBS1;;Content Rating: Not Yet Rated;
Title: Rising Sun, Rising Moon;Episodes: 140;1999;Aired: Oct 18, 1999 - Apr 28, 2000;Original Network:  KBS1;;Content Rating: Not Yet Rated;
Title: Marriage Clinic, Love & War;Episodes: 479;1999;Aired: Oct 22, 1999 - Apr 17, 2009;Original Network:  KBS2;;Content Rating: 18+ Restricted (violence & profanity);
Title: Into the Sunlight;Episodes: 16;1999;Aired: Oct 27, 1999 - Dec 23, 1999;Original Network:  MBC;;Content Rating: Not Yet Rated;
Title: Goodbye My Love;Episodes: 16;1999;Aired: Sep  1, 1999 - Oct 21, 1999;Original Network:  MBC;;Content Rating: Not Yet Rated;
Title: Who Are You?;Episodes: 248;1999;Aired: Sep  6, 1999 - Sep 15, 2000;Original Network:  SBS;;Content Rating: Not Yet Rated;
Title: Loving You;Episodes: 16;1999;Aired: Sep 11, 1999 - Oct 31, 1999;Original Network:  MBC;;Content Rating: Not Yet Rated;
Title: I'll Show You the Taste;Episodes: 50;1999;Aired: Sep 13, 1999 - Feb 28, 2000;Original Network:  SBS;;Content Rating: Not Yet Rated;
Title: Kuk Hee;Episodes: 20;1999;Aired: Sep 13, 1999 - Nov 16, 1999;Original Network:  MBC;;Content Rating: Not Yet Rated;
Title: Invitation;Episodes: 18;1999;Aired: Sep 20, 1999 - Nov  9, 1999;Original Network:  KBS2;;Content Rating: Not Yet Rated;
Title: Emperor Wang Gun;Episodes: 200;2000;Aired: Apr  1, 2000 - Feb 24, 2002;Original Network:  KBS1;;Content Rating: 15+ - Teens 15 or older;
Title: Virtue;Episodes: 74;2000;Aired: Apr 22, 2000 - Dec 31, 2000;Original Network:  SBS;;Content Rating: Not Yet Rated;
Title: Foolish Love;Episodes: 20;2000;Aired: Apr 24, 2000 - Jun 27, 2000;Original Network:  KBS2;;Content Rating: Not Yet Rated;
Title: Because of You;Episodes: 114;2000;Aired: Apr 24, 2000 - Oct 13, 2000;Original Network:  MBC;;Content Rating: Not Yet Rated;
Title: All About Eve;Episodes: 20;2000;Aired: Apr 26, 2000 - Jul  6, 2000;Original Network:  MBC;;Content Rating: 15+ - Teens 15 or older;
Title: Great Great;Episodes: 22;2000;Aired: Apr 30, 2000 - Oct 15, 2000;Original Network:  SBS;;Content Rating: Not Yet Rated;
Title: The More I Love You;Episodes: 147;2000;Aired: Aug  7, 2000 - Feb  3, 2001;Original Network:  MBC;;Content Rating: Not Yet Rated;
Title: Daddy Fish;Episodes: 4;2000;Aired: Dec  8, 2000 - Dec  9, 2000;Original Network:  MBC;;Content Rating: Not Yet Rated;
Title: Rookie;Episodes: 16;2000;Aired: Dec 11, 2000 - Jan 30, 2001;Original Network:  SBS;;Content Rating: Not Yet Rated;
Title: The Unstoppables;Episodes: 293;2000;Aired: Dec 18, 2000 - Feb 22, 2000;Original Network:  SBS;;Content Rating: Not Yet Rated;
Title: Fireworks;Episodes: 32;2000;Aired: Feb  2, 2000 - May 18, 2000;Original Network:  SBS;;Content Rating: Not Yet Rated;
Title: Three Friends;Episodes: 58;2000;Aired: Feb 14, 2000 - Apr  9, 2001;Original Network:  MBC;;Content Rating: Not Yet Rated;
Title: My Funk Family;Episodes: 60;2000;Aired: Feb 14, 2000 - May 12, 2000;Original Network:  MBC;;Content Rating: Not Yet Rated;
Title: Look Back in Anger;Episodes: 16;2000;Aired: Feb 28, 2000 - Apr 18, 2000;Original Network:  KBS2;;Content Rating: Not Yet Rated;
Title: Nice Man;Episodes: 104;2000;Aired: Feb 28, 2000 - Jul  1, 2000;Original Network:  SBS;;Content Rating: Not Yet Rated;
Title: Wang Rung's Land;Episodes: 32;2000;Aired: Jan  1, 2000 - Apr 16, 2000;Original Network:  SBS;;Content Rating: Not Yet Rated;
Title: She's the One;Episodes: 16;2000;Aired: Jan  3, 2000 - Feb 22, 2000;Original Network:  KBS2;;Content Rating: Not Yet Rated;
Title: Gibbs Family;Episodes: 17;2000;Aired: Jan  7, 2000 - May 12, 2000;Original Network:  MBC;;Content Rating: Not Yet Rated;
Title: Some Like It Hot;Episodes: 17;2000;Aired: Jul 10, 2000 - Sep  5, 2000;Original Network:  MBC;;Content Rating: Not Yet Rated;
Title: Mr. Duke;Episodes: 16;2000;Aired: Jul 12, 2000 - Sep  7, 2000;Original Network:  MBC;;Content Rating: Not Yet Rated;
Title: RNA;Episodes: 16;2000;Aired: Jul 17, 2000 - Sep  5, 2000;Original Network:  KBS2;;Content Rating: Not Yet Rated;
Title: SWAT Police;Episodes: 16;2000;Aired: Jul 19, 2000 - Sep  7, 2000;Original Network:  SBS;;Content Rating: Not Yet Rated;
Title: Nonstop Season 2;Episodes: 422;2000;Aired: Jul 31, 2000 - May 17, 2002;Original Network:  MBC;;Content Rating: Not Yet Rated;
Title: Bad Friends;Episodes: 16;2000;Aired: Mar  1, 2000 - Apr 20, 2000;Original Network:  MBC;;Content Rating: Not Yet Rated;
Title: School 3;Episodes: 49;2000;Aired: Mar  5, 2000 - Apr  1, 2001;Original Network:  KBS1;;Content Rating: 15+ - Teens 15 or older;Kocowa Subscription (sub)
Title: Fairy Commi;Episodes: 476;2000;Aired: Mar  6, 2000 - Feb 15, 2002;Original Network:  KBS2;;Content Rating: Not Yet Rated;
Title: Legends of Love;Episodes: 24;2000;Aired: Mar  6, 2000 - May 23, 2000;Original Network:  SBS;;Content Rating: Not Yet Rated;
Title: Say it With Your Eyes;Episodes: 54;2000;Aired: Mar 19, 2000 - Mar 25, 2001;Original Network:  MBC;;Content Rating: Not Yet Rated;
Title: Tough Guy's Love;Episodes: 50;2000;Aired: Mar 25, 2000 - Sep 10, 2000;Original Network:  KBS2;;Content Rating: Not Yet Rated;
Title: More Than Words Can Say;Episodes: 190;2000;Aired: May  1, 2000 - Feb  2, 2001;Original Network:  KBS1;;Content Rating: Not Yet Rated;
Title: Soseol Mokminsimseo;Episodes: 60;2000;Aired: May  1, 2000 - Oct 12, 2000;Original Network:  KBS2;;Content Rating: Not Yet Rated;
Title: More Than Love;Episodes: 52;2000;Aired: May  6, 2000 - Oct 29, 2000;Original Network:  MBC;;Content Rating: Not Yet Rated;
Title: Nonstop;Episodes: 55;2000;Aired: May 15, 2000 - Jul 28, 2000;Original Network:  MBC;;Content Rating: Not Yet Rated;
Title: Popcorn;Episodes: 16;2000;Aired: May 24, 2000 - Jul 13, 2000;Original Network:  SBS;;Content Rating: Not Yet Rated;
Title: The Thief's Daughter;Episodes: 34;2000;Aired: May 29, 2000 - Sep 26, 2000;Original Network:  SBS;;Content Rating: Not Yet Rated;
Title: Mothers and Sisters;Episodes: 50;2000;Aired: Nov  4, 2000 - Apr 22, 2001;Original Network:  MBC;;Content Rating: Not Yet Rated;
Title: Cheers for the Women;Episodes: 16;2000;Aired: Nov 12, 2000 - Jan 14, 2001;Original Network:  SBS;;Content Rating: Not Yet Rated;
Title: Snowflakes;Episodes: 16;2000;Aired: Nov 13, 2000 - Jan  2, 2001;Original Network:  KBS2;;Content Rating: Not Yet Rated;
Title: The Aspen Tree;Episodes: 3;2000;Aired: Nov 14, 2000;Original Network:  SBS;;Content Rating: Not Yet Rated;
Title: Air Force;Episodes: 2;2000;Aired: Nov 15, 2000 - Nov 16, 2000;Original Network:  MBC;;Content Rating: Not Yet Rated;
Title: The Golden Age;Episodes: 18;2000;Aired: Nov 29, 2000 - Feb  1, 2001;Original Network:  MBC;;Content Rating: Not Yet Rated;
Title: Funny Princes;Episodes: 130;2000;Aired: Oct 16, 2000 - Apr 20, 2001;Original Network:  MBC;;Content Rating: Not Yet Rated;
Title: Golbaengi;Episodes: 247;2000;Aired: Oct 16, 2000 - Nov 16, 2001;Original Network:  SBS;;Content Rating: Not Yet Rated;
Title: Roll of Thunder;Episodes: 50;2000;Aired: Oct 18, 2000 - Apr 12, 2001;Original Network:  KBS2;;Content Rating: Not Yet Rated;
Title: Pardon;Episodes: 120;2000;Aired: Oct 20, 2000 - Mar 10, 2001;Original Network:  SBS;;Content Rating: Not Yet Rated;
Title: Medical Center;Episodes: 40;2000;Aired: Oct 22, 2000 - Aug 12, 2001;Original Network:  SBS;;Content Rating: Not Yet Rated;
Title: TV Novel: Promise;Episodes: 156;2000;Aired: Oct 23, 2000 - Apr 21, 2001;Original Network:  KBS1;;Content Rating: Not Yet Rated;
Title: Anger of Angel;Episodes: 12;2000;Aired: Oct 23, 2000 - Dec  5, 2000;Original Network:  SBS;;Content Rating: Not Yet Rated;
Title: Secret;Episodes: 18;2000;Aired: Sep 13, 2000 - Nov  8, 2000;Original Network:  MBC;;Content Rating: Not Yet Rated;
Title: Juliet's Man;Episodes: 17;2000;Aired: Sep 14, 2000 - Nov  9, 2000;Original Network:  SBS;;Content Rating: Not Yet Rated;
Title: The Full Sun;Episodes: 54;2000;Aired: Sep 16, 2000 - Mar 18, 2001;Original Network:  KBS2;;Content Rating: Not Yet Rated;
Title: Housewife's Rebellion;Episodes: 54;2000;Aired: Sep 18, 2000 - Feb 20, 2001;Original Network:  MBC;;Content Rating: Not Yet Rated;
Title: I Want to Keep Seeing You;Episodes: 128;2000;Aired: Sep 18, 2000 - Mar 30, 2001;Original Network:  SBS;;Content Rating: Not Yet Rated;
Title: Autumn in My Heart;Episodes: 16;2000;Aired: Sep 18, 2000 - Nov  7, 2000;Original Network:  KBS2;;Content Rating: 15+ - Teens 15 or older;WeTV Free (sub)           Viki Subscription            Prime Video Subscription (sub)           Roku Subscription            Kocowa Subscription (sub)
Title: How Should I be?;Episodes: 41;2001;Aired: Apr  1, 2001 - Jan 27, 2002;Original Network:  MBC;;Content Rating: 15+ - Teens 15 or older;
Title: Well-Known Woman;Episodes: 130;2001;Aired: Apr  2, 2001 - Oct  5, 2001;Original Network:  SBS;;Content Rating: Not Yet Rated;
Title: Hotelier;Episodes: 20;2001;Aired: Apr  4, 2001 - Jun  7, 2001;Original Network:  MBC;;Content Rating: Not Yet Rated;Viki Subscription (sub)           Prime Video Subscription (sub)           Kocowa Subscription (sub)
Title: School 4;Episodes: 48;2001;Aired: Apr  8, 2001 - Mar 31, 2002;Original Network:  KBS2;;Content Rating: 15+ - Teens 15 or older;Kocowa Subscription (sub)
Title: Law of Marriage;Episodes: 136;2001;Aired: Apr 23, 2001 - Nov  2, 2001;Original Network:  MBC;;Content Rating: 15+ - Teens 15 or older;
Title: TV Novel: Flower Story;Episodes: 167;2001;Aired: Apr 23, 2001 - Nov  3, 2001;Original Network:  KBS1;;Content Rating: 15+ - Teens 15 or older;
Title: Her House;Episodes: 50;2001;Aired: Apr 28, 2001 - Oct 21, 2001;Original Network:  MBC;;Content Rating: 15+ - Teens 15 or older;
Title: Guardian Angel;Episodes: 16;2001;Aired: Aug  1, 2001 - Sep 20, 2001;Original Network:  SBS;;Content Rating: Not Yet Rated;
Title: I Want To See Your Face;Episodes: 128;2001;Aired: Aug 20, 2001 - Jan 19, 2002;Original Network:  MBC;;Content Rating: 15+ - Teens 15 or older;
Title: Sun Hee and Jin Hee;Episodes: 16;2001;Aired: Aug 20, 2001 - Oct  9, 2001;Original Network:  MBC;;Content Rating: 13+ - Teens 13 or older;
Title: Sweet Bear;Episodes: 16;2001;Aired: Aug 22, 2001 - Oct 11, 2001;Original Network:  MBC;;Content Rating: 15+ - Teens 15 or older;
Title: Dongsuhneun Johgetne;Episodes: 120;2001;Aired: Aug 27, 2001 - Jan 12, 2002;Original Network:  KBS2;;Content Rating: Not Yet Rated;
Title: Ladies of the Palace;Episodes: 151;2001;Aired: Feb  5, 2001 - Jul 22, 2002;Original Network:  SBS;;Content Rating: 15+ - Teens 15 or older;SBS VOD Free
Title: Tender Hearts;Episodes: 192;2001;Aired: Feb  5, 2001 - Oct 26, 2001;Original Network:  KBS1;;Content Rating: 15+ - Teens 15 or older;
Title: Delicious Proposal;Episodes: 16;2001;Aired: Feb  7, 2001 - Mar 29, 2001;Original Network:  MBC;;Content Rating: 13+ - Teens 13 or older;Prime Video Subscription (sub)           Kocowa Subscription (sub)
Title: Still Love;Episodes: 56;2001;Aired: Jan  6, 2001 - Jul 15, 2001;Original Network:  SBS;;Content Rating: 15+ - Teens 15 or older;
Title: Pretty Lady;Episodes: 16;2001;Aired: Jan  8, 2001 - Feb 27, 2001;Original Network:  KBS2;;Content Rating: 15+ - Teens 15 or older;
Title: Soon Ja;Episodes: 16;2001;Aired: Jan 10, 2001 - Mar  8, 2001;Original Network:  SBS;;Content Rating: 15+ - Teens 15 or older;
Title: Cool;Episodes: 16;2001;Aired: Jul  9, 2001 - Aug 28, 2001;Original Network:  KBS2;;Content Rating: 15+ - Teens 15 or older;
Title: Father and Sons;Episodes: 30;2001;Aired: Jul 21, 2001 - Oct 28, 2001;Original Network:  SBS;;Content Rating: 15+ - Teens 15 or older;
Title: Law Firm;Episodes: 16;2001;Aired: Jun  6, 2001 - Jul 26, 2001;Original Network:  SBS;;Content Rating: Not Yet Rated;SBS VOD Free
Title: Orient Theatre;Episodes: 28;2001;Aired: Jun  9, 2001 - Sep  9, 2001;Original Network:  KBS2;;Content Rating: 15+ - Teens 15 or older;
Title: Four Sisters;Episodes: 20;2001;Aired: Jun 13, 2001 - Aug 16, 2001;Original Network:  MBC;;Content Rating: Not Yet Rated;
Title: Stock Flower;Episodes: 20;2001;Aired: Mar  5, 2001 - May  8, 2001;Original Network:  KBS2;;Content Rating: Not Yet Rated;
Title: Morning Without Parting;Episodes: 178;2001;Aired: Mar 12, 2001 - Oct  6, 2001;Original Network:  SBS;;Content Rating: 15+ - Teens 15 or older;
Title: Beautiful Days;Episodes: 24;2001;Aired: Mar 14, 2001 - May 31, 2001;Original Network:  SBS;;Content Rating: 15+ - Teens 15 or older;
Title: Blue Fog;Episodes: 20;2001;Aired: Mar 24, 2001 - May 27, 2001;Original Network:  KBS2;;Content Rating: 15+ - Teens 15 or older;
Title: Hong Guk Young;Episodes: 40;2001;Aired: Mar 26, 2001 - Aug  7, 2001;Original Network:  MBC;;Content Rating: 15+ - Teens 15 or older;
Title: Honey Honey;Episodes: 37;2001;Aired: May  2, 2001 - Jan 23, 2002;Original Network:  SBS;;Content Rating: Not Yet Rated;
Title: Empress Myeongseong;Episodes: 124;2001;Aired: May  9, 2001 - Jul 18, 2002;Original Network:  KBS2;;Content Rating: 15+ - Teens 15 or older;
Title: Life Is Beautiful;Episodes: 16;2001;Aired: May 14, 2001 - Jul  3, 2001;Original Network:  KBS2;;Content Rating: 15+ - Teens 15 or older;
Title: Drama City: Bully Dad;Episodes: 1;2001;Aired: May 20, 2001;Original Network:  KBS2;;Content Rating: Not Yet Rated;
Title: Splendid Days;Episodes: 50;2001;Aired: Nov  3, 2001 - Apr 21, 2002;Original Network:  SBS;;Content Rating: 15+ - Teens 15 or older;
Title: TV Novel: Stepmother;Episodes: 233;2001;Aired: Nov  5, 2001 - Aug  3, 2002;Original Network:  KBS1;;Content Rating: 15+ - Teens 15 or older;
Title: Lovers;Episodes: 71;2001;Aired: Nov  5, 2001 - Dec 23, 2002;Original Network:  MBC;;Content Rating: 13+ - Teens 13 or older;
Title: Mina;Episodes: 16;2001;Aired: Nov  5, 2001 - Dec 25, 2001;Original Network:  KBS2;;Content Rating: 15+ - Teens 15 or older;
Title: Why Women?;Episodes: 152;2001;Aired: Nov  5, 2001 - Jul 12, 2002;Original Network:  KBS2;;Content Rating: Not Yet Rated;
Title: Everyday With You;Episodes: 145;2001;Aired: Nov  5, 2001 - May 29, 2002;Original Network:  MBC;;Content Rating: 13+ - Teens 13 or older;
Title: Wuri's Family;Episodes: 20;2001;Aired: Nov  9, 2001 - Mar 29, 2002;Original Network:  MBC;;Content Rating: Not Yet Rated;
Title: That's Perfect;Episodes: 74;2001;Aired: Nov 19, 2001 - Mar 15, 2002;Original Network:  SBS;;Content Rating: Not Yet Rated;
Title: Piano;Episodes: 16;2001;Aired: Nov 21, 2001 - Jan 10, 2002;Original Network:  SBS;;Content Rating: 15+ - Teens 15 or older;Viki Subscription (sub)           Prime Video Subscription (sub)           Kocowa Subscription (sub)
Title: Way of Living: Couple;Episodes: 120;2001;Aired: Oct  8, 2001 - Mar 29, 2002;Original Network:  SBS;;Content Rating: 15+ - Teens 15 or older;
Title: Outing;Episodes: 145;2001;Aired: Oct  9, 2001 - Mar 30, 2002;Original Network:  SBS;;Content Rating: 15+ - Teens 15 or older;
Title: Sangdo;Episodes: 50;2001;Aired: Oct 15, 2001 - Apr  2, 2002;Original Network:  MBC;;Content Rating: 13+ - Teens 13 or older;
Title: Man of Autumn;Episodes: 20;2001;Aired: Oct 17, 2001 - Dec 20, 2001;Original Network:  MBC;;Content Rating: 15+ - Teens 15 or older;
Title: Fox and Cotton Candy;Episodes: 52;2001;Aired: Oct 27, 2001 - Apr 27, 2002;Original Network:  MBC;;Content Rating: 15+ - Teens 15 or older;
Title: This is Love;Episodes: 172;2001;Aired: Oct 29, 2001 - Jun 28, 2002;Original Network:  KBS1;;Content Rating: Not Yet Rated;
Title: Pure Heart;Episodes: 16;2001;Aired: Sep  3, 2001 - Oct 30, 2001;Original Network:  KBS2;;Content Rating: Not Yet Rated;
Title: Like Father Unlike Son;Episodes: 48;2001;Aired: Sep 15, 2001 - Feb 24, 2002;Original Network:  KBS2;;Content Rating: 15+ - Teens 15 or older;
Title: Legend;Episodes: 16;2001;Aired: Sep 26, 2001 - Nov 15, 2001;Original Network:  SBS;;Content Rating: 15+ - Teens 15 or older;
Title: Five Brothers and Sisters;Episodes: 120;2002;Aired: Apr  1, 2002 - Oct 18, 2002;Original Network:  SBS;;Content Rating: Not Yet Rated;
Title: Mom's Song;Episodes: 144;2002;Aired: Apr  1, 2002 - Sep 14, 2002;Original Network:  SBS;;Content Rating: Not Yet Rated;
Title: Whenever the Heart Beats;Episodes: 29;2002;Aired: Apr  7, 2002 - Oct 27, 2002;Original Network:  KBS2;;Content Rating: Not Yet Rated;
Title: Man In Crisis;Episodes: 17;2002;Aired: Apr  8, 2002 - Jun  3, 2002;Original Network:  MBC;;Content Rating: Not Yet Rated;
Title: That Woman Catches People;Episodes: 51;2002;Aired: Apr 27, 2002 - Oct 27, 2002;Original Network:  SBS;;Content Rating: Not Yet Rated;
Title: Since We Met;Episodes: 48;2002;Aired: Apr 28, 2002 - Oct 20, 2002;Original Network:  MBC;;Content Rating: Not Yet Rated;
Title: Rival;Episodes: 20;2002;Aired: Aug  3, 2002 - Oct  6, 2002;Original Network:  SBS;;Content Rating: Not Yet Rated;
Title: TV Novel: Album of Life;Episodes: 219;2002;Aired: Aug  5, 2002 - Apr 19, 2003;Original Network:  KBS1;;Content Rating: Not Yet Rated;
Title: Lingerie;Episodes: 60;2002;Aired: Aug  5, 2002 - Dec 18, 2002;Original Network:  Comedy TV;;Content Rating: Not Yet Rated;
Title: Ring Ring;Episodes: 2;2002;Aired: Aug 11, 2002 - Aug 12, 2002;Original Network:  MBC;;Content Rating: Not Yet Rated;
Title: My Love Patzzi;Episodes: 10;2002;Aired: Aug 26, 2002 - Sep 24, 2002;Original Network:  MBC;;Content Rating: 13+ - Teens 13 or older;
Title: Affection;Episodes: 24;2002;Aired: Aug 28, 2002 - Nov 13, 2002;Original Network:  SBS;;Content Rating: Not Yet Rated;
Title: Inspector Park Moon Soo;Episodes: 15;2002;Aired: Dec  2, 2002 - Feb  4, 2003;Original Network:  MBC;;Content Rating: Not Yet Rated;
Title: Girl School;Episodes: 149;2002;Aired: Dec  9, 2002 - May 31, 2003;Original Network:  KBS2;;Content Rating: Not Yet Rated;
Title: Love Rollercoaster;Episodes: 34;2002;Aired: Feb  3, 2002 - Oct 13, 2002;Original Network:  MBC;;Content Rating: Not Yet Rated;
Title: Magic Kid, Ma Soo Ri;Episodes: 496;2002;Aired: Feb 18, 2002 - Feb 27, 2004;Original Network:  KBS2;;Content Rating: Not Yet Rated;
Title: My Name is Princess;Episodes: 127;2002;Aired: Feb 21, 2002 - Jun 29, 2002;Original Network:  MBC;;Content Rating: Not Yet Rated;
Title: Big Hit Family;Episodes: 227;2002;Aired: Feb 25, 2002 - Feb  3, 2003;Original Network:  SBS;;Content Rating: Not Yet Rated;
Title: Present;Episodes: 18;2002;Aired: Feb 27, 2002 - Apr 25, 2002;Original Network:  MBC;;Content Rating: Not Yet Rated;
Title: Sunshine;Episodes: 16;2002;Aired: Jan  2, 2002 - Feb 21, 2002;Original Network:  MBC;;Content Rating: Not Yet Rated;
Title: Sidestreet People;Episodes: 119;2002;Aired: Jan 14, 2002 - Jun  2, 2002;Original Network:  KBS2;;Content Rating: 15+ - Teens 15 or older;
Title: Winter Sonata;Episodes: 20;2002;Aired: Jan 14, 2002 - Mar 19, 2002;Original Network:  KBS2;;Content Rating: 15+ - Teens 15 or older;WeTV Free (sub)           Viki Subscription (sub)           Prime Video Subscription (sub)           Roku Subscription            Kocowa Subscription (sub)
Title: We Are Dating Now;Episodes: 16;2002;Aired: Jan 16, 2002 - Mar  7, 2002;Original Network:  SBS;;Content Rating: 15+ - Teens 15 or older;
Title: Confession;Episodes: 16;2002;Aired: Jul  1, 2002 - Aug 20, 2002;Original Network:  MBC;;Content Rating: 15+ - Teens 15 or older;
Title: To Be With You;Episodes: 146;2002;Aired: Jul  1, 2002 - Jan 31, 2003;Original Network:  KBS1;;Content Rating: 15+ - Teens 15 or older;
Title: Golden Wagon;Episodes: 201;2002;Aired: Jul  1, 2002 - Mar  1, 2003;Original Network:  MBC;;Content Rating: Not Yet Rated;
Title: Orange;Episodes: 72;2002;Aired: Jul  1, 2002 - Oct 31, 2002;Original Network:  SBS;;Content Rating: Not Yet Rated;
Title: Age of Innocence;Episodes: 16;2002;Aired: Jul  3, 2002 - Aug 22, 2002;Original Network:  SBS;;Content Rating: 15+ - Teens 15 or older;
Title: Ruler of Your Own World;Episodes: 20;2002;Aired: Jul  3, 2002 - Sep  5, 2002;Original Network:  MBC;;Content Rating: 13+ - Teens 13 or older;Kocowa Subscription (sub)
Title: Let's Get Married;Episodes: 117;2002;Aired: Jul 15, 2002 - Dec 27, 2002;Original Network:  KBS2;;Content Rating: Not Yet Rated;
Title: A Pioneer, Lee Che Ma;Episodes: 30;2002;Aired: Jul 24, 2002 - Jan 31, 2003;Original Network:  KBS2;;Content Rating: Not Yet Rated;
Title: Loving You;Episodes: 12;2002;Aired: Jul 29, 2002 - Sep  3, 2002;Original Network:  KBS2;;Content Rating: 15+ - Teens 15 or older;
Title: Rustic Period;Episodes: 124;2002;Aired: Jul 29, 2002 - Sep 30, 2003;Original Network:  SBS;;Content Rating: Not Yet Rated;
Title: Saxophone;Episodes: 162;2002;Aired: Jun  3, 2002 - Dec  7, 2002;Original Network:  KBS2;;Content Rating: Not Yet Rated;
Title: Miss Mermaid;Episodes: 246;2002;Aired: Jun 24, 2002 - Jun 27, 2003;Original Network:  MBC;;Content Rating: Not Yet Rated;Prime Video Subscription (sub)           Kocowa Subscription (sub)
Title: TV Tale;Episodes: 77;2002;Aired: Mar  1, 2002 - Aug 20, 2003;Original Network:  EBS;;Content Rating: Not Yet Rated;
Title: Who's My Love;Episodes: 84;2002;Aired: Mar  2, 2002 - Dec 29, 2002;Original Network:  KBS2;;Content Rating: Not Yet Rated;
Title: Dawn of the Empire;Episodes: 94;2002;Aired: Mar  2, 2002 - Jan 26, 2003;Original Network:  KBS1;;Content Rating: Not Yet Rated;
Title: Glass Slippers;Episodes: 40;2002;Aired: Mar  2, 2002 - Jul 28, 2002;Original Network:  SBS;;Content Rating: 15+ - Teens 15 or older;
Title: Bright Girl's Success;Episodes: 16;2002;Aired: Mar 13, 2002 - May  2, 2002;Original Network:  SBS;;Content Rating: 15+ - Teens 15 or older;Viki Subscription (sub)           Prime Video Subscription (sub)           Kocowa Subscription (sub)
Title: Let's Go!;Episodes: 53;2002;Aired: Mar 18, 2002 - Jun 28, 2002;Original Network:  SBS;;Content Rating: Not Yet Rated;
Title: Days in the Sun;Episodes: 16;2002;Aired: Mar 25, 2002 - May 14, 2002;Original Network:  KBS2;;Content Rating: Not Yet Rated;
Title: Bad Girls;Episodes: 16;2002;Aired: May  8, 2002 - Jun 27, 2002;Original Network:  SBS;;Content Rating: Not Yet Rated;
Title: Romance;Episodes: 16;2002;Aired: May  8, 2002 - Jun 27, 2002;Original Network:  MBC;;Content Rating: 15+ - Teens 15 or older;Viki Subscription (sub)           Kocowa Subscription (sub)
Title: Hard Love;Episodes: 19;2002;Aired: May 20, 2002 - Jul 23, 2002;Original Network:  KBS2;;Content Rating: Not Yet Rated;Apple TV Subscription
Title: Nonstop Season 3;Episodes: 303;2002;Aired: May 20, 2002 - Sep 12, 2003;Original Network:  MBC;;Content Rating: Not Yet Rated;
Title: Like the Flowing River;Episodes: 50;2002;Aired: Nov  2, 2002 - Apr 20, 2003;Original Network:  SBS;;Content Rating: Not Yet Rated;
Title: Honest Living;Episodes: 239;2002;Aired: Nov  5, 2002 - Oct 31, 2003;Original Network:  SBS;;Content Rating: Not Yet Rated;
Title: Trio;Episodes: 17;2002;Aired: Nov  6, 2002 - Jan  2, 2003;Original Network:  MBC;;Content Rating: Not Yet Rated;
Title: Jang Hee Bin;Episodes: 100;2002;Aired: Nov  6, 2002 - Oct 23, 2003;Original Network:  KBS2;;Content Rating: Not Yet Rated;
Title: Shoot for the Stars;Episodes: 16;2002;Aired: Nov 20, 2002 - Jan  9, 2003;Original Network:  SBS;;Content Rating: 15+ - Teens 15 or older;Kocowa Subscription (sub)
Title: My Platoon Leader;Episodes: 4;2002;Aired: Nov 25, 2002 - Nov 26, 2002;Original Network:  MBC;;Content Rating: Not Yet Rated;
Title: The Great Ambition;Episodes: 26;2002;Aired: Oct 12, 2002 - Jan  5, 2003;Original Network:  SBS;;Content Rating: 13+ - Teens 13 or older;
Title: Solitude;Episodes: 20;2002;Aired: Oct 21, 2002 - Dec 24, 2002;Original Network:  KBS2;;Content Rating: Not Yet Rated;
Title: Sunrise House;Episodes: 132;2002;Aired: Oct 21, 2002 - May 15, 2003;Original Network:  SBS;;Content Rating: Not Yet Rated;
Title: The Maengs' Golden Era;Episodes: 36;2002;Aired: Oct 26, 2002 - Feb 23, 2003;Original Network:  MBC;;Content Rating: Not Yet Rated;
Title: Children in Heaven;Episodes: 12;2002;Aired: Sep  9, 2002 - Oct 15, 2002;Original Network:  KBS2;;Content Rating: Not Yet Rated;
Title: Ice Flower;Episodes: 139;2002;Aired: Sep 16, 2002 - Mar  1, 2003;Original Network:  SBS;;Content Rating: Not Yet Rated;
Title: Remember;Episodes: 14;2002;Aired: Sep 18, 2002 - Oct 31, 2002;Original Network:  MBC;;Content Rating: Not Yet Rated;
Title: I Love Hyun Jung;Episodes: 16;2002;Aired: Sep 30, 2002 - Nov 19, 2002;Original Network:  MBC;;Content Rating: Not Yet Rated;
Title: The Bean Chaff of My Life;Episodes: 16;2003;Aired: Apr  7, 2003 - May 27, 2003;Original Network:  MBC;;Content Rating: 15+ - Teens 15 or older;
Title: Land of Wine;Episodes: 16;2003;Aired: Apr  9, 2003 - May 29, 2003;Original Network:  SBS;;Content Rating: 15+ - Teens 15 or older;
Title: Baeksutalchul;Episodes: 36;2003;Aired: Apr 26, 2003 - Aug 24, 2003;Original Network:  SBS;;Content Rating: Not Yet Rated;
Title: First Love;Episodes: 16;2003;Aired: Aug  2, 2003 - Sep 28, 2003;Original Network:  SBS;;Content Rating: Not Yet Rated;
Title: My Fair Lady;Episodes: 16;2003;Aired: Aug 13, 2003 - Oct  2, 2003;Original Network:  SBS;;Content Rating: Not Yet Rated;
Title: Merry Go Round;Episodes: 58;2003;Aired: Aug 23, 2003 - Mar 14, 2004;Original Network:  MBC;;Content Rating: Not Yet Rated;
Title: Good Person;Episodes: 16;2003;Aired: Aug 27, 2003 - Oct 16, 2003;Original Network:  MBC;;Content Rating: 15+ - Teens 15 or older;
Title: South of the Sun;Episodes: 16;2003;Aired: Aug 30, 2003 - Oct 19, 2003;Original Network:  SBS;;Content Rating: 15+ - Teens 15 or older;
Title: Stairway to Heaven;Episodes: 20;2003;Aired: Dec  3, 2003 - Feb  5, 2004;Original Network:  SBS;;Content Rating: 15+ - Teens 15 or older;Apple TV Subscription            Viki Subscription (sub)           Prime Video Subscription (sub)           Roku Subscription            Kocowa Subscription (sub)
Title: Yellow Handkerchief;Episodes: 169;2003;Aired: Feb  3, 2003 - Oct  3, 2003;Original Network:  KBS1;;Content Rating: Not Yet Rated;
Title: Age of Warriors;Episodes: 158;2003;Aired: Feb  8, 2003 - Aug 15, 2004;Original Network:  KBS1;;Content Rating: Not Yet Rated;
Title: Love Letter;Episodes: 16;2003;Aired: Feb 10, 2003 - Apr  1, 2003;Original Network:  MBC;;Content Rating: 15+ - Teens 15 or older;
Title: On the Prairie;Episodes: 52;2003;Aired: Jan  4, 2003 - Jun 29, 2003;Original Network:  KBS2;;Content Rating: Not Yet Rated;
Title: Good News;Episodes: 25;2003;Aired: Jan  5, 2003 - Jun 29, 2003;Original Network:  MBC;;Content Rating: Not Yet Rated;
Title: Wife;Episodes: 52;2003;Aired: Jan  6, 2003 - Jul  1, 2003;Original Network:  KBS2;;Content Rating: Not Yet Rated;
Title: Snowman;Episodes: 17;2003;Aired: Jan  8, 2003 - Mar  6, 2003;Original Network:  MBC;;Content Rating: Not Yet Rated;
Title: Into the Sun;Episodes: 20;2003;Aired: Jan 11, 2003 - Mar 16, 2003;Original Network:  SBS;;Content Rating: 15+ - Teens 15 or older;
Title: All In;Episodes: 24;2003;Aired: Jan 15, 2003 - Apr  3, 2003;Original Network:  SBS;;Content Rating: 15+ - Teens 15 or older;Kocowa Subscription (sub)
Title: Bodyguard;Episodes: 22;2003;Aired: Jul  5, 2003 - Sep 14, 2003;Original Network:  KBS2;;Content Rating: 15+ - Teens 15 or older;
Title: Something about 1%;Episodes: 26;2003;Aired: Jul  6, 2003 - Dec 28, 2003;Original Network:  MBC;;Content Rating: 13+ - Teens 13 or older;Wavve Subscription            옛드 : 옛날 드라마 [드라맛집] Free
Title: Summer Scent;Episodes: 20;2003;Aired: Jul  7, 2003 - Sep  9, 2003;Original Network:  KBS2;;Content Rating: Not Yet Rated;Viki Subscription (sub)           Prime Video Subscription (sub)           Roku Subscription            Kocowa Subscription (sub)
Title: Women Next Door;Episodes: 12;2003;Aired: Jul 16, 2003 - Aug 21, 2003;Original Network:  MBC;;Content Rating: Not Yet Rated;
Title: Damo;Episodes: 14;2003;Aired: Jul 28, 2003 - Sep  9, 2003;Original Network:  MBC;;Content Rating: 15+ - Teens 15 or older;Prime Video Subscription (sub)           Kocowa Subscription (sub)
Title: Cats on the Roof;Episodes: 16;2003;Aired: Jun  2, 2003 - Jul 22, 2003;Original Network:  MBC;;Content Rating: 13+ - Teens 13 or older;옛드 : 옛날 드라마 [드라맛집] Free            Prime Video Subscription (sub)           Roku Subscription            Kocowa Subscription (sub)
Title: Rose Fence;Episodes: 113;2003;Aired: Jun  2, 2003 - Oct  1, 2003;Original Network:  KBS2;;Content Rating: Not Yet Rated;
Title: The Nymph and the Con Artist;Episodes: 16;2003;Aired: Jun  4, 2003 - Aug  7, 2003;Original Network:  SBS;;Content Rating: 15+ - Teens 15 or older;
Title: Go Mom Go!;Episodes: 234;2003;Aired: Jun  9, 2003 - May 14, 2004;Original Network:  KBS2;;Content Rating: Not Yet Rated;
Title: Swan Lake;Episodes: 92;2003;Aired: Jun 30, 2003 - Nov  7, 2003;Original Network:  MBC;;Content Rating: 13+ - Teens 13 or older;
Title: Forever Love;Episodes: 49;2003;Aired: Mar  1, 2003 - Aug 17, 2003;Original Network:  MBC;;Content Rating: Not Yet Rated;
Title: While You Were Dreaming;Episodes: 168;2003;Aired: Mar  2, 2003 - Sep 20, 2003;Original Network:  MBC;;Content Rating: Not Yet Rated;
Title: Twenty Years;Episodes: 40;2003;Aired: Mar  3, 2003 - May  7, 2003;Original Network:  SBS;;Content Rating: Not Yet Rated;
Title: Near to You;Episodes: 164;2003;Aired: Mar  3, 2003 - Sep 10, 2003;Original Network:  SBS;;Content Rating: 15+ - Teens 15 or older;
Title: Country Princess;Episodes: 17;2003;Aired: Mar 12, 2003 - May  8, 2003;Original Network:  MBC;;Content Rating: 15+ - Teens 15 or older;
Title: Thousand Years of Love;Episodes: 20;2003;Aired: Mar 22, 2003 - May 25, 2003;Original Network:  SBS;;Content Rating: 15+ - Teens 15 or older;
Title: Violet;Episodes: 2;2003;Aired: May  2, 2003;Original Network:  MBC;;Content Rating: Not Yet Rated;
Title: Scent of a Man;Episodes: 18;2003;Aired: May 14, 2003 - Jul 10, 2003;Original Network:  MBC;;Content Rating: Not Yet Rated;
Title: Lovers;Episodes: 103;2003;Aired: May 19, 2003 - Oct 21, 2003;Original Network:  SBS;;Content Rating: Not Yet Rated;
Title: Screen;Episodes: 18;2003;Aired: May 31, 2003 - Jul 27, 2003;Original Network:  SBS;;Content Rating: 15+ - Teens 15 or older;Viki Free (sub)           Prime Video Subscription (sub)           Kocowa Purchase (sub)
Title: Apgujeong House;Episodes: 211;2003;Aired: Nov  3, 2003 - Oct  8, 2004;Original Network:  SBS;;Content Rating: Not Yet Rated;
Title: Nursery Story;Episodes: 43;2003;Aired: Nov  4, 2003 - Mar 31, 2004;Original Network:  MBC;;Content Rating: Not Yet Rated;
Title: Detective;Episodes: 15;2003;Aired: Nov  7, 2003 - Feb 27, 2004;Original Network:  SBS;;Content Rating: Not Yet Rated;
Title: She is Cool;Episodes: 20;2003;Aired: Nov 10, 2003 - Jan 13, 2004;Original Network:  KBS2;;Content Rating: Not Yet Rated;
Title: Pretty Woman;Episodes: 145;2003;Aired: Nov 10, 2003 - Jun  4, 2004;Original Network:  MBC;;Content Rating: Not Yet Rated;
Title: TV Novel: Briar Flower;Episodes: 180;2003;Aired: Nov 17, 2003 - Jun 12, 2004;Original Network:  KBS1;;Content Rating: Not Yet Rated;
Title: Sharp;Episodes: 64;2003;Aired: Nov 29, 2003 - Feb 27, 2005;Original Network:  KBS2;;Content Rating: G - All Ages;
Title: Perfect Love;Episodes: 24;2003;Aired: Oct  4, 2003 - Dec 21, 2003;Original Network:  SBS;;Content Rating: Not Yet Rated;
Title: One Million Roses;Episodes: 173;2003;Aired: Oct  6, 2003 - Jun  4, 2004;Original Network:  KBS1;;Content Rating: Not Yet Rated;
Title: The King's Woman;Episodes: 42;2003;Aired: Oct  6, 2003 - Mar  2, 2004;Original Network:  SBS;;Content Rating: Not Yet Rated;SBS VOD Free
Title: Punch;Episodes: 16;2003;Aired: Oct  8, 2003 - Nov 27, 2003;Original Network:  SBS;;Content Rating: 15+ - Teens 15 or older;
Title: Not Divorced;Episodes: 162;2003;Aired: Oct 13, 2003 - Apr 17, 2004;Original Network:  KBS2;;Content Rating: Not Yet Rated;
Title: Breathless;Episodes: 16;2003;Aired: Oct 22, 2003 - Dec 11, 2003;Original Network:  MBC;;Content Rating: Not Yet Rated;
Title: Long Live Love;Episodes: 50;2003;Aired: Oct 25, 2003 - Apr 18, 2004;Original Network:  SBS;;Content Rating: Not Yet Rated;
Title: A Problem at My Younger Brother’s House;Episodes: 121;2003;Aired: Oct 27, 2003 - Apr 29, 2004;Original Network:  SBS;;Content Rating: Not Yet Rated;
Title: Rosemary;Episodes: 18;2003;Aired: Oct 29, 2003 - Dec 25, 2003;Original Network:  KBS2;;Content Rating: Not Yet Rated;
Title: Garden of Eve;Episodes: 131;2003;Aired: Sep 15, 2003 - Feb 14, 2004;Original Network:  SBS;;Content Rating: Not Yet Rated;
Title: Jewel in the Palace;Episodes: 54;2003;Aired: Sep 15, 2003 - Mar 23, 2004;Original Network:  MBC;;Content Rating: 13+ - Teens 13 or older;Viki Subscription (sub)           Lemino Free            Kocowa Subscription (sub)
Title: Sang Du, Let's Go to School;Episodes: 16;2003;Aired: Sep 15, 2003 - Nov  4, 2003;Original Network:  KBS2;;Content Rating: 15+ - Teens 15 or older;Viki Subscription (sub)           Kocowa Subscription (sub)
Title: Nonstop Season 4;Episodes: 250;2003;Aired: Sep 15, 2003 - Sep 24, 2004;Original Network:  MBC;;Content Rating: G - All Ages;
Title: Pearl Necklace;Episodes: 52;2003;Aired: Sep 20, 2003 - Mar 14, 2004;Original Network:  KBS2;;Content Rating: Not Yet Rated;
Title: A Saint and a Witch;Episodes: 183;2003;Aired: Sep 22, 2003 - Apr 24, 2004;Original Network:  MBC;;Content Rating: Not Yet Rated;
Title: Phoenix;Episodes: 26;2004;Aired: Apr  5, 2004 - Jun 29, 2004;Original Network:  MBC;;Content Rating: 13+ - Teens 13 or older;Kocowa Subscription (sub)
Title: Ms. Kim's Million Dollar Quest;Episodes: 16;2004;Aired: Apr  7, 2004 - May 27, 2004;Original Network:  SBS;;Content Rating: 15+ - Teens 15 or older;
Title: Beautiful Temptation;Episodes: 168;2004;Aired: Apr 19, 2004 - Oct 30, 2004;Original Network:  KBS2;;Content Rating: Not Yet Rated;
Title: April Kiss;Episodes: 24;2004;Aired: Apr 21, 2004 - Jul  8, 2004;Original Network:  KBS2;;Content Rating: Not Yet Rated;
Title: The Woman Who Wants to Marry;Episodes: 18;2004;Aired: Apr 21, 2004 - Jun 17, 2004;Original Network:  MBC;;Content Rating: Not Yet Rated;
Title: Little Women;Episodes: 58;2004;Aired: Apr 24, 2004 - Nov 21, 2004;Original Network:  SBS;;Content Rating: Not Yet Rated;
Title: Passion;Episodes: 135;2004;Aired: Apr 26, 2004 - Oct  2, 2004;Original Network:  MBC;;Content Rating: Not Yet Rated;
Title: Choice;Episodes: 146;2004;Aired: Aug  2, 2004 - Jan 22, 2005;Original Network:  SBS;;Content Rating: Not Yet Rated;
Title: Magic;Episodes: 16;2004;Aired: Aug 28, 2004 - Oct 17, 2004;Original Network:  SBS;;Content Rating: Not Yet Rated;
Title: Stained Glass;Episodes: 18;2004;Aired: Dec  1, 2004 - Feb  3, 2005;Original Network:  SBS;;Content Rating: Not Yet Rated;
Title: Rays of Sunshine;Episodes: 16;2004;Aired: Feb 11, 2004 - Apr  1, 2004;Original Network:  SBS;;Content Rating: 15+ - Teens 15 or older;Apple TV Subscription            SBS VOD Free (sub)           Wavve Subscription
Title: Proposal;Episodes: 143;2004;Aired: Feb 16, 2004 - Jul 31, 2004;Original Network:  SBS;;Content Rating: Not Yet Rated;
Title: Say You Love Me;Episodes: 15;2004;Aired: Feb 25, 2004 - Apr 14, 2004;Original Network:  MBC;;Content Rating: 15+ - Teens 15 or older;
Title: More Beautiful Than a Flower;Episodes: 30;2004;Aired: Jan  1, 2004 - Apr 14, 2004;Original Network:  KBS2;;Content Rating: 15+ - Teens 15 or older;
Title: Match Made in Heaven;Episodes: 16;2004;Aired: Jan  1, 2004 - Feb 19, 2004;Original Network:  MBC;;Content Rating: Not Yet Rated;
Title: Something Happened in Bali;Episodes: 20;2004;Aired: Jan  3, 2004 - Mar  7, 2004;Original Network:  SBS;;Content Rating: Not Yet Rated;Kocowa Subscription (sub)
Title: People of the Water Flower Village;Episodes: 26;2004;Aired: Jan  4, 2004 - Jun 27, 2004;Original Network:  MBC;;Content Rating: Not Yet Rated;
Title: Sweet 18;Episodes: 16;2004;Aired: Jan 19, 2004 - Mar  9, 2004;Original Network:  KBS2;;Content Rating: 15+ - Teens 15 or older;Kocowa Subscription (sub)
Title: Star's Echo;Episodes: 2;2004;Aired: Jan 30, 2004;Original Network:  Fuji TV,  MBC;;Content Rating: 13+ - Teens 13 or older;
Title: Sweet Buns;Episodes: 26;2004;Aired: Jul  4, 2004 - Jan 16, 2005;Original Network:  MBC;;Content Rating: Not Yet Rated;
Title: Age of Heroes;Episodes: 70;2004;Aired: Jul  5, 2004 - Mar  1, 2005;Original Network:  MBC;;Content Rating: 13+ - Teens 13 or older;
Title: Full House;Episodes: 16;2004;Aired: Jul 14, 2004 - Sep  2, 2004;Original Network:  KBS2;;Content Rating: 15+ - Teens 15 or older;Apple TV Subscription (sub)           Netflix Subscription            WeTV Free (sub)           iQIYI Free (sub)           KBS World Free            Viki Subscription (sub)           Prime Video Subscription (sub)           Kocowa Free
Title: Forbidden Love;Episodes: 16;2004;Aired: Jul 19, 2004 - Sep  7, 2004;Original Network:  KBS2;;Content Rating: 15+ - Teens 15 or older;Viki Subscription (sub)           Kocowa Subscription (sub)
Title: She Is Nineteen;Episodes: 16;2004;Aired: Jul 28, 2004 - Sep 23, 2004;Original Network:  SBS;;Content Rating: 13+ - Teens 13 or older;
Title: Island Village Teacher;Episodes: 16;2004;Aired: Jun  2, 2004 - Jul 22, 2004;Original Network:  SBS;;Content Rating: Not Yet Rated;
Title: If You Only Knew;Episodes: 19;2004;Aired: Jun  6, 2004 - Oct 31, 2004;Original Network:  KBS2;;Content Rating: 15+ - Teens 15 or older;
Title: My Lovely Family;Episodes: 179;2004;Aired: Jun  7, 2004 - Feb 11, 2005;Original Network:  KBS1;;Content Rating: 15+ - Teens 15 or older;
Title: Heaven's Fate;Episodes: 174;2004;Aired: Jun  7, 2004 - Feb 11, 2005;Original Network:  MBC;;Content Rating: Not Yet Rated;
Title: Lovers in Paris;Episodes: 20;2004;Aired: Jun 12, 2004 - Aug 15, 2004;Original Network:  SBS;;Content Rating: Not Yet Rated;Viki Subscription            Prime Video Subscription (sub)           Roku Subscription            Kocowa Subscription (sub)
Title: Love Is All Around;Episodes: 27;2004;Aired: Jun 12, 2004 - Sep 19, 2004;Original Network:  MBC;;Content Rating: Not Yet Rated;
Title: TV Novel: You are a Star;Episodes: 196;2004;Aired: Jun 14, 2004 - Jan 29, 2005;Original Network:  KBS1;;Content Rating: Not Yet Rated;
Title: Prince's First Love;Episodes: 18;2004;Aired: Jun 23, 2004 - Aug 16, 2004;Original Network:  MBC;;Content Rating: 15+ - Teens 15 or older;
Title: New Human Market;Episodes: 20;2004;Aired: Mar  8, 2004 - May 11, 2004;Original Network:  SBS;;Content Rating: Not Yet Rated;
Title: Into the Storm;Episodes: 24;2004;Aired: Mar 13, 2004 - May 30, 2004;Original Network:  SBS;;Content Rating: Not Yet Rated;
Title: Snow White;Episodes: 16;2004;Aired: Mar 15, 2004 - May  4, 2004;Original Network:  KBS2;;Content Rating: Not Yet Rated;
Title: War of the Roses;Episodes: 23;2004;Aired: Mar 20, 2004 - Jun  6, 2004;Original Network:  MBC;;Content Rating: Not Yet Rated;
Title: Terms of Endearment;Episodes: 70;2004;Aired: Mar 20, 2004 - Oct 10, 2004;Original Network:  KBS2;;Content Rating: Not Yet Rated;
Title: Kkangsooni;Episodes: 84;2004;Aired: May  3, 2004 - Aug 27, 2004;Original Network:  EBS;;Content Rating: Not Yet Rated;
Title: Traveling Women;Episodes: 94;2004;Aired: May  3, 2004 - Oct  8, 2004;Original Network:  SBS;;Content Rating: Not Yet Rated;
Title: Beijing My Love;Episodes: 20;2004;Aired: May 10, 2004 - Jul 13, 2004;Original Network:  KBS2;;Content Rating: Not Yet Rated;
Title: Exciting Change;Episodes: 13;2004;Aired: May 16, 2004 - Aug  8, 2004;Original Network:  MBC;;Content Rating: Not Yet Rated;
Title: Jang Gil San;Episodes: 50;2004;Aired: May 17, 2004 - Nov 16, 2004;Original Network:  SBS;;Content Rating: Not Yet Rated;
Title: Forgiveness;Episodes: 162;2004;Aired: Nov  1, 2004 - May  7, 2005;Original Network:  KBS2;;Content Rating: Not Yet Rated;
Title: I'm From Chosun;Episodes: 7;2004;Aired: Nov  6, 2004 - Dec 19, 2004;Original Network:  MBC;;Content Rating: Not Yet Rated;
Title: I'm Sorry, I Love You;Episodes: 16;2004;Aired: Nov  8, 2004 - Dec 28, 2004;Original Network:  KBS2;;Content Rating: 15+ - Teens 15 or older;Prime Video Purchase (sub)           Kocowa Subscription (sub)
Title: Love Story in Harvard;Episodes: 16;2004;Aired: Nov 22, 2004 - Jan 11, 2005;Original Network:  SBS;;Content Rating: 15+ - Teens 15 or older;
Title: Old Miss Diary;Episodes: 232;2004;Aired: Nov 22, 2004 - Nov  4, 2005;Original Network:  KBS2;;Content Rating: Not Yet Rated;
Title: Emperor of the Sea;Episodes: 51;2004;Aired: Nov 24, 2004 - May 25, 2005;Original Network:  KBS2;;Content Rating: 15+ - Teens 15 or older;Prime Video Subscription (sub)           Roku Subscription            Kocowa Subscription (sub)
Title: Land;Episodes: 52;2004;Aired: Nov 27, 2004 - May 22, 2005;Original Network:  SBS;;Content Rating: Not Yet Rated;SBS VOD Free
Title: Han River Ballad;Episodes: 51;2004;Aired: Oct  2, 2004 - Mar 27, 2005;Original Network:  MBC;;Content Rating: 15+ - Teens 15 or older;
Title: Freezing Point;Episodes: 82;2004;Aired: Oct  4, 2004 - Jan  8, 2005;Original Network:  MBC;;Content Rating: Not Yet Rated;
Title: Nonstop Season 5;Episodes: 257;2004;Aired: Oct  4, 2004 - Oct 21, 2005;Original Network:  MBC;;Content Rating: Not Yet Rated;
Title: Not Alone;Episodes: 18;2004;Aired: Oct 11, 2004 - Feb 21, 2005;Original Network:  SBS;;Content Rating: Not Yet Rated;
Title: Three Wives;Episodes: 26;2004;Aired: Oct 15, 2004 - Jan 21, 2005;Original Network:  SBS;;Content Rating: Not Yet Rated;
Title: Precious Family;Episodes: 68;2004;Aired: Oct 16, 2004 - Jun  5, 2005;Original Network:  KBS2;;Content Rating: Not Yet Rated;
Title: Save the Last Dance for Me;Episodes: 20;2004;Aired: Oct 23, 2004 - Jan  2, 2005;Original Network:  SBS;;Content Rating: 15+ - Teens 15 or older;
Title: Tropical Nights in December;Episodes: 17;2004;Aired: Oct 27, 2004 - Dec 23, 2004;Original Network:  MBC;;Content Rating: Not Yet Rated;
Title: Ireland;Episodes: 16;2004;Aired: Sep  1, 2004 - Oct 21, 2004;Original Network:  MBC;;Content Rating: Not Yet Rated;Prime Video Subscription (sub)           Kocowa Subscription (sub)
Title: Immortal Admiral Yi Sun Shin;Episodes: 104;2004;Aired: Sep  4, 2004 - Aug 28, 2005;Original Network:  KBS1;;Content Rating: 15+ - Teens 15 or older;Prime Video Purchase
Title: Count of Myeongdong;Episodes: 24;2004;Aired: Sep  5, 2004 - Dec  6, 2004;Original Network:  EBS;;Content Rating: 15+ - Teens 15 or older;
Title: Second Proposal;Episodes: 22;2004;Aired: Sep  8, 2004 - Nov 18, 2004;Original Network:  KBS2;;Content Rating: 15+ - Teens 15 or older;
Title: Oh! Pil Seung And Bong Soon Young;Episodes: 16;2004;Aired: Sep 13, 2004 - Nov  2, 2004;Original Network:  KBS2;;Content Rating: Not Yet Rated;
Title: When a Man Loves a Woman;Episodes: 16;2004;Aired: Sep 30, 2004 - Nov 18, 2004;Original Network:  SBS;;Content Rating: Not Yet Rated;
Title: Beating Heart;Episodes: 12;2005;Aired: Apr  2, 2005 - May  8, 2005;Original Network:  MBC;;Content Rating: 15+ - Teens 15 or older;
Title: Biscuit Teacher and Star Candy;Episodes: 16;2005;Aired: Apr 13, 2005 - Jun  2, 2005;Original Network:  SBS;;Content Rating: 15+ - Teens 15 or older;SBS World Free (sub)
Title: Women Above Flowers;Episodes: 20;2005;Aired: Apr 22, 2005 - Jul  1, 2005;Original Network:  SBS;;Content Rating: Not Yet Rated;
Title: The Fifth Republic;Episodes: 41;2005;Aired: Apr 23, 2005 - Sep  1, 2005;Original Network:  MBC;;Content Rating: 15+ - Teens 15 or older;
Title: Sisters of the Sea;Episodes: 155;2005;Aired: Aug  1, 2005 - Jan 27, 2006;Original Network:  MBC;;Content Rating: Not Yet Rated;
Title: Wedding;Episodes: 18;2005;Aired: Aug 23, 2005 - Oct 25, 2005;Original Network:  KBS2;;Content Rating: 15+ - Teens 15 or older;
Title: My Rosy Life;Episodes: 24;2005;Aired: Aug 24, 2005 - Nov 10, 2005;Original Network:  KBS2;;Content Rating: Not Yet Rated;
Title: TV Novel: Hometown Station;Episodes: 174;2005;Aired: Aug 29, 2005 - Mar 18, 2006;Original Network:  KBS1;;Content Rating: Not Yet Rated;
Title: The Secret Lovers;Episodes: 20;2005;Aired: Aug 29, 2005 - Nov  1, 2005;Original Network:  MBC;;Content Rating: 15+ - Teens 15 or older;
Title: 641 Family;Episodes: 90;2005;Aired: Dec  5, 2005 - May  6, 2006;Original Network:  KBS2;;Content Rating: Not Yet Rated;
Title: That Woman;Episodes: 20;2005;Aired: Dec  9, 2005 - Feb 17, 2006;Original Network:  SBS;;Content Rating: Not Yet Rated;
Title: My Girl;Episodes: 16;2005;Aired: Dec 14, 2005 - Feb  2, 2006;Original Network:  SBS;;Content Rating: 15+ - Teens 15 or older;Apple TV Subscription            Viki Subscription (sub)           Prime Video Subscription (sub)           Kocowa Free (sub)
Title: Cute Or Crazy;Episodes: 17;2005;Aired: Feb  2, 2005 - Jun 28, 2005;Original Network:  SBS;;Content Rating: Not Yet Rated;
Title: Encounter;Episodes: 2;2005;Aired: Feb 11, 2005;Original Network:  MBC;;Content Rating: Not Yet Rated;
Title: My Sweetheart My Darling;Episodes: 159;2005;Aired: Feb 14, 2005 - Sep 23, 2005;Original Network:  KBS1;;Content Rating: Not Yet Rated;
Title: Be Strong Geum Soon;Episodes: 163;2005;Aired: Feb 14, 2005 - Sep 30, 2005;Original Network:  MBC;;Content Rating: 13+ - Teens 13 or older;
Title: Hong Kong Express;Episodes: 16;2005;Aired: Feb 16, 2005 - Apr  7, 2005;Original Network:  SBS;;Content Rating: Not Yet Rated;
Title: Magic Fighter Mir & Gaon;Episodes: 175;2005;Aired: Jan  3, 2005 - Dec  1, 2005;Original Network:  KBS2;;Content Rating: Not Yet Rated;
Title: Sassy Girl, Chun Hyang;Episodes: 17;2005;Aired: Jan  3, 2005 - Mar  1, 2005;Original Network:  KBS2;;Content Rating: 15+ - Teens 15 or older;Viki Subscription            Prime Video Subscription (sub)           Kocowa Subscription (sub)
Title: Sad Love Story;Episodes: 20;2005;Aired: Jan  5, 2005 - Mar 17, 2005;Original Network:  MBC;;Content Rating: 15+ - Teens 15 or older;
Title: Spring Day;Episodes: 20;2005;Aired: Jan  8, 2005 - Mar 13, 2005;Original Network:  SBS;;Content Rating: 15+ - Teens 15 or older;Prime Video Subscription (sub)           Kocowa Subscription (sub)
Title: Pharmacist Kim's Daughters;Episodes: 170;2005;Aired: Jan 10, 2005 - Jul 30, 2005;Original Network:  MBC;;Content Rating: Not Yet Rated;
Title: 3 Leaf Clover;Episodes: 16;2005;Aired: Jan 17, 2005 - Mar 14, 2005;Original Network:  SBS;;Content Rating: 15+ - Teens 15 or older;
Title: The Conker Tree;Episodes: 32;2005;Aired: Jan 22, 2005 - May  8, 2005;Original Network:  EBS;;Content Rating: Not Yet Rated;
Title: Hello, Franceska;Episodes: 12;2005;Aired: Jan 24, 2005 - Apr 25, 2005;Original Network:  MBC;;Content Rating: 15+ - Teens 15 or older;
Title: Pearl Earring;Episodes: 85;2005;Aired: Jan 24, 2005 - May  7, 2005;Original Network:  SBS;;Content Rating: Not Yet Rated;
Title: Love and Sympathy;Episodes: 24;2005;Aired: Jan 28, 2005 - Apr 15, 2005;Original Network:  SBS;;Content Rating: Not Yet Rated;
Title: TV Novel: Wind Flower;Episodes: 179;2005;Aired: Jan 31, 2005 - Aug 27, 2005;Original Network:  KBS1;;Content Rating: Not Yet Rated;
Title: Lawyers;Episodes: 16;2005;Aired: Jul  4, 2005 - Aug 23, 2005;Original Network:  MBC;;Content Rating: Not Yet Rated;
Title: I Love You, My Enemy;Episodes: 18;2005;Aired: Jul 15, 2005 - Sep  9, 2005;Original Network:  SBS;;Content Rating: 15+ - Teens 15 or older;SBS VOD Free
Title: Rules of Love;Episodes: 16;2005;Aired: Jul 27, 2005 - Sep 15, 2005;Original Network:  MBC;;Content Rating: Not Yet Rated;
Title: Princess LuLu;Episodes: 20;2005;Aired: Jul 27, 2005 - Sep 29, 2005;Original Network:  SBS;;Content Rating: 15+ - Teens 15 or older;
Title: Let's Go to the Beach;Episodes: 14;2005;Aired: Jul 30, 2005 - Sep 11, 2005;Original Network:  SBS;;Content Rating: Not Yet Rated;
Title: Resurrection;Episodes: 24;2005;Aired: Jun  1, 2005 - Aug 18, 2005;Original Network:  KBS2;;Content Rating: 13+ - Teens 13 or older;
Title: My Lovely Sam Soon;Episodes: 16;2005;Aired: Jun  1, 2005 - Jul 21, 2005;Original Network:  MBC;;Content Rating: 15+ - Teens 15 or older;Apple TV Free            WeTV Free (sub)           Viki Subscription (sub)           Prime Video Subscription (sub)           Roku Subscription            Kocowa Free (sub)
Title: Only You;Episodes: 16;2005;Aired: Jun  4, 2005 - Jul 24, 2005;Original Network:  SBS;;Content Rating: Not Yet Rated;
Title: Single Again;Episodes: 14;2005;Aired: Jun  8, 2005 - Jul 21, 2005;Original Network:  SBS;;Content Rating: Not Yet Rated;
Title: Sad Goodbye;Episodes: 60;2005;Aired: Jun 11, 2005 - Jan  1, 2006;Original Network:  KBS2;;Content Rating: Not Yet Rated;
Title: Ice Girl;Episodes: 16;2005;Aired: Jun 27, 2005 - Aug 16, 2005;Original Network:  KBS2;;Content Rating: 15+ - Teens 15 or older;
Title: Sharp Season 2;Episodes: 50;2005;Aired: Mar  6, 2005 - Feb 26, 2006;Original Network:  KBS2;;Content Rating: 13+ - Teens 13 or older;
Title: 18 vs. 29;Episodes: 16;2005;Aired: Mar  7, 2005 - Apr 26, 2005;Original Network:  KBS2;;Content Rating: 15+ - Teens 15 or older;
Title: Wonderful Life;Episodes: 16;2005;Aired: Mar  7, 2005 - Apr 26, 2005;Original Network:  MBC;;Content Rating: 15+ - Teens 15 or older;
Title: Green Rose;Episodes: 22;2005;Aired: Mar 19, 2005 - May 29, 2005;Original Network:  SBS;;Content Rating: 15+ - Teens 15 or older;SBS VOD Purchase
Title: Bad Housewife;Episodes: 18;2005;Aired: Mar 21, 2005 - May 17, 2005;Original Network:  SBS;;Content Rating: 15+ - Teens 15 or older;
Title: Super Rookie;Episodes: 20;2005;Aired: Mar 23, 2005 - May 26, 2005;Original Network:  MBC;;Content Rating: 15+ - Teens 15 or older;옛드 : 옛날 드라마 [드라맛집] Free
Title: Hello, Franceska Season 2;Episodes: 14;2005;Aired: May  2, 2005 - Aug  1, 2005;Original Network:  MBC;;Content Rating: 15+ - Teens 15 or older;
Title: Loveholic;Episodes: 16;2005;Aired: May  2, 2005 - Jun 21, 2005;Original Network:  KBS2;;Content Rating: Not Yet Rated;
Title: Queen of Conditions;Episodes: 131;2005;Aired: May  9, 2005 - Oct  8, 2005;Original Network:  SBS;;Content Rating: Not Yet Rated;
Title: Dangerous Love;Episodes: 150;2005;Aired: May  9, 2005 - Oct 29, 2005;Original Network:  KBS2;;Content Rating: Not Yet Rated;
Title: Love Hymn;Episodes: 41;2005;Aired: May 14, 2005 - Oct  2, 2005;Original Network:  MBC;;Content Rating: Not Yet Rated;
Title: Next;Episodes: 14;2005;Aired: May 16, 2005 - Jun 28, 2005;Original Network:  MBC;;Content Rating: Not Yet Rated;
Title: Fashion 70's;Episodes: 28;2005;Aired: May 23, 2005 - Aug 29, 2005;Original Network:  SBS;;Content Rating: 15+ - Teens 15 or older;Prime Video Subscription (sub)           Kocowa Subscription (sub)
Title: That Summer Typhoon;Episodes: 30;2005;Aired: May 28, 2005 - Sep  4, 2005;Original Network:  SBS;;Content Rating: 15+ - Teens 15 or older;
Title: Sweet Spy;Episodes: 20;2005;Aired: Nov  7, 2005 - Jan 10, 2006;Original Network:  MBC;;Content Rating: Not Yet Rated;
Title: Can We Refill the Love?;Episodes: 140;2005;Aired: Nov  7, 2005 - Jun  9, 2006;Original Network:  KBS2;;Content Rating: Not Yet Rated;
Title: Golden Apple;Episodes: 30;2005;Aired: Nov 16, 2005 - Feb 23, 2006;Original Network:  KBS2;;Content Rating: 15+ - Teens 15 or older;
Title: Young Jae's Golden Days;Episodes: 15;2005;Aired: Nov 16, 2005 - Jan  5, 2006;Original Network:  MBC;;Content Rating: Not Yet Rated;
Title: Marrying a Millionaire;Episodes: 16;2005;Aired: Nov 26, 2005 - Jan 22, 2006;Original Network:  SBS;;Content Rating: Not Yet Rated;
Title: Youth In Barefoot;Episodes: 63;2005;Aired: Oct  3, 2005 - Dec 30, 2005;Original Network:  MBC;;Content Rating: Not Yet Rated;
Title: Love Needs a Miracle;Episodes: 20;2005;Aired: Oct  5, 2005 - Dec  8, 2005;Original Network:  SBS;;Content Rating: Not Yet Rated;
Title: Let's Get Married;Episodes: 51;2005;Aired: Oct  8, 2005 - Apr  2, 2006;Original Network:  MBC;;Content Rating: Not Yet Rated;
Title: Wild Flower;Episodes: 118;2005;Aired: Oct 10, 2005 - Feb 24, 2006;Original Network:  SBS;;Content Rating: Not Yet Rated;
Title: Nonstop Season 6;Episodes: 243;2005;Aired: Oct 24, 2005 - Nov  3, 2006;Original Network:  MBC;;Content Rating: 13+ - Teens 13 or older;
Title: Chosun Police;Episodes: 8;2005;Aired: Oct 29, 2005 - Jan 29, 2006;Original Network:  MBC;;Content Rating: Not Yet Rated;
Title: Taereung National Village;Episodes: 8;2005;Aired: Oct 29, 2005 - Nov 19, 2005;Original Network:  MBC;;Content Rating: 13+ - Teens 13 or older;Kocowa Subscription (sub)
Title: Don't Worry;Episodes: 156;2005;Aired: Oct 31, 2005 - Apr 29, 2006;Original Network:  KBS2;;Content Rating: Not Yet Rated;
Title: A Love to Kill;Episodes: 16;2005;Aired: Oct 31, 2005 - Dec 20, 2005;Original Network:  KBS2;;Content Rating: 15+ - Teens 15 or older;Prime Video Ppv            Kocowa Free (sub)
Title: Hello, Franceska Season 3;Episodes: 24;2005;Aired: Sep  5, 2005 - Feb 27, 2006;Original Network:  MBC;;Content Rating: 15+ - Teens 15 or older;
Title: Ballad of Seo Dong;Episodes: 55;2005;Aired: Sep  5, 2005 - Mar 21, 2006;Original Network:  SBS;;Content Rating: Not Yet Rated;Prime Video Subscription (sub)           Kocowa Subscription (sub)
Title: Dear Heaven;Episodes: 85;2005;Aired: Sep 10, 2005 - Jul  2, 2006;Original Network:  SBS;;Content Rating: Not Yet Rated;
Title: Hanoi Bride;Episodes: 2;2005;Aired: Sep 19, 2005;Original Network:  SBS;;Content Rating: 15+ - Teens 15 or older;
Title: Autumn Shower;Episodes: 16;2005;Aired: Sep 21, 2005 - Nov 10, 2005;Original Network:  MBC;;Content Rating: Not Yet Rated;
Title: Tears of Diamond;Episodes: 21;2005;Aired: Sep 23, 2005 - Dec  2, 2005;Original Network:  SBS;;Content Rating: 18+ Restricted (violence & profanity);
Title: Shin Don;Episodes: 61;2005;Aired: Sep 24, 2005 - May  7, 2006;Original Network:  MBC;;Content Rating: 15+ - Teens 15 or older;
Title: Lovers in Prague;Episodes: 18;2005;Aired: Sep 24, 2005 - Nov 20, 2005;Original Network:  SBS;;Content Rating: 15+ - Teens 15 or older;Viki Subscription (sub)           Prime Video Subscription (sub)           Roku Subscription            Kocowa Subscription (sub)
Title: The Bizarre Bunch;Episodes: 170;2005;Aired: Sep 26, 2005 - May 19, 2006;Original Network:  KBS1;;Content Rating: 15+ - Teens 15 or older;
Title: EBS Jump;Episodes: 48;2005;Aired: Aug, 2005;Original Network:  EBS;;Content Rating: G - All Ages;
Title: Famous Princesses;Episodes: 80;2006;Aired: Apr  1, 2006 - Dec 31, 2006;Original Network:  KBS2;;Content Rating: 15+ - Teens 15 or older;Prime Video Subscription (sub)           Roku Subscription            Kocowa Subscription (sub)
Title: Alone in Love;Episodes: 16;2006;Aired: Apr  3, 2006 - May 23, 2006;Original Network:  SBS;;Content Rating: 15+ - Teens 15 or older;SBS World Free (sub)           Prime Video Subscription (sub)           Roku Subscription            Kocowa Subscription (sub)
Title: Dr. Gang;Episodes: 16;2006;Aired: Apr  5, 2006 - May 25, 2006;Original Network:  MBC;;Content Rating: Not Yet Rated;
Title: I Really Really Like You;Episodes: 34;2006;Aired: Apr  8, 2006 - Aug  6, 2006;Original Network:  MBC;;Content Rating: 15+ - Teens 15 or older;
Title: After The Break Up;Episodes: 1;2006;Aired: Apr 16, 2006;Original Network:  SBS;;Content Rating: Not Yet Rated;
Title: My Lovely Fool;Episodes: 20;2006;Aired: Aug 11, 2006 - Oct 13, 2006;Original Network:  SBS;;Content Rating: Not Yet Rated;
Title: My Beloved Sister;Episodes: 55;2006;Aired: Aug 12, 2006 - Feb 18, 2007;Original Network:  MBC;;Content Rating: 13+ - Teens 13 or older;
Title: Dasepo Naughty Girls;Episodes: 38;2006;Aired: Aug 30, 2006 - Jan 11, 2007;Original Network:  Mirovision;;Content Rating: Not Yet Rated;
Title: Love and Hate;Episodes: 120;2006;Aired: Dec  4, 2006 - Apr 21, 2007;Original Network:  SBS;;Content Rating: Not Yet Rated;
Title: Miracle;Episodes: 4;2006;Aired: Dec  9, 2006 - Dec 17, 2006;Original Network:  MBC;;Content Rating: Not Yet Rated;
Title: Billie Jean, Look at Me;Episodes: 26;2006;Aired: Dec 26, 2006 - Feb  6, 2007;Original Network:  MBC;;Content Rating: Not Yet Rated;
Title: Love and Ambition;Episodes: 80;2006;Aired: Feb  4, 2006 - Nov 12, 2006;Original Network:  SBS;;Content Rating: Not Yet Rated;
Title: Special of My Life;Episodes: 8;2006;Aired: Feb  6, 2006 - Feb 28, 2006;Original Network:  MBC;;Content Rating: Not Yet Rated;
Title: Tree of Heaven;Episodes: 10;2006;Aired: Feb  8, 2006 - Mar  9, 2006;Original Network:  SBS;;Content Rating: 15+ - Teens 15 or older;
Title: Vacation;Episodes: 4;2006;Aired: Feb 19, 2006 - Mar 12, 2006;Original Network:   Yunsae University Main Auditorium, OCN;;Content Rating: 13+ - Teens 13 or older;
Title: One Day Suddenly;Episodes: 20;2006;Aired: Feb 24, 2006 - Apr 28, 2006;Original Network:  SBS;;Content Rating: Not Yet Rated;
Title: I Want to Love;Episodes: 128;2006;Aired: Feb 27, 2006 - Jul 29, 2006;Original Network:  SBS;;Content Rating: 15+ - Teens 15 or older;SBS VOD Free
Title: Love Can't Wait;Episodes: 124;2006;Aired: Jan  2, 2006 - Jun 30, 2006;Original Network:  MBC;;Content Rating: 13+ - Teens 13 or older;
Title: Thank You Life;Episodes: 24;2006;Aired: Jan  7, 2006 - Mar 26, 2006;Original Network:  KBS2;;Content Rating: 13+ - Teens 13 or older;
Title: Seoul 1945;Episodes: 71;2006;Aired: Jan  7, 2006 - Sep 10, 2006;Original Network:  KBS1;;Content Rating: Not Yet Rated;
Title: Hello, God;Episodes: 16;2006;Aired: Jan  9, 2006 - Feb 28, 2006;Original Network:  KBS2;;Content Rating: Not Yet Rated;
Title: There's Light at the Tip of My Fingernails;Episodes: 8;2006;Aired: Jan 11, 2006 - Feb  2, 2006;Original Network:  EBS;;Content Rating: Not Yet Rated;
Title: Princess Hours;Episodes: 24;2006;Aired: Jan 11, 2006 - Mar 30, 2006;Original Network:  MBC;;Content Rating: 13+ - Teens 13 or older;WeTV Free (sub)           Viki Subscription            Prime Video Subscription (sub)           Kocowa Subscription
Title: Alien Sam;Episodes: 26;2006;Aired: Jan 12, 2006 - Apr  7, 2006;Original Network:  Tooniverse;;Content Rating: Not Yet Rated;
Title: Wolf;Episodes: 3;2006;Aired: Jan 16, 2006 - Jan 23, 2006;Original Network:  MBC;;Content Rating: Not Yet Rated;
Title: End of Love;Episodes: 130;2006;Aired: Jan 31, 2006 - Jul 14, 2006;Original Network:  MBC;;Content Rating: 15+ - Teens 15 or older;
Title: How Much Love?;Episodes: 125;2006;Aired: Jul  3, 2006 - Dec 26, 2006;Original Network:  MBC;;Content Rating: Not Yet Rated;
Title: Look Back With a Smile;Episodes: 90;2006;Aired: Jul  3, 2006 - Nov 17, 2006;Original Network:  KBS2;;Content Rating: Not Yet Rated;
Title: The Invisible Man;Episodes: 16;2006;Aired: Jul  5, 2006 - Sep  7, 2006;Original Network:  KBS2;;Content Rating: 15+ - Teens 15 or older;
Title: Yeon Gae Somun;Episodes: 100;2006;Aired: Jul  8, 2006 - Jul 17, 2007;Original Network:  SBS;;Content Rating: 15+ - Teens 15 or older;
Title: Please Come Back, Soon Ae;Episodes: 16;2006;Aired: Jul 12, 2006 - Aug 31, 2006;Original Network:  SBS;;Content Rating: Not Yet Rated;
Title: Looking For Dorothy;Episodes: 4;2006;Aired: Jul 15, 2006 - Jul 23, 2006;Original Network:  MBC;;Content Rating: Not Yet Rated;
Title: Love Me When You Can;Episodes: 169;2006;Aired: Jul 17, 2006 - Mar  9, 2007;Original Network:  MBC;;Content Rating: Not Yet Rated;
Title: Coma;Episodes: 5;2006;Aired: Jul 21, 2006 - Aug 18, 2006;Original Network:  OCN;;Content Rating: 15+ - Teens 15 or older;
Title: The Man of the Vineyard;Episodes: 16;2006;Aired: Jul 24, 2006 - Sep 12, 2006;Original Network:  KBS2;;Content Rating: 15+ - Teens 15 or older;Prime Video Subscription (sub)           Kocowa Subscription (sub)
Title: Over the Rainbow;Episodes: 16;2006;Aired: Jul 26, 2006 - Sep 14, 2006;Original Network:  MBC;;Content Rating: 13+ - Teens 13 or older;옛드 : 옛날 드라마 [드라맛집] Free (sub)           Prime Video Subscription (sub)           Kocowa Subscription (sub)
Title: Rude Women;Episodes: 18;2006;Aired: Jul 29, 2006 - Sep 24, 2006;Original Network:  MBC;;Content Rating: Not Yet Rated;
Title: Barefoot Love;Episodes: 105;2006;Aired: Jul 31, 2006 - Dec  2, 2006;Original Network:  SBS;;Content Rating: Not Yet Rated;
Title: Stranger Than Paradise;Episodes: 16;2006;Aired: Jul 31, 2006 - Sep 19, 2006;Original Network:  SBS;;Content Rating: Not Yet Rated;
Title: Goodbye, Solo;Episodes: 16;2006;Aired: Mar  1, 2006 - Apr 20, 2006;Original Network:  KBS2;;Content Rating: 15+ - Teens 15 or older;
Title: Sharp Season 3;Episodes: 51;2006;Aired: Mar  5, 2006 - Feb 25, 2007;Original Network:  KBS2;;Content Rating: Not Yet Rated;
Title: Spring Waltz;Episodes: 20;2006;Aired: Mar  6, 2006 - May 16, 2006;Original Network:  KBS2;;Content Rating: 15+ - Teens 15 or older;Apple TV Subscription
Title: Soulmate;Episodes: 12;2006;Aired: Mar 13, 2006 - Jun  5, 2006;Original Network:  MBC;;Content Rating: Not Yet Rated;
Title: Which Star Are You From?;Episodes: 16;2006;Aired: Mar 13, 2006 - May  2, 2006;Original Network:  MBC;;Content Rating: 15+ - Teens 15 or older;
Title: Can We Love Again;Episodes: 2;2006;Aired: Mar 18, 2006;Original Network:  MBC;;Content Rating: Not Yet Rated;
Title: TV Novel: As the River Flows;Episodes: 198;2006;Aired: Mar 20, 2006 - Nov  4, 2006;Original Network:  KBS1;;Content Rating: Not Yet Rated;
Title: Bad Family;Episodes: 16;2006;Aired: Mar 22, 2006 - May 11, 2006;Original Network:  SBS;;Content Rating: 15+ - Teens 15 or older;
Title: A Woman's Choice;Episodes: 165;2006;Aired: May  1, 2006 - Nov 11, 2006;Original Network:  KBS2;;Content Rating: Not Yet Rated;
Title: Great Inheritance;Episodes: 17;2006;Aired: May  3, 2006 - Jun 29, 2006;Original Network:  KBS2;;Content Rating: 15+ - Teens 15 or older;
Title: Hwarang Fighter Maru;Episodes: 121;2006;Aired: May  8, 2006 - Sep  2, 2006;Original Network:  KBS2;;Content Rating: Not Yet Rated;
Title: Secret Campus;Episodes: 24;2006;Aired: May 10, 2006 - Jul 27, 2006;Original Network:  EBS;;Content Rating: 13+ - Teens 13 or older;
Title: Break;Episodes: 6;2006;Aired: May 11, 2006 - Jun 15, 2006;Original Network:  Mnet;;Content Rating: Not Yet Rated;
Title: Exhibition of Fireworks;Episodes: 17;2006;Aired: May 13, 2006 - Jul  9, 2006;Original Network:  MBC;;Content Rating: 15+ - Teens 15 or older;
Title: Jumong;Episodes: 81;2006;Aired: May 15, 2006 - Mar  6, 2007;Original Network:  MBC;;Content Rating: 15+ - Teens 15 or older;Viki Subscription (sub)           Prime Video Subscription (sub)           Kocowa Subscription (sub)
Title: Smile, Again;Episodes: 16;2006;Aired: May 17, 2006 - Jul  6, 2006;Original Network:  SBS;;Content Rating: Not Yet Rated;Kocowa Subscription (sub)
Title: I'll Go With You;Episodes: 21;2006;Aired: May 20, 2006 - Aug  5, 2006;Original Network:  SBS;;Content Rating: 15+ - Teens 15 or older;
Title: Hearts of Nineteen;Episodes: 167;2006;Aired: May 22, 2006 - Jan 12, 2007;Original Network:  KBS1;;Content Rating: 15+ - Teens 15 or older;
Title: Mr. Goodbye;Episodes: 16;2006;Aired: May 22, 2006 - Jul 18, 2006;Original Network:  KBS2;;Content Rating: Not Yet Rated;
Title: 101st Proposal;Episodes: 15;2006;Aired: May 29, 2006 - Jul 25, 2006;Original Network:  SBS;;Content Rating: 15+ - Teens 15 or older;
Title: One Fine Day;Episodes: 16;2006;Aired: May 31, 2006 - Jul 20, 2006;Original Network:  MBC;;Content Rating: 15+ - Teens 15 or older;Apple TV Subscription            Viki Subscription (sub)           Kocowa Subscription (sub)
Title: TV Novel: Sun Ok;Episodes: 150;2006;Aired: Nov  5, 2006 - Apr 28, 2007;Original Network:  KBS1;;Content Rating: Not Yet Rated;
Title: High Kick!;Episodes: 167;2006;Aired: Nov  6, 2006 - Jul 13, 2007;Original Network:  MBC;;Content Rating: 13+ - Teens 13 or older;Apple TV Subscription (sub)           Prime Video Subscription            옛드 : 옛날 드라마 [드라맛집] Free            Viki Subscription            Kocowa Subscription
Title: Lovers;Episodes: 20;2006;Aired: Nov  8, 2006 - Jan 11, 2007;Original Network:  SBS;;Content Rating: 15+ - Teens 15 or older;Prime Video Subscription (sub)           Kocowa Subscription (sub)
Title: Someday;Episodes: 16;2006;Aired: Nov 11, 2006 - Dec 29, 2006;Original Network:  OCN;;Content Rating: Not Yet Rated;AsianCrush Free
Title: The Snow Queen;Episodes: 16;2006;Aired: Nov 13, 2006 - Jan  8, 2007;Original Network:  KBS2;;Content Rating: 15+ - Teens 15 or older;
Title: Here Comes Ajumma;Episodes: 162;2006;Aired: Nov 13, 2006 - May 19, 2007;Original Network:  KBS2;;Content Rating: Not Yet Rated;
Title: 90 Days of Love;Episodes: 16;2006;Aired: Nov 15, 2006 - Jan  4, 2007;Original Network:  MBC;;Content Rating: 15+ - Teens 15 or older;
Title: Queen of the Game;Episodes: 20;2006;Aired: Nov 18, 2006 - Jan 28, 2007;Original Network:  SBS;;Content Rating: Not Yet Rated;
Title: Snow Flower;Episodes: 16;2006;Aired: Nov 20, 2006 - Jan  9, 2007;Original Network:  SBS;;Content Rating: 13+ - Teens 13 or older;
Title: Just Run!;Episodes: 21;2006;Aired: Nov 23, 2006 - Apr 19, 2007;Original Network:  KBS2;;Content Rating: Not Yet Rated;
Title: Erexion;Episodes: 26;2006;Aired: Nov 24, 2006 - Apr 27, 2007;Original Network:  KBS2;;Content Rating: G - All Ages;
Title: Hwang Jin Yi;Episodes: 24;2006;Aired: Oct 11, 2006 - Dec 28, 2006;Original Network:  KBS2;;Content Rating: 15+ - Teens 15 or older;KBS World Free (sub)           Prime Video Subscription (sub)           Kocowa Subscription (sub)
Title: Hyena;Episodes: 16;2006;Aired: Oct 11, 2006 - Nov 30, 2006;Original Network:  tvN;;Content Rating: 18+ Restricted (violence & profanity);
Title: Couple or Trouble;Episodes: 16;2006;Aired: Oct 14, 2006 - Dec  3, 2006;Original Network:  MBC;;Content Rating: 15+ - Teens 15 or older;Viki Subscription (sub)           Kocowa Subscription (sub)
Title: My Love;Episodes: 20;2006;Aired: Oct 27, 2006 - Jan  5, 2007;Original Network:  SBS;;Content Rating: Not Yet Rated;
Title: Freeze;Episodes: 5;2006;Aired: Oct 27, 2006 - Oct 31, 2006;Original Network:  CGV;;Content Rating: 15+ - Teens 15 or older;
Title: Invincible Parachute Agent;Episodes: 16;2006;Aired: Sep  6, 2006 - Nov  2, 2006;Original Network:  SBS;;Content Rating: 15+ - Teens 15 or older;
Title: Special Crime Investigation;Episodes: 4;2006;Aired: Sep 13, 2006 - Sep 21, 2006;Original Network:  KBS2;;Content Rating: Not Yet Rated;
Title: Dae Jo Yeong;Episodes: 134;2006;Aired: Sep 16, 2006 - Dec 23, 2007;Original Network:  KBS1;;Content Rating: 15+ - Teens 15 or older;KBS Drama Classic Subscription
Title: Cloud Stairs;Episodes: 16;2006;Aired: Sep 18, 2006 - Nov  7, 2006;Original Network:  KBS2;;Content Rating: Not Yet Rated;
Title: What's Up, Fox?;Episodes: 16;2006;Aired: Sep 20, 2006 - Nov  9, 2006;Original Network:  MBC;;Content Rating: 15+ - Teens 15 or older;Prime Video Subscription
Title: Common Single;Episodes: 14;2006;Aired: Sep 25, 2006 - Nov  7, 2006;Original Network:  SBS;;Content Rating: Not Yet Rated;
Title: My Man's Woman;Episodes: 24;2007;Aired: Apr  2, 2007 - Jun 19, 2007;Original Network:  SBS;;Content Rating: Not Yet Rated;
Title: Blue Fish;Episodes: 16;2007;Aired: Apr  7, 2007 - May 27, 2007;Original Network:  SBS;;Content Rating: 15+ - Teens 15 or older;
Title: Ugly Miss Young Ae;Episodes: 16;2007;Aired: Apr 20, 2007 - Aug  3, 2007;Original Network:  tvN;;Content Rating: Not Yet Rated;
Title: Good Day To Love;Episodes: 136;2007;Aired: Apr 23, 2007 - Sep 29, 2007;Original Network:  SBS;;Content Rating: Not Yet Rated;
Title: TV Novel: Landscape In My Heart;Episodes: 138;2007;Aired: Apr 30, 2007 - Nov  9, 2007;Original Network:  KBS1;;Content Rating: Not Yet Rated;
Title: I Am Your Teacher;Episodes: 16;2007;Aired: Aug  6, 2007 - Oct  2, 2007;Original Network:  KBS2;;Content Rating: 15+ - Teens 15 or older;Viki Subscription (sub)           KBS World Free            Prime Video Subscription (sub)           Kocowa Subscription
Title: Six Martyred Ministers;Episodes: 24;2007;Aired: Aug  8, 2007 - Nov  1, 2007;Original Network:  KBS2;;Content Rating: 13+ - Teens 13 or older;
Title: Kimcheed Radish Cubes;Episodes: 44;2007;Aired: Aug 18, 2007 - Jan 27, 2008;Original Network:  MBC;;Content Rating: 15+ - Teens 15 or older;
Title: Sky High;Episodes: 20;2007;Aired: Aug 24, 2007 - Oct 26, 2007;Original Network:  SBS;;Content Rating: Not Yet Rated;
Title: The King and I;Episodes: 63;2007;Aired: Aug 27, 2007 - Apr  1, 2008;Original Network:  SBS;;Content Rating: Not Yet Rated;
Title: Cruel Love;Episodes: 20;2007;Aired: Dec  3, 2007 - Feb 12, 2008;Original Network:  KBS2;;Content Rating: 15+ - Teens 15 or older;
Title: New Heart;Episodes: 23;2007;Aired: Dec 12, 2007 - Feb 28, 2008;Original Network:  MBC;;Content Rating: 15+ - Teens 15 or older;Viki Subscription (sub)           Kocowa Subscription
Title: Crazy for You;Episodes: 16;2007;Aired: Feb  3, 2007 - Apr  1, 2007;Original Network:  SBS;;Content Rating: 15+ - Teens 15 or older;SBS VOD Free
Title: Romance Hunter;Episodes: 16;2007;Aired: Feb  7, 2007 - May 23, 2007;Original Network:  tvN;;Content Rating: Not Yet Rated;
Title: Ghost Pang Pang;Episodes: 56;2007;Aired: Feb 17, 2007 - Sep  7, 2007;Original Network:  SBS;;Content Rating: G - All Ages;
Title: Mun Hee;Episodes: 49;2007;Aired: Feb 24, 2007 - Aug 12, 2007;Original Network:  MBC;;Content Rating: Not Yet Rated;
Title: Bad Woman, Good Woman;Episodes: 140;2007;Aired: Jan  1, 2007 - Jul 13, 2007;Original Network:  MBC;;Content Rating: Not Yet Rated;
Title: Dalja's Spring;Episodes: 22;2007;Aired: Jan  3, 2007 - Mar 15, 2007;Original Network:  KBS2;;Content Rating: 15+ - Teens 15 or older;Kocowa Subscription (sub)
Title: A Happy Woman;Episodes: 58;2007;Aired: Jan  6, 2007 - Jul 22, 2007;Original Network:  KBS2;;Content Rating: 15+ - Teens 15 or older;
Title: Behind the White Tower;Episodes: 20;2007;Aired: Jan  6, 2007 - Mar 11, 2007;Original Network:  MBC;;Content Rating: Not Yet Rated;Viki Subscription (sub)           Kocowa Subscription (sub)
Title: Prince Hours;Episodes: 20;2007;Aired: Jan 10, 2007 - Mar 15, 2007;Original Network:  MBC;;Content Rating: 15+ - Teens 15 or older;Viki Subscription (sub)           Prime Video Subscription (sub)           Roku Subscription            Kocowa Subscription
Title: Salt Doll;Episodes: 20;2007;Aired: Jan 12, 2007 - Mar 16, 2007;Original Network:  SBS;;Content Rating: Not Yet Rated;
Title: High as Sky Wide as Earth;Episodes: 165;2007;Aired: Jan 15, 2007 - Aug 31, 2007;Original Network:  KBS1;;Content Rating: Not Yet Rated;
Title: When Spring Comes;Episodes: 16;2007;Aired: Jan 15, 2007 - Mar 20, 2007;Original Network:  KBS2;;Content Rating: Not Yet Rated;
Title: The Person I Love;Episodes: 20;2007;Aired: Jan 15, 2007 - Mar 27, 2007;Original Network:  SBS;;Content Rating: Not Yet Rated;
Title: Mermaid Story;Episodes: 4;2007;Aired: Jan 17, 2007 - Jan 24, 2007;Original Network:  tvN;;Content Rating: Not Yet Rated;
Title: Surgeon Bong Dal Hee;Episodes: 18;2007;Aired: Jan 17, 2007 - Mar 15, 2007;Original Network:  SBS;;Content Rating: Not Yet Rated;Kocowa Subscription
Title: Coffee Prince;Episodes: 17;2007;Aired: Jul  2, 2007 - Aug 28, 2007;Original Network:  MBC;;Content Rating: 15+ - Teens 15 or older;Apple TV Free (sub)           Netflix Subscription (sub)           WeTV Free (sub)           Viki Subscription (sub)           iflix Free            Kocowa Subscription (sub)
Title: The Great Catsby;Episodes: 24;2007;Aired: Jul  4, 2007 - Sep 22, 2007;Original Network:  tvN;;Content Rating: Not Yet Rated;
Title: Conspiracy in the Court;Episodes: 8;2007;Aired: Jul  9, 2007 - Jul 31, 2007;Original Network:  KBS2;;Content Rating: Not Yet Rated;
Title: 9 End 2 Outs;Episodes: 16;2007;Aired: Jul 14, 2007 - Sep  9, 2007;Original Network:  MBC;;Content Rating: 15+ - Teens 15 or older;옛드 : 옛날 드라마 [드라맛집] Free (sub)           Prime Video Subscription
Title: Queen of Ahyun;Episodes: 204;2007;Aired: Jul 16, 2007 - May  9, 2008;Original Network:  MBC;;Content Rating: Not Yet Rated;
Title: Urban Legends Deja Vu;Episodes: 8;2007;Aired: Jul 18, 2007 - Aug  9, 2007;Original Network:  SUPER ACTION;;Content Rating: R - Restricted Screening (nudity & violence);
Title: Time Between Dog and Wolf;Episodes: 16;2007;Aired: Jul 18, 2007 - Sep  6, 2007;Original Network:  MBC;;Content Rating: 15+ - Teens 15 or older;Viki Subscription (sub)           Prime Video Subscription (sub)           Roku Subscription (sub)           Kocowa Free (sub)
Title: Kimchi Cheese Smile;Episodes: 121;2007;Aired: Jul 23, 2007 - Jan 18, 2008;Original Network:  MBC;;Content Rating: G - All Ages;
Title: How to Meet a Perfect Neighbor;Episodes: 20;2007;Aired: Jul 25, 2007 - Sep 27, 2007;Original Network:  SBS;;Content Rating: 13+ - Teens 13 or older;
Title: Temptation of Eve;Episodes: 4;2007;Aired: Jul 27, 2007 - Aug 20, 2007;Original Network:;;Content Rating: 18+ Restricted (violence & profanity);
Title: Golden Era of Daughter in Law;Episodes: 52;2007;Aired: Jul 28, 2007 - Jan 20, 2008;Original Network:  KBS2;;Content Rating: 15+ - Teens 15 or older;
Title: Get Karl! Oh Soo Jung;Episodes: 16;2007;Aired: Jul 28, 2007 - Sep 16, 2007;Original Network:  SBS;;Content Rating: 15+ - Teens 15 or older;Viki Subscription (sub)           Kocowa Subscription (sub)
Title: Bad Couple;Episodes: 16;2007;Aired: Jun  2, 2007 - Jul 22, 2007;Original Network:  SBS;;Content Rating: 15+ - Teens 15 or older;Viki Subscription            Kocowa Subscription (sub)
Title: Capital Scandal;Episodes: 16;2007;Aired: Jun  6, 2007 - Aug  1, 2007;Original Network:  KBS2;;Content Rating: 13+ - Teens 13 or older;KBS World Free            Kocowa Free (sub)
Title: Snow in August;Episodes: 20;2007;Aired: Jun 16, 2007 - Aug 18, 2007;Original Network:  SBS;;Content Rating: 15+ - Teens 15 or older;
Title: Golden Bride;Episodes: 64;2007;Aired: Jun 23, 2007 - Feb  3, 2008;Original Network:  SBS;;Content Rating: 13+ - Teens 13 or older;
Title: Catch a Kang Nam Mother;Episodes: 18;2007;Aired: Jun 25, 2007 - Aug 21, 2007;Original Network:  SBS;;Content Rating: Not Yet Rated;
Title: Crime;Episodes: 4;2007;Aired: Mar  8, 2007 - Mar 16, 2007;Original Network:;;Content Rating: Not Yet Rated;
Title: My Mom, Supermom;Episodes: 25;2007;Aired: Mar 11, 2007 - Aug 26, 2007;Original Network:  KBS2;;Content Rating: 15+ - Teens 15 or older;
Title: By My Side;Episodes: 144;2007;Aired: Mar 12, 2007 - Sep 28, 2007;Original Network:  MBC;;Content Rating: Not Yet Rated;
Title: Que Sera Sera;Episodes: 17;2007;Aired: Mar 17, 2007 - May 14, 2007;Original Network:  MBC;;Content Rating: 15+ - Teens 15 or older;Viki Subscription (sub)           Prime Video Subscription (sub)           Kocowa Subscription (sub)
Title: Hello! My Lady;Episodes: 16;2007;Aired: Mar 19, 2007 - May  8, 2007;Original Network:  KBS2;;Content Rating: 15+ - Teens 15 or older;Viki Subscription (sub)           Kocowa Subscription
Title: H.I.T;Episodes: 20;2007;Aired: Mar 19, 2007 - May 22, 2007;Original Network:  MBC;;Content Rating: 15+ - Teens 15 or older;
Title: Yu Hee, the Witch;Episodes: 16;2007;Aired: Mar 21, 2007 - May 10, 2007;Original Network:  SBS;;Content Rating: 15+ - Teens 15 or older;Apple TV Subscription (sub)           Prime Video Subscription (sub)           Roku Subscription            Kocowa Subscription (sub)
Title: Thank You;Episodes: 16;2007;Aired: Mar 21, 2007 - May 10, 2007;Original Network:  MBC;;Content Rating: 13+ - Teens 13 or older;Viki Subscription (sub)           옛드 : 옛날 드라마 [드라맛집] Free            Prime Video Subscription (sub)           Kocowa Subscription (sub)
Title: Lucifer;Episodes: 20;2007;Aired: Mar 21, 2007 - May 24, 2007;Original Network:  KBS2;;Content Rating: 15+ - Teens 15 or older;KBS World Free            Kocowa Free (sub)
Title: If in Love Like Them;Episodes: 4;2007;Aired: Mar 23, 2007 - Apr 13, 2007;Original Network:  SBS;;Content Rating: 13+ - Teens 13 or older;
Title: Oh Lovers;Episodes: 20;2007;Aired: Mar 30, 2007 - Jun  8, 2007;Original Network:  SBS;;Content Rating: Not Yet Rated;
Title: Mackerel Run;Episodes: 8;2007;Aired: May 12, 2007 - Jun 30, 2007;Original Network:  SBS;;Content Rating: 15+ - Teens 15 or older;
Title: Flowers for My Life;Episodes: 16;2007;Aired: May 14, 2007 - Jul  3, 2007;Original Network:  KBS2;;Content Rating: Not Yet Rated;
Title: Merry Mary;Episodes: 16;2007;Aired: May 16, 2007 - Jul  5, 2007;Original Network:  MBC;;Content Rating: 15+ - Teens 15 or older;Viki Subscription (sub)           Prime Video Subscription (sub)           Roku Subscription            Kocowa Subscription (sub)
Title: Money's Warfare;Episodes: 20;2007;Aired: May 16, 2007 - Jul 19, 2007;Original Network:  SBS;;Content Rating: 15+ - Teens 15 or older;
Title: Kid Gang;Episodes: 16;2007;Aired: May 18, 2007 - Jul  6, 2007;Original Network:  OCN;;Content Rating: 15+ - Teens 15 or older;
Title: Air City;Episodes: 16;2007;Aired: May 19, 2007 - Jul  8, 2007;Original Network:  MBC;;Content Rating: 15+ - Teens 15 or older;Viki Free (sub)           Prime Video Subscription (sub)           Roku Subscription            Kocowa Subscription (sub)
Title: It's Ok Because I Love You;Episodes: 114;2007;Aired: May 21, 2007 - Sep 29, 2007;Original Network:  KBS2;;Content Rating: 15+ - Teens 15 or older;
Title: Modern Housewives;Episodes: 10;2007;Aired: May 28, 2007 - Jun 26, 2007;Original Network:  MBC;;Content Rating: 15+ - Teens 15 or older;
Title: 30,000 Miles in Search of My Son;Episodes: 21;2007;Aired: Nov  2, 2007 - Jan 25, 2008;Original Network:  SBS;;Content Rating: Not Yet Rated;
Title: Unstoppable Marriage;Episodes: 140;2007;Aired: Nov  5, 2007 - May 30, 2008;Original Network:  KBS2;;Content Rating: 15+ - Teens 15 or older;
Title: In Soon Is Pretty;Episodes: 16;2007;Aired: Nov  7, 2007 - Dec 27, 2007;Original Network:  KBS2;;Content Rating: Not Yet Rated;
Title: Company Love;Episodes: 8;2007;Aired: Nov  9, 2007 - Nov 30, 2007;Original Network:  OCN;;Content Rating: 18+ Restricted (violence & profanity);
Title: TV Novel: Beautiful Days;Episodes: 149;2007;Aired: Nov 12, 2007 - Jun  6, 2008;Original Network:  KBS1;;Content Rating: 15+ - Teens 15 or older;
Title: Finding Love;Episodes: 4;2007;Aired: Nov 16, 2007 - Dec  7, 2007;Original Network:  MBC;;Content Rating: Not Yet Rated;
Title: Eight Days Mystery of Jeong Jo Assassination;Episodes: 10;2007;Aired: Nov 17, 2007 - Dec 16, 2007;Original Network:  CGV;;Content Rating: 18+ Restricted (violence & profanity);
Title: Medical Gibang Cinema;Episodes: 10;2007;Aired: Nov 20, 2007 - Jan 22, 2008;Original Network:  OCN;;Content Rating: 18+ Restricted (violence & profanity);
Title: S Clinic;Episodes: 8;2007;Aired: Nov 21, 2007 - Dec 12, 2007;Original Network:  SUPER ACTION;;Content Rating: Not Yet Rated;
Title: Even So Love;Episodes: 138;2007;Aired: Oct  1, 2007 - Apr 11, 2008;Original Network:  MBC;;Content Rating: Not Yet Rated;
Title: The Innocent Woman;Episodes: 174;2007;Aired: Oct  1, 2007 - Apr 19, 2008;Original Network:  KBS2;;Content Rating: Not Yet Rated;
Title: Scary Girl;Episodes: 127;2007;Aired: Oct  8, 2007 - Apr 18, 2008;Original Network:  SBS;;Content Rating: Not Yet Rated;
Title: Evasive Inquiry Agency;Episodes: 16;2007;Aired: Oct  8, 2007 - Nov 27, 2007;Original Network:  KBS2;;Content Rating: 15+ - Teens 15 or older;
Title: Lobbyist;Episodes: 24;2007;Aired: Oct 10, 2007 - Dec 26, 2007;Original Network:  SBS;;Content Rating: 15+ - Teens 15 or older;
Title: Byul Soon Geom;Episodes: 20;2007;Aired: Oct 13, 2007 - Dec 15, 2007;Original Network:  MBC Dramanet;;Content Rating: Not Yet Rated;
Title: The Devil That Pours Red Wine;Episodes: 4;2007;Aired: Oct 19, 2007 - Nov  9, 2007;Original Network:  MBC;;Content Rating: Not Yet Rated;
Title: Hometown over the Hill;Episodes: 211;2007;Aired: Oct 24, 2007 - Feb 26, 2012;Original Network:  KBS1;;Content Rating: Not Yet Rated;
Title: Likeable or Not;Episodes: 172;2007;Aired: Sep  3, 2007 - May  2, 2008;Original Network:  KBS1;;Content Rating: Not Yet Rated;
Title: Legend of Hyang Dan;Episodes: 2;2007;Aired: Sep  3, 2007 - Sep  4, 2007;Original Network:  MBC;;Content Rating: Not Yet Rated;Prime Video Subscription (sub)           Kocowa Subscription (sub)
Title: Ugly Miss Young Ae Season 2;Episodes: 16;2007;Aired: Sep  7, 2007 - Dec 21, 2007;Original Network:  tvN;;Content Rating: Not Yet Rated;
Title: The Legend;Episodes: 24;2007;Aired: Sep 11, 2007 - Dec  5, 2007;Original Network:  MBC;;Content Rating: 15+ - Teens 15 or older;
Title: Winter Bird;Episodes: 43;2007;Aired: Sep 15, 2007 - Mar  2, 2008;Original Network:  MBC;;Content Rating: 15+ - Teens 15 or older;
Title: Lee San, Wind of the Palace;Episodes: 77;2007;Aired: Sep 17, 2007 - Jun 16, 2008;Original Network:  MBC;;Content Rating: 15+ - Teens 15 or older;Viki Subscription (sub)           Prime Video Free            Kocowa Subscription (sub)
Title: Urban Legends Deja Vu Season 2;Episodes: 8;2007;Aired: Sep 29, 2007 - Nov 17, 2007;Original Network:  SUPER ACTION;;Content Rating: R - Restricted Screening (nudity & violence);
Title: First Wives Club;Episodes: 104;2007;Aired: Sep 29, 2007 - Oct  5, 2008;Original Network:  SBS;;Content Rating: 15+ - Teens 15 or older;SBS VOD Free
Title: Auction House;Episodes: 12;2007;Aired: Sep 30, 2007 - Dec 23, 2007;Original Network:  MBC;;Content Rating: Not Yet Rated;
Title: Cannot Hate You;Episodes: 129;2007;Aired: Aug, 2007;Original Network:  SBS;;Content Rating: Not Yet Rated;
Title: Chemistry of Love;Episodes: 4;2007;Aired: Aug, 2007;Original Network:  Drama X;;Content Rating: Not Yet Rated;
Title: Three Dads One Mom;Episodes: 16;2008;Aired: Apr  2, 2008 - May 22, 2008;Original Network:  KBS2;;Content Rating: 15+ - Teens 15 or older;
Title: Urban Legends Deja Vu Season 3;Episodes: 8;2008;Aired: Apr  2, 2008 - May 28, 2008;Original Network:  SUPER ACTION;;Content Rating: R - Restricted Screening (nudity & violence);
Title: I Love You;Episodes: 16;2008;Aired: Apr  7, 2008 - May 27, 2008;Original Network:  SBS;;Content Rating: Not Yet Rated;Viki Free (sub)
Title: Kidam Legend;Episodes: 21;2008;Aired: Apr  7, 2008 - Sep 22, 2008;Original Network: E-Channel;;Content Rating: Not Yet Rated;
Title: Life Special Investigation Team;Episodes: 12;2008;Aired: Apr 13, 2008 - Jun 29, 2008;Original Network:  MBC;;Content Rating: 15+ - Teens 15 or older;
Title: Powerful Opponents;Episodes: 16;2008;Aired: Apr 14, 2008 - Jun  3, 2008;Original Network:  KBS2;;Content Rating: 13+ - Teens 13 or older;
Title: Don't Be Swayed;Episodes: 164;2008;Aired: Apr 14, 2008 - Oct 28, 2008;Original Network:  MBC;;Content Rating: Not Yet Rated;
Title: You Stole My Heart;Episodes: 156;2008;Aired: Apr 21, 2008 - Oct 18, 2008;Original Network:  KBS2;;Content Rating: Not Yet Rated;
Title: Aeja's Older Sister, Minja;Episodes: 140;2008;Aired: Apr 21, 2008 - Oct 31, 2008;Original Network:  SBS;;Content Rating: Not Yet Rated;
Title: Nine-Tailed Fox;Episodes: 1;2008;Aired: Aug  6, 2008;Original Network:  KBS2;;Content Rating: Not Yet Rated;
Title: Hometown Legends;Episodes: 8;2008;Aired: Aug  6, 2008 - Sep  3, 2008;Original Network:  KBS2;;Content Rating: Not Yet Rated;Kocowa Subscription (sub)
Title: Let’s Head to Cheongsan, My Dear;Episodes: 1;2008;Aired: Aug  7, 2008;Original Network:  KBS2;;Content Rating: Not Yet Rated;
Title: Demon Book;Episodes: 1;2008;Aired: Aug 14, 2008;Original Network:;;Content Rating: Not Yet Rated;
Title: Master of the Five Paths;Episodes: 1;2008;Aired: Aug 21, 2008;Original Network:;;Content Rating: Not Yet Rated;
Title: East of Eden;Episodes: 56;2008;Aired: Aug 25, 2008 - Mar 10, 2009;Original Network:  MBC;;Content Rating: 15+ - Teens 15 or older;Viki Subscription (sub)           옛드 : 옛날 드라마 [드라맛집] Free            Prime Video Subscription (sub)           Kocowa Subscription (sub)
Title: Matchmaker's Lover;Episodes: 16;2008;Aired: Aug 25, 2008 - Oct 20, 2008;Original Network:  KBS2;;Content Rating: Not Yet Rated;Viki Subscription (sub)           Kocowa Subscription (sub)
Title: Gibang Horror Story;Episodes: 1;2008;Aired: Aug 27, 2008;Original Network: KBS2;;Content Rating: Not Yet Rated;
Title: Tale of the Grim Reaper;Episodes: 1;2008;Aired: Aug 28, 2008;Original Network:  KBS2;;Content Rating: Not Yet Rated;
Title: Scales of Justice;Episodes: 16;2008;Aired: Aug 29, 2008 - Oct 24, 2008;Original Network:  SBS;;Content Rating: Not Yet Rated;
Title: My Life's Golden Age;Episodes: 56;2008;Aired: Aug 30, 2008 - Mar  8, 2009;Original Network:  MBC;;Content Rating: Not Yet Rated;
Title: Terroir;Episodes: 20;2008;Aired: Dec  1, 2008 - Feb 17, 2009;Original Network:  SBS;;Content Rating: 15+ - Teens 15 or older;
Title: White Lies;Episodes: 159;2008;Aired: Dec  1, 2008 - Jul 10, 2009;Original Network:  MBC;;Content Rating: Not Yet Rated;
Title: Star's Lover;Episodes: 20;2008;Aired: Dec 10, 2008 - Feb 12, 2009;Original Network:  SBS;;Content Rating: 15+ - Teens 15 or older;Viki Subscription (sub)           Kocowa Subscription
Title: Love is Delicious;Episodes: 1;2008;Aired: Dec 18, 2008 - 2009;Original Network:  OCN;;Content Rating: Not Yet Rated;
Title: Seoul Warrior Story;Episodes: 16;2008;Aired: Dec 20, 2008 - Feb  7, 2009;Original Network:  MBC;;Content Rating: Not Yet Rated;
Title: Innocent You;Episodes: 119;2008;Aired: Dec 22, 2008 - May  9, 2009;Original Network:  SBS;;Content Rating: Not Yet Rated;
Title: Bicheonmu;Episodes: 14;2008;Aired: Feb  1, 2008 - Mar 21, 2008;Original Network:  SBS;;Content Rating: Not Yet Rated;
Title: Woman of Matchless Beauty, Park Jung Kum;Episodes: 52;2008;Aired: Feb  2, 2008 - Aug  3, 2008;Original Network:  MBC;;Content Rating: Not Yet Rated;
Title: Mom's Dead Upset;Episodes: 66;2008;Aired: Feb  2, 2008 - Sep 28, 2008;Original Network:  KBS2;;Content Rating: G - All Ages;
Title: Love Racing;Episodes: 10;2008;Aired: Feb  4, 2008 - Apr  7, 2008;Original Network:  CGV;;Content Rating: Not Yet Rated;
Title: Aster;Episodes: 4;2008;Aired: Feb  7, 2008 - Feb  8, 2008;Original Network:  MBC;;Content Rating: 15+ - Teens 15 or older;
Title: Happiness;Episodes: 58;2008;Aired: Feb  9, 2008 - Aug 31, 2008;Original Network:  SBS;;Content Rating: 15+ - Teens 15 or older;
Title: Single Dad in Love;Episodes: 16;2008;Aired: Feb 18, 2008 - Apr  8, 2008;Original Network:  KBS2;;Content Rating: Not Yet Rated;
Title: Get Up;Episodes: 1;2008;Aired: Feb 24, 2008;Original Network:  MBC;;Content Rating: Not Yet Rated;
Title: Robber;Episodes: 16;2008;Aired: Jan  2, 2008 - Feb 28, 2008;Original Network:  SBS;;Content Rating: 13+ - Teens 13 or older;Kocowa Subscription
Title: Hong Gil Dong, the Hero!;Episodes: 24;2008;Aired: Jan  2, 2008 - Mar 26, 2008;Original Network:  KBS2;;Content Rating: 15+ - Teens 15 or older;Viki Subscription (sub)           Prime Video Subscription (sub)           Kocowa Subscription (sub)
Title: My Ex-wife Lives Next Door;Episodes: 16;2008;Aired: Jan  5, 2008 - Feb 23, 2008;Original Network:  MBC Dramanet;;Content Rating: Not Yet Rated;
Title: The Great King, Sejong;Episodes: 86;2008;Aired: Jan  5, 2008 - Nov 16, 2008;Original Network:  KBS1;;Content Rating: 15+ - Teens 15 or older;Wavve Free            KBS Drama Classic Purchase
Title: Before and After: Plastic Surgery Clinic;Episodes: 12;2008;Aired: Jan  6, 2008 - Mar 31, 2008;Original Network:  MBC;;Content Rating: Not Yet Rated;
Title: Daebak Life;Episodes: 8;2008;Aired: Jan 11, 2008 - Feb 29, 2008;Original Network:  Drama X;;Content Rating: 15+ - Teens 15 or older;
Title: Kokkiri;Episodes: 124;2008;Aired: Jan 21, 2008 - Jul 18, 2008;Original Network:  MBC;;Content Rating: 15+ - Teens 15 or older;
Title: Love & Law;Episodes: 16;2008;Aired: Jul  9, 2008 - Sep  4, 2008;Original Network:  MBC;;Content Rating: 15+ - Teens 15 or older;Viki Subscription (sub)           옛드 : 옛날 드라마 [드라맛집] Free            Kocowa Subscription
Title: Little Mom Scandal Season 2;Episodes: 8;2008;Aired: Jul 19, 2008 - Aug 10, 2008;Original Network:  CGV;;Content Rating: Not Yet Rated;
Title: Daughter in Law;Episodes: 131;2008;Aired: Jul 21, 2008 - Dec 20, 2008;Original Network:  SBS;;Content Rating: Not Yet Rated;
Title: Keu Keu Island's Secret;Episodes: 40;2008;Aired: Jul 21, 2008 - Oct  3, 2008;Original Network:  MBC;;Content Rating: Not Yet Rated;
Title: My Woman;Episodes: 24;2008;Aired: Jul 26, 2008 - Nov  8, 2008;Original Network:  MBC;;Content Rating: 15+ - Teens 15 or older;
Title: Working Mom;Episodes: 16;2008;Aired: Jul 30, 2008 - Sep 18, 2008;Original Network:  SBS;;Content Rating: Not Yet Rated;
Title: Tokyo Shower;Episodes: 4;2008;Aired: Jun  2, 2008 - Jun 10, 2008;Original Network:  SBS;;Content Rating: 15+ - Teens 15 or older;
Title: Cooking up Romance;Episodes: 95;2008;Aired: Jun  2, 2008 - Oct 30, 2008;Original Network:  KBS2;;Content Rating: Not Yet Rated;
Title: My Sweet Seoul;Episodes: 16;2008;Aired: Jun  6, 2008 - Aug  1, 2008;Original Network:  SBS;;Content Rating: 15+ - Teens 15 or older;Viki Subscription (sub)           SBS World Free            Kocowa Subscription (sub)
Title: TV Novel: Big Sister;Episodes: 150;2008;Aired: Jun  9, 2008 - Jan  2, 2009;Original Network:  KBS1;;Content Rating: 15+ - Teens 15 or older;
Title: Four Colours of Love;Episodes: 4;2008;Aired: Jun  9, 2008 - Sep 15, 2008;Original Network:  KBS2;;Content Rating: Not Yet Rated;
Title: Little Mom Scandal;Episodes: 8;2008;Aired: Jun 14, 2008 - Jul  6, 2008;Original Network:  CGV;;Content Rating: 18+ Restricted (violence & profanity);
Title: Strongest Chil Woo;Episodes: 20;2008;Aired: Jun 17, 2008 - Aug 19, 2008;Original Network:  KBS2;;Content Rating: 15+ - Teens 15 or older;
Title: Gourmet;Episodes: 24;2008;Aired: Jun 17, 2008 - Sep  9, 2008;Original Network:  SBS;;Content Rating: 15+ - Teens 15 or older;Apple TV Subscription            Viki Free (sub)
Title: Night after Night;Episodes: 17;2008;Aired: Jun 23, 2008 - Aug 19, 2008;Original Network:  MBC;;Content Rating: Not Yet Rated;Prime Video Subscription (sub)
Title: Aquarius;Episodes: 120;2008;Aired: Mar  3, 2008 - Jul 19, 2008;Original Network:  SBS;;Content Rating: Not Yet Rated;
Title: Who Are You?;Episodes: 17;2008;Aired: Mar  5, 2008 - May  1, 2008;Original Network:  MBC;;Content Rating: 15+ - Teens 15 or older;
Title: On Air;Episodes: 21;2008;Aired: Mar  5, 2008 - May 15, 2008;Original Network:  SBS;;Content Rating: 15+ - Teens 15 or older;Kocowa Subscription
Title: Ugly Miss Young Ae Season 3;Episodes: 16;2008;Aired: Mar  7, 2008 - Jun 20, 2008;Original Network:  tvN;;Content Rating: Not Yet Rated;
Title: Last Scandal;Episodes: 16;2008;Aired: Mar  8, 2008 - Apr 27, 2008;Original Network:  MBC;;Content Rating: 15+ - Teens 15 or older;
Title: The Art of Seduction;Episodes: 4;2008;Aired: Mar 28, 2008 - Apr 18, 2008;Original Network:;;Content Rating: Not Yet Rated;
Title: Why Did You Come to My House?;Episodes: 20;2008;Aired: Mar 28, 2008 - May 30, 2008;Original Network:  SBS;;Content Rating: 15+ - Teens 15 or older;
Title: La Dolce Vita;Episodes: 24;2008;Aired: May  3, 2008 - Jul 20, 2008;Original Network:  MBC;;Content Rating: 15+ - Teens 15 or older;
Title: Jungle Fish;Episodes: 1;2008;Aired: May  5, 2008;Original Network:  KBS2;;Content Rating: 13+ - Teens 13 or older;Apple TV Subscription            KBS World Free
Title: You Are My Destiny;Episodes: 178;2008;Aired: May  5, 2008 - Jan  9, 2009;Original Network:  KBS1;;Content Rating: 15+ - Teens 15 or older;KBS World Free
Title: Our Happy Ending;Episodes: 2;2008;Aired: May  7, 2008 - May  8, 2008;Original Network:  MBC;;Content Rating: Not Yet Rated;
Title: Spotlight;Episodes: 16;2008;Aired: May 14, 2008 - Jul  3, 2008;Original Network:  MBC;;Content Rating: Not Yet Rated;Viki Subscription (sub)           Kocowa Subscription
Title: Don’t Ask Me about the Past;Episodes: 16;2008;Aired: May 17, 2008 - Jun  8, 2008;Original Network:  OCN;;Content Rating: 15+ - Teens 15 or older;
Title: Chun Ja's Happy Events;Episodes: 111;2008;Aired: May 19, 2008 - Nov 13, 2008;Original Network:  MBC Dramanet;;Content Rating: Not Yet Rated;
Title: Shanghai Brothers;Episodes: 20;2008;Aired: May 21, 2008 - Jul 24, 2008;Original Network:  Drama X;;Content Rating: Not Yet Rated;
Title: Iljimae;Episodes: 20;2008;Aired: May 21, 2008 - Jul 24, 2008;Original Network:  SBS;;Content Rating: 15+ - Teens 15 or older;WeTV Free (sub)           Viki Subscription (sub)           Wavve Free            Prime Video Subscription (sub)           Kocowa Subscription (sub)
Title: Women in the Sun;Episodes: 20;2008;Aired: May 28, 2008 - Jul 31, 2008;Original Network:  KBS2;;Content Rating: Not Yet Rated;Viki Subscription (sub)           KBS Drama Classic Free            Kocowa Subscription
Title: Cruel Temptation;Episodes: 129;2008;Aired: Nov  3, 2008 - May  1, 2009;Original Network:  SBS;;Content Rating: 15+ - Teens 15 or older;Viki Subscription (sub)           Prime Video Subscription (sub)           Kocowa Subscription (sub)
Title: Lottery Trio;Episodes: 3;2008;Aired: Nov 14, 2008 - Nov 29, 2008;Original Network:  KBS1;;Content Rating: Not Yet Rated;
Title: I Love You, Don't Cry;Episodes: 132;2008;Aired: Nov 17, 2008 - May 22, 2009;Original Network:  MBC;;Content Rating: 15+ - Teens 15 or older;
Title: General Hospital Season 2;Episodes: 17;2008;Aired: Nov 19, 2008 - Jan 15, 2009;Original Network:  MBC;;Content Rating: 15+ - Teens 15 or older;Kocowa Subscription
Title: My Precious You;Episodes: 54;2008;Aired: Oct  4, 2008 - Apr  5, 2009;Original Network:  KBS2;;Content Rating: 15+ - Teens 15 or older;
Title: Byul Soon Geom Season 2;Episodes: 20;2008;Aired: Oct  4, 2008 - Dec  6, 2008;Original Network:  MBC Dramanet;;Content Rating: Not Yet Rated;
Title: Here He Comes;Episodes: 97;2008;Aired: Oct  6, 2008 - Feb 27, 2009;Original Network:  MBC;;Content Rating: Not Yet Rated;
Title: Family's Honor;Episodes: 54;2008;Aired: Oct 11, 2008 - Apr 19, 2009;Original Network:  SBS;;Content Rating: 15+ - Teens 15 or older;
Title: One Thousand and One Nights Season 2;Episodes: 8;2008;Aired: Oct 13, 2008 - Nov  4, 2008;Original Network:  OCN;;Content Rating: Not Yet Rated;
Title: Wife and Woman;Episodes: 156;2008;Aired: Oct 20, 2008 - Apr 18, 2009;Original Network:  CGV;;Content Rating: Not Yet Rated;
Title: Fight;Episodes: 8;2008;Aired: Oct 24, 2008 - Dec 12, 2008;Original Network:  tvN;;Content Rating: 15+ - Teens 15 or older;
Title: The World That They Live In;Episodes: 16;2008;Aired: Oct 27, 2008 - Dec 16, 2008;Original Network:  KBS2;;Content Rating: 15+ - Teens 15 or older;
Title: Woman Who Returns Home;Episodes: 1;2008;Aired: Sep  3, 2008;Original Network:;;Content Rating: Not Yet Rated;
Title: Ugly Miss Young Ae Season 4;Episodes: 16;2008;Aired: Sep  5, 2008 - Dec 19, 2008;Original Network:  tvN;;Content Rating: Not Yet Rated;
Title: City of Glass;Episodes: 51;2008;Aired: Sep  6, 2008 - Mar  1, 2009;Original Network:  SBS;;Content Rating: 15+ - Teens 15 or older;
Title: The Land of Wind;Episodes: 36;2008;Aired: Sep 10, 2008 - Jan 15, 2009;Original Network:  KBS2;;Content Rating: 15+ - Teens 15 or older;Prime Video Subscription (sub)           Kocowa Subscription (sub)
Title: Beethoven Virus;Episodes: 18;2008;Aired: Sep 10, 2008 - Nov 12, 2008;Original Network:  MBC;;Content Rating: 13+ - Teens 13 or older;Netflix Subscription            Viki Subscription (sub)           Prime Video Subscription (sub)           Roku Subscription            Kocowa Subscription (sub)
Title: Tazza;Episodes: 21;2008;Aired: Sep 16, 2008 - Nov 25, 2008;Original Network:  SBS;;Content Rating: 15+ - Teens 15 or older;Viki Subscription (sub)           Kocowa Subscription (sub)
Title: Love Affair Agent;Episodes: 8;2008;Aired: Sep 18, 2008 - Nov 16, 2008;Original Network:  Drama X;;Content Rating: Not Yet Rated;
Title: My Lady Boss, My Hero;Episodes: 8;2008;Aired: Sep 19, 2008 - Nov  7, 2008;Original Network:  OCN;;Content Rating: Not Yet Rated;
Title: Crime Season 2;Episodes: 8;2008;Aired: Sep 20, 2008 - Nov  8, 2008;Original Network:  Comedy TV,  DramaX;;Content Rating: Not Yet Rated;
Title: Painter of the Wind;Episodes: 20;2008;Aired: Sep 24, 2008 - Dec  4, 2008;Original Network:  SBS;;Content Rating: 15+ - Teens 15 or older;Viki Subscription (sub)           Prime Video Subscription (sub)           Roku Subscription            Kocowa Subscription (sub)
Title: A Man's Story;Episodes: 20;2009;Aired: Apr  6, 2009 - Jun  9, 2009;Original Network:  KBS2;;Content Rating: 15+ - Teens 15 or older;
Title: Her Style;Episodes: 8;2009;Aired: Apr  9, 2009 - May 28, 2009;Original Network:  KBS1;;Content Rating: Not Yet Rated;
Title: My Too Perfect Sons;Episodes: 54;2009;Aired: Apr 11, 2009 - Oct 11, 2009;Original Network:  KBS2;;Content Rating: Not Yet Rated;Apple TV Subscription (sub)           Prime Video Subscription (sub)           Roku Subscription            Kocowa Subscription (sub)
Title: Cinderella Man;Episodes: 16;2009;Aired: Apr 15, 2009 - Jun  4, 2009;Original Network:  MBC;;Content Rating: 15+ - Teens 15 or older;Apple TV Subscription            Viki Subscription (sub)           Kocowa Subscription
Title: The Tale of Janghwa and Hongryeon;Episodes: 150;2009;Aired: Apr 20, 2009 - Oct 10, 2009;Original Network:  KBS2;;Content Rating: 15+ - Teens 15 or older;
Title: Shining Inheritance;Episodes: 28;2009;Aired: Apr 25, 2009 - Jul 26, 2009;Original Network:  SBS;;Content Rating: 15+ - Teens 15 or older;Apple TV Subscription (sub)           Viki Subscription (sub)           SBS World Free (sub)           Prime Video Subscription (sub)           Kocowa Free (sub)
Title: City Hall;Episodes: 20;2009;Aired: Apr 29, 2009 - Jul  2, 2009;Original Network:  SBS;;Content Rating: 15+ - Teens 15 or older;Viki Subscription (sub)           SBS World Free (sub)           Prime Video Subscription (sub)           Roku Subscription            Kocowa Subscription (sub)
Title: The Accidental Couple;Episodes: 16;2009;Aired: Apr 29, 2009 - Jun 18, 2009;Original Network:  KBS2;;Content Rating: 15+ - Teens 15 or older;Prime Video Subscription (sub)           Roku Subscription            Kocowa Purchase (sub)
Title: Style;Episodes: 16;2009;Aired: Aug  1, 2009 - Sep 20, 2009;Original Network:  SBS;;Content Rating: 15+ - Teens 15 or older;SBS World Free (sub)           Prime Video Subscription (sub)           Kocowa Subscription (sub)
Title: Possessed;Episodes: 10;2009;Aired: Aug  5, 2009 - Sep  3, 2009;Original Network:  MBC;;Content Rating: 18+ Restricted (violence & profanity);옛드 : 옛날 드라마 [드라맛집] Free            Kocowa Subscription
Title: Kidam Legend 2 - Gooseflesh;Episodes: 8;2009;Aired: Aug  6, 2009 - Aug 28, 2009;Original Network:;;Content Rating: 15+ - Teens 15 or older;
Title: Tamra, the Island;Episodes: 16;2009;Aired: Aug  8, 2009 - Sep 27, 2009;Original Network:  MBC;;Content Rating: 13+ - Teens 13 or older;Viki Subscription (sub)           Tubi Free (sub)           Prime Video Subscription (sub)           Roku Free (sub)
Title: Hometown Legends;Episodes: 10;2009;Aired: Aug 10, 2009 - Sep  8, 2009;Original Network:  KBS2;;Content Rating: 15+ - Teens 15 or older;Kocowa Subscription (sub)
Title: My Fair Lady;Episodes: 16;2009;Aired: Aug 19, 2009 - Oct  8, 2009;Original Network:  KBS2;;Content Rating: 15+ - Teens 15 or older;Apple TV Subscription            Viki Subscription (sub)           Kocowa Subscription
Title: Loving You a Thousand Times;Episodes: 55;2009;Aired: Aug 29, 2009 - Mar  7, 2010;Original Network:  SBS;;Content Rating: 15+ - Teens 15 or older;
Title: Will It Snow for Christmas?;Episodes: 16;2009;Aired: Dec  2, 2009 - Jan 28, 2010;Original Network:  SBS;;Content Rating: 15+ - Teens 15 or older;Viki Subscription (sub)           Prime Video Subscription            Roku Subscription            Kocowa Subscription (sub)
Title: Father's House;Episodes: 2;2009;Aired: Dec 28, 2009 - Dec 29, 2009;Original Network:  SBS;;Content Rating: 15+ - Teens 15 or older;Viki Subscription (sub)           Kocowa Subscription (sub)
Title: Again, My Love;Episodes: 24;2009;Aired: Feb  4, 2009 - Apr 23, 2009;Original Network:  KBS2;;Content Rating: 15+ - Teens 15 or older;Viki Subscription (sub)           Kocowa Subscription (sub)
Title: Romance Zero;Episodes: 16;2009;Aired: Feb 14, 2009 - May 23, 2009;Original Network:  MBC;;Content Rating: 15+ - Teens 15 or older;
Title: Cain and Abel;Episodes: 20;2009;Aired: Feb 18, 2009 - Apr 23, 2009;Original Network:  SBS;;Content Rating: 15+ - Teens 15 or older;Netflix Subscription            Kocowa Subscription
Title: The Children's Adventurous Play: Spark;Episodes: 26;2009;Aired: Feb 23, 2009 - Jun  2, 2009;Original Network:  EBS;;Content Rating: Not Yet Rated;
Title: The Iron Empress;Episodes: 78;2009;Aired: Jan  3, 2009 - Sep 27, 2009;Original Network:  KBS1;;Content Rating: 15+ - Teens 15 or older;Prime Video Subscription
Title: TV Novel: Glory of Youth;Episodes: 75;2009;Aired: Jan  5, 2009 - Apr 17, 2009;Original Network:  KBS1;;Content Rating: 15+ - Teens 15 or older;
Title: Boys over Flowers;Episodes: 25;2009;Aired: Jan  5, 2009 - Mar 31, 2009;Original Network:  KBS2;;Content Rating: 15+ - Teens 15 or older;Apple TV Free (sub)           Netflix Subscription (sub)           WeTV Free (sub)           Viki Free (sub)           iQIYI Free (sub)           Hulu Subscription (sub)           iflix Free            AsianCrush Free (sub)           Tubi Free (sub)           Prime Video Subscription (sub)           Roku Free (sub)
Title: The Road Home;Episodes: 120;2009;Aired: Jan 12, 2009 - Jun 26, 2009;Original Network:  KBS1;;Content Rating: Not Yet Rated;
Title: Detective Mr. Lee;Episodes: 8;2009;Aired: Jan 16, 2009 - Mar  6, 2009;Original Network:  tvN;;Content Rating: Not Yet Rated;
Title: The Return of Iljimae;Episodes: 24;2009;Aired: Jan 21, 2009 - Apr  9, 2009;Original Network:  MBC;;Content Rating: 15+ - Teens 15 or older;Viki Subscription            Kocowa Free (sub)
Title: Kyung Sook's Father;Episodes: 4;2009;Aired: Jan 21, 2009 - Jan 29, 2009;Original Network:  KBS2;;Content Rating: 15+ - Teens 15 or older;
Title: Swallow the Sun;Episodes: 25;2009;Aired: Jul  9, 2009 - Oct  1, 2009;Original Network:  SBS;;Content Rating: 15+ - Teens 15 or older;
Title: I Can't Stop;Episodes: 129;2009;Aired: Jul 13, 2009 - Jan  8, 2010;Original Network:  MBC;;Content Rating: Not Yet Rated;
Title: Three Men;Episodes: 16;2009;Aired: Jul 18, 2009 - Oct 30, 2009;Original Network:  tvN;;Content Rating: Not Yet Rated;
Title: Dream;Episodes: 20;2009;Aired: Jul 27, 2009 - Sep 29, 2009;Original Network:  SBS;;Content Rating: 15+ - Teens 15 or older;
Title: Triple;Episodes: 16;2009;Aired: Jun 11, 2009 - Jul 30, 2009;Original Network:  MBC;;Content Rating: 15+ - Teens 15 or older;Viki Subscription (sub)           옛드 : 옛날 드라마 [드라맛집] Free (sub)           Kocowa Subscription
Title: The Man Who Can't Get Married;Episodes: 16;2009;Aired: Jun 15, 2009 - Aug  4, 2009;Original Network:  KBS2;;Content Rating: 15+ - Teens 15 or older;
Title: The Partner;Episodes: 16;2009;Aired: Jun 24, 2009 - Aug 13, 2009;Original Network:  KBS2;;Content Rating: 15+ - Teens 15 or older;Kocowa Subscription
Title: Friend, Our Legend;Episodes: 20;2009;Aired: Jun 27, 2009 - Aug 30, 2009;Original Network:  MBC;;Content Rating: 18+ Restricted (violence & profanity);Kocowa Subscription (sub)
Title: Everybody Cha Cha Cha;Episodes: 155;2009;Aired: Jun 29, 2009 - Jan 29, 2010;Original Network:  KBS1;;Content Rating: 15+ - Teens 15 or older;
Title: Tae Hee, Hye Kyo, Ji Hyun;Episodes: 133;2009;Aired: Mar  2, 2009 - Sep  4, 2009;Original Network:  MBC;;Content Rating: Not Yet Rated;
Title: Ugly Miss Young Ae Season 5;Episodes: 20;2009;Aired: Mar  6, 2009 - Jul 17, 2009;Original Network:  tvN;;Content Rating: Not Yet Rated;
Title: Can Anyone Love;Episodes: 50;2009;Aired: Mar  8, 2009 - Aug 23, 2009;Original Network:  SBS;;Content Rating: Not Yet Rated;
Title: Princess Ja Myung;Episodes: 39;2009;Aired: Mar 10, 2009 - Jul 21, 2009;Original Network:  SBS;;Content Rating: 15+ - Teens 15 or older;Viki Subscription (sub)           Prime Video Subscription (sub)           Kocowa Subscription (sub)
Title: Good Job, Good Job;Episodes: 40;2009;Aired: Mar 14, 2009 - Aug  2, 2009;Original Network:  MBC;;Content Rating: 15+ - Teens 15 or older;
Title: My Wife Is a Super Woman;Episodes: 20;2009;Aired: Mar 16, 2009 - May 19, 2009;Original Network:  MBC;;Content Rating: 15+ - Teens 15 or older;Viki Subscription (sub)           Kocowa Free (sub)
Title: Strike Love;Episodes: 16;2009;Aired: May  2, 2009 - Jun 21, 2009;Original Network:  MBC;;Content Rating: 15+ - Teens 15 or older;
Title: Two Wives;Episodes: 120;2009;Aired: May  4, 2009 - Oct 30, 2009;Original Network:  SBS;;Content Rating: Not Yet Rated;
Title: Green Coach;Episodes: 113;2009;Aired: May 11, 2009 - Oct  2, 2009;Original Network:  SBS;;Content Rating: Not Yet Rated;
Title: The Great Queen Seondeok;Episodes: 62;2009;Aired: May 25, 2009 - Dec 22, 2009;Original Network:  MBC;;Content Rating: 15+ - Teens 15 or older;Apple TV Subscription (sub)           Viki Subscription (sub)           Prime Video Subscription (sub)           Kocowa Free (sub)
Title: Give Me Food;Episodes: 106;2009;Aired: May 25, 2009 - Oct 23, 2009;Original Network:  MBC;;Content Rating: 15+ - Teens 15 or older;
Title: Wife Returns;Episodes: 116;2009;Aired: Nov  2, 2009 - Apr 16, 2010;Original Network:  SBS;;Content Rating: Not Yet Rated;
Title: Taming of the Heir;Episodes: 16;2009;Aired: Nov  9, 2009 - Dec 29, 2009;Original Network:  KBS2;;Content Rating: 15+ - Teens 15 or older;Viki Free (sub)           Prime Video Subscription (sub)           Kocowa Subscription (sub)
Title: Mrs. Town;Episodes: 12;2009;Aired: Nov 13, 2009 - Jan 29, 2010;Original Network:  tvN;;Content Rating: Not Yet Rated;
Title: Hero;Episodes: 16;2009;Aired: Nov 18, 2009 - Jan 14, 2010;Original Network:  MBC;;Content Rating: 15+ - Teens 15 or older;
Title: Jung Yak Yong;Episodes: 8;2009;Aired: Nov 27, 2009 - Jan 15, 2010;Original Network:  OCN;;Content Rating: Not Yet Rated;Viki Free
Title: Don't Hesitate;Episodes: 98;2009;Aired: Oct  5, 2009 - Feb 26, 2010;Original Network:  SBS;;Content Rating: 15+ - Teens 15 or older;Viki Free (sub)
Title: You're Beautiful;Episodes: 16;2009;Aired: Oct  7, 2009 - Nov 26, 2009;Original Network:  SBS;;Content Rating: 15+ - Teens 15 or older;Apple TV Subscription            Netflix Subscription (sub)           Viki Subscription (sub)           iQIYI Free (sub)           SBS World Free (sub)           Prime Video Subscription (sub)           Kocowa Free (sub)
Title: Hot Blood;Episodes: 20;2009;Aired: Oct 10, 2009 - Dec 13, 2009;Original Network:  KBS2;;Content Rating: 15+ - Teens 15 or older;
Title: Seeking Love;Episodes: 31;2009;Aired: Oct 10, 2009 - Jan 24, 2010;Original Network:  MBC;;Content Rating: 15+ - Teens 15 or older;Kocowa Subscription (sub)
Title: I'll Give You Everything;Episodes: 150;2009;Aired: Oct 12, 2009 - Apr  3, 2010;Original Network:  KBS2;;Content Rating: 15+ - Teens 15 or older;
Title: Angel's Temptation;Episodes: 21;2009;Aired: Oct 12, 2009 - Dec 22, 2009;Original Network:  SBS;;Content Rating: 15+ - Teens 15 or older;SBS World Free (sub)
Title: Iris;Episodes: 20;2009;Aired: Oct 14, 2009 - Dec 17, 2009;Original Network:  KBS2;;Content Rating: 15+ - Teens 15 or older;Netflix Subscription (sub)           WeTV Free (sub)
Title: Ugly Miss Young Ae Season 6;Episodes: 20;2009;Aired: Oct 16, 2009 - Feb 26, 2010;Original Network:  tvN;;Content Rating: Not Yet Rated;
Title: Three Brothers;Episodes: 70;2009;Aired: Oct 17, 2009 - Jun 13, 2010;Original Network:  KBS2;;Content Rating: 15+ - Teens 15 or older;
Title: Enjoy Life;Episodes: 133;2009;Aired: Oct 26, 2009 - Apr 30, 2010;Original Network:  MBC;;Content Rating: 15+ - Teens 15 or older;
Title: Assorted Gems;Episodes: 50;2009;Aired: Sep  5, 2009 - Feb 21, 2010;Original Network:  MBC;;Content Rating: 15+ - Teens 15 or older;옛드 : 옛날 드라마 [드라맛집] Free (sub)
Title: High Kick Season 2;Episodes: 126;2009;Aired: Sep  7, 2009 - Mar 19, 2010;Original Network:  MBC;;Content Rating: 15+ - Teens 15 or older;옛드 : 옛날 드라마 [드라맛집] Free            Viki Subscription (sub)
Title: No Limit;Episodes: 16;2009;Aired: Sep  9, 2009 - Nov  4, 2009;Original Network:  MBC;;Content Rating: 15+ - Teens 15 or older;Viki Subscription (sub)           Kocowa Subscription
Title: The Queen Returns;Episodes: 16;2009;Aired: Sep 14, 2009 - Nov  3, 2009;Original Network:  KBS2;;Content Rating: Not Yet Rated;
Title: Smile, You;Episodes: 45;2009;Aired: Sep 26, 2009 - Mar  7, 2010;Original Network:  SBS;;Content Rating: 15+ - Teens 15 or older;Prime Video Subscription (sub)           Kocowa Subscription (sub)
Title: Mom Is Pretty Too;Episodes: 174;2010;Aired: Apr  5, 2010 - Oct 23, 2010;Original Network:  KBS2;;Content Rating: Not Yet Rated;
Title: Three Sisters;Episodes: 123;2010;Aired: Apr 19, 2010 - Oct 27, 2010;Original Network:  SBS;;Content Rating: Not Yet Rated;
Title: Typically Women;Episodes: 13;2010;Aired: Apr 30, 2010 - Jul 23, 2010;Original Network:  E-Channel;;Content Rating: Not Yet Rated;Viki Free (sub)
Title: You Don't Know Women;Episodes: 109;2010;Aired: Aug  2, 2010 - Dec 31, 2010;Original Network:  SBS;;Content Rating: Not Yet Rated;
Title: I Am Legend;Episodes: 16;2010;Aired: Aug  2, 2010 - Sep 21, 2010;Original Network:  SBS;;Content Rating: 15+ - Teens 15 or older;SBS World Free (sub)
Title: The Scarlet Letter;Episodes: 165;2010;Aired: Aug  9, 2010 - Apr  1, 2011;Original Network:  MBC;;Content Rating: Not Yet Rated;
Title: My Girlfriend Is a Gumiho;Episodes: 16;2010;Aired: Aug 11, 2010 - Sep 30, 2010;Original Network:  SBS;;Content Rating: 15+ - Teens 15 or older;Netflix Subscription (sub)           Viki Free (sub)           iQIYI Free (sub)           SBS World Free (sub)           Wavve Subscription            Prime Video Subscription (sub)           Roku Subscription            Kocowa Subscription (sub)
Title: Secret Investigation Record;Episodes: 12;2010;Aired: Aug 20, 2010 - Oct 29, 2010;Original Network:  tvN;;Content Rating: 15+ - Teens 15 or older;Prime Video Subscription
Title: Freedom Fighter, Lee Hoe Young;Episodes: 5;2010;Aired: Aug 29, 2010 - Sep 12, 2010;Original Network:  KBS1;;Content Rating: 15+ - Teens 15 or older;
Title: Sungkyunkwan Scandal;Episodes: 20;2010;Aired: Aug 30, 2010 - Nov  2, 2010;Original Network:  KBS2;;Content Rating: 15+ - Teens 15 or older;Apple TV Subscription (sub)           WeTV Free (sub)           Viki Free (sub)
Title: Face Me and Smile;Episodes: 26;2010;Aired: Aug 30, 2010 - Nov 23, 2010;Original Network:  EBS;;Content Rating: Not Yet Rated;
Title: Yaksha;Episodes: 12;2010;Aired: Dec 10, 2010 - Feb 25, 2011;Original Network:  OCN;;Content Rating: 18+ Restricted (violence & profanity);
Title: Athena: Goddess of War;Episodes: 20;2010;Aired: Dec 13, 2010 - Feb 21, 2011;Original Network:  SBS;;Content Rating: 15+ - Teens 15 or older;
Title: President;Episodes: 20;2010;Aired: Dec 15, 2010 - Feb 24, 2011;Original Network:  KBS2;;Content Rating: 15+ - Teens 15 or older;Netflix Subscription (sub)
Title: Ugly Miss Young Ae Season 8;Episodes: 20;2010;Aired: Dec 17, 2010 - Apr 29, 2011;Original Network:  tvN;;Content Rating: Not Yet Rated;
Title: A Good Day for the Wind to Blow;Episodes: 173;2010;Aired: Feb  1, 2010 - Oct  1, 2010;Original Network:  KBS1;;Content Rating: 15+ - Teens 15 or older;
Title: Obstetrics and Gynecology Doctors;Episodes: 16;2010;Aired: Feb  3, 2010 - Mar 25, 2010;Original Network:  SBS;;Content Rating: 15+ - Teens 15 or older;Viki Subscription (sub)           SBS World Subscription (sub)           Prime Video Subscription (sub)           Kocowa Subscription (sub)
Title: CNBLUETORY;Episodes: 5;2010;Aired: Feb 10, 2010 - Mar 10, 2010;Original Network:  Mnet;;Content Rating: Not Yet Rated;
Title: Hyunhaetan Marriage War;Episodes: 2;2010;Aired: Feb 27, 2010 - Feb 28, 2010;Original Network:  MBC;;Content Rating: Not Yet Rated;
Title: The Reputable Family;Episodes: 16;2010;Aired: Jan  2, 2010 - Feb 21, 2010;Original Network:  KBS1;;Content Rating: 15+ - Teens 15 or older;
Title: Master of Study;Episodes: 16;2010;Aired: Jan  4, 2010 - Feb 23, 2010;Original Network:  KBS2;;Content Rating: 15+ - Teens 15 or older;KBS World Free            Kocowa Subscription
Title: Pasta;Episodes: 20;2010;Aired: Jan  4, 2010 - Mar  9, 2010;Original Network:  MBC;;Content Rating: 15+ - Teens 15 or older;Netflix Subscription            옛드 : 옛날 드라마 [드라맛집] Free (sub)           Kocowa Subscription
Title: Stars Falling from the Sky;Episodes: 20;2010;Aired: Jan  4, 2010 - Mar 16, 2010;Original Network:  SBS;;Content Rating: 15+ - Teens 15 or older;Viki Free (sub)
Title: Jejoongwon;Episodes: 36;2010;Aired: Jan  4, 2010 - May  4, 2010;Original Network:  SBS;;Content Rating: 15+ - Teens 15 or older;
Title: The Slave Hunters;Episodes: 24;2010;Aired: Jan  6, 2010 - Mar 25, 2010;Original Network:  KBS2;;Content Rating: 15+ - Teens 15 or older;Viki Subscription (sub)           Prime Video Subscription (sub)           Roku Subscription            Kocowa Subscription (sub)
Title: Chat Drama Log-in;Episodes: 8;2010;Aired: Jan  9, 2010 - 2010;Original Network:;;Content Rating: 18+ Restricted (violence & profanity);
Title: Pink Lipstick;Episodes: 149;2010;Aired: Jan 11, 2010 - Aug  6, 2010;Original Network:  MBC;;Content Rating: 15+ - Teens 15 or older;Apple TV Subscription
Title: Still, Marry Me;Episodes: 16;2010;Aired: Jan 20, 2010 - Mar 11, 2010;Original Network:  MBC;;Content Rating: 15+ - Teens 15 or older;옛드 : 옛날 드라마 [드라맛집] Free            Kocowa Subscription
Title: Human Theatre 2010;Episodes: 6;2010;Aired: Jan 21, 2010 - Feb 25, 2010;Original Network:  MBC every1;;Content Rating: Not Yet Rated;
Title: Dandelion Family;Episodes: 50;2010;Aired: Jan 30, 2010 - Jul 25, 2010;Original Network:  MBC;;Content Rating: Not Yet Rated;
Title: Grudge: The Revolt of Gumiho;Episodes: 16;2010;Aired: Jul  5, 2010 - Aug 24, 2010;Original Network:  KBS2;;Content Rating: 15+ - Teens 15 or older;Viki Subscription (sub)           Kocowa Subscription
Title: Gloria;Episodes: 50;2010;Aired: Jul 31, 2010 - Jan 30, 2011;Original Network:  MBC;;Content Rating: 15+ - Teens 15 or older;
Title: Bread, Love and Dreams;Episodes: 30;2010;Aired: Jun  9, 2010 - Sep 16, 2010;Original Network:  KBS2;;Content Rating: 15+ - Teens 15 or older;KBS World Free            Kocowa Subscription (sub)
Title: Running Gu;Episodes: 4;2010;Aired: Jun 10, 2010 - Jun 17, 2010;Original Network:  MBC;;Content Rating: 15+ - Teens 15 or older;
Title: Comrades;Episodes: 20;2010;Aired: Jun 19, 2010 - Aug 22, 2010;Original Network:  KBS1;;Content Rating: 15+ - Teens 15 or older;
Title: Please Marry Me;Episodes: 56;2010;Aired: Jun 19, 2010 - Dec 26, 2010;Original Network:  KBS2;;Content Rating: 15+ - Teens 15 or older;
Title: Road Number One;Episodes: 20;2010;Aired: Jun 23, 2010 - Aug 26, 2010;Original Network:  MBC;;Content Rating: 15+ - Teens 15 or older;
Title: Becoming a Billionaire;Episodes: 20;2010;Aired: Mar  1, 2010 - May  4, 2010;Original Network:  KBS2;;Content Rating: 15+ - Teens 15 or older;Prime Video Subscription (sub)           Roku Subscription            Kocowa Subscription (sub)
Title: Daring Women;Episodes: 105;2010;Aired: Mar  2, 2010 - Jul 30, 2010;Original Network:  SBS;;Content Rating: Not Yet Rated;
Title: Harvest Villa;Episodes: 20;2010;Aired: Mar  5, 2010 - May  7, 2010;Original Network:  tvN;;Content Rating: 15+ - Teens 15 or older;
Title: The Great Merchant;Episodes: 30;2010;Aired: Mar  6, 2010 - Jun 13, 2010;Original Network:  KBS1;;Content Rating: 15+ - Teens 15 or older;
Title: A Man Called God;Episodes: 24;2010;Aired: Mar  6, 2010 - May 23, 2010;Original Network:  MBC;;Content Rating: 15+ - Teens 15 or older;Netflix Subscription
Title: Definitely Neighbors;Episodes: 65;2010;Aired: Mar 13, 2010 - Oct 31, 2010;Original Network:  SBS;;Content Rating: Not Yet Rated;
Title: Life Is Beautiful;Episodes: 63;2010;Aired: Mar 20, 2010 - Nov  7, 2010;Original Network:  SBS;;Content Rating: 15+ - Teens 15 or older;
Title: Oh! My Lady;Episodes: 16;2010;Aired: Mar 22, 2010 - May 11, 2010;Original Network:  SBS;;Content Rating: 15+ - Teens 15 or older;Viki Subscription (sub)           SBS World Free (sub)           Kocowa Subscription (sub)
Title: More Charming By The Day;Episodes: 138;2010;Aired: Mar 22, 2010 - Nov  2, 2010;Original Network:  MBC;;Content Rating: Not Yet Rated;
Title: Dong Yi;Episodes: 60;2010;Aired: Mar 22, 2010 - Oct 12, 2010;Original Network:  MBC;;Content Rating: 15+ - Teens 15 or older;옛드 : 옛날 드라마 [드라맛집] Free (sub)           Prime Video Subscription (sub)           Kocowa Subscription (sub)
Title: The Romantic Movement, Seoul;Episodes: 9;2010;Aired: Mar 30, 2010 - Apr 30, 2010;Original Network:;;Content Rating: Not Yet Rated;
Title: Cinderella's Sister;Episodes: 20;2010;Aired: Mar 31, 2010 - Jun  3, 2010;Original Network:  KBS2;;Content Rating: 15+ - Teens 15 or older;WeTV Free (sub)           Viki Free
Title: Prosecutor Princess;Episodes: 16;2010;Aired: Mar 31, 2010 - May 20, 2010;Original Network:  SBS;;Content Rating: 15+ - Teens 15 or older;Viki Subscription (sub)           Prime Video Purchase            SBS World Free            Kocowa Subscription (sub)
Title: Personal Taste;Episodes: 16;2010;Aired: Mar 31, 2010 - May 20, 2010;Original Network:  MBC;;Content Rating: 15+ - Teens 15 or older;Apple TV Free (sub)           Viki Free (sub)           Prime Video Subscription (sub)           Roku Subscription            Kocowa Subscription (sub)
Title: Golden Fish;Episodes: 133;2010;Aired: May  3, 2010 - Nov 11, 2010;Original Network:  MBC;;Content Rating: Not Yet Rated;
Title: The Miracle of Love;Episodes: 2;2010;Aired: May  7, 2010;Original Network:  SBS;;Content Rating: Not Yet Rated;
Title: Giant;Episodes: 60;2010;Aired: May 10, 2010 - Dec  7, 2010;Original Network:  SBS;;Content Rating: 15+ - Teens 15 or older;Viki Subscription (sub)           SBS World Free (sub)           Prime Video Subscription            Kocowa Subscription (sub)
Title: Secret Agent Miss Oh;Episodes: 16;2010;Aired: May 10, 2010 - Jun 29, 2010;Original Network:  KBS2;;Content Rating: 15+ - Teens 15 or older;Viki Subscription (sub)           Kocowa Subscription
Title: Ugly Miss Young Ae Season 7;Episodes: 20;2010;Aired: May 14, 2010 - Sep 24, 2010;Original Network:  tvN;;Content Rating: Not Yet Rated;
Title: Coffee House;Episodes: 18;2010;Aired: May 17, 2010 - Jul 27, 2010;Original Network:  SBS;;Content Rating: 15+ - Teens 15 or older;SBS World Free (sub)
Title: Bad Boy;Episodes: 17;2010;Aired: May 26, 2010 - Aug  5, 2010;Original Network:  SBS;;Content Rating: 15+ - Teens 15 or older;SBS World Free (sub)           Kocowa Subscription (sub)
Title: I Live Without Incident;Episodes: 4;2010;Aired: May 26, 2010 - Jun  9, 2010;Original Network:  MBC;;Content Rating: Not Yet Rated;
Title: Kim Soo Ro;Episodes: 32;2010;Aired: May 29, 2010 - Sep 18, 2010;Original Network:  MBC;;Content Rating: 15+ - Teens 15 or older;
Title: Jungle Fish 2;Episodes: 8;2010;Aired: Nov  4, 2010 - Dec 30, 2010;Original Network:  KBS2;;Content Rating: 13+ - Teens 13 or older;KBS World Free
Title: Once Upon a Time in Saengchori;Episodes: 20;2010;Aired: Nov  5, 2010 - Mar 18, 2011;Original Network:  tvN;;Content Rating: 15+ - Teens 15 or older;
Title: Smile, Mom;Episodes: 50;2010;Aired: Nov  6, 2010 - Apr 24, 2011;Original Network:  SBS;;Content Rating: Not Yet Rated;
Title: King Geun Cho Go;Episodes: 60;2010;Aired: Nov  6, 2010 - May 29, 2011;Original Network:  KBS1;;Content Rating: 15+ - Teens 15 or older;
Title: Marry Me, Mary!;Episodes: 16;2010;Aired: Nov  8, 2010 - Dec 28, 2010;Original Network:  KBS2;;Content Rating: 15+ - Teens 15 or older;Viki Subscription (sub)           Kocowa Subscription (sub)
Title: All My Love;Episodes: 210;2010;Aired: Nov  8, 2010 - Sep 16, 2011;Original Network:  MBC;;Content Rating: 15+ - Teens 15 or older;
Title: First Marriage;Episodes: 2;2010;Aired: Nov 12, 2010;Original Network:  SBS;;Content Rating: Not Yet Rated;
Title: Secret Garden;Episodes: 20;2010;Aired: Nov 13, 2010 - Jan 16, 2011;Original Network:  SBS;;Content Rating: 15+ - Teens 15 or older;Apple TV Free            Netflix Subscription (sub)           WeTV Free (sub)           Viki Subscription (sub)           iQIYI Free (sub)           Prime Video Subscription (sub)           Kocowa Free (sub)
Title: Pure Pumpkin Flower;Episodes: 124;2010;Aired: Nov 15, 2010 - Apr 11, 2011;Original Network:  SBS;;Content Rating: 15+ - Teens 15 or older;
Title: Stormy Lovers;Episodes: 69;2010;Aired: Nov 17, 2010 - Feb 25, 2011;Original Network:  MBC;;Content Rating: Not Yet Rated;
Title: It's Okay, Daddy's Girl;Episodes: 17;2010;Aired: Nov 22, 2010 - Jan 18, 2011;Original Network:  SBS;;Content Rating: 15+ - Teens 15 or older;SBS World Free (sub)
Title: The Children's Art of War;Episodes: 26;2010;Aired: Nov 29, 2010 - Feb 22, 2011;Original Network:  EBS;;Content Rating: Not Yet Rated;
Title: Kiss and the City;Episodes: 12;2010;Aired: Oct  2, 2010 - Dec 11, 2010;Original Network:  E-Channel,  SBS Plus;;Content Rating: Not Yet Rated;
Title: Flames of Desire;Episodes: 50;2010;Aired: Oct  2, 2010 - Mar 27, 2011;Original Network:  MBC;;Content Rating: 15+ - Teens 15 or older;
Title: Smile Again;Episodes: 159;2010;Aired: Oct  4, 2010 - May 13, 2011;Original Network:  KBS1;;Content Rating: 15+ - Teens 15 or older;Prime Video Subscription (sub)           Wavve Subscription            KBS Drama Free            Kocowa Subscription (sub)
Title: Big Thing;Episodes: 24;2010;Aired: Oct  6, 2010 - Dec 23, 2010;Original Network:  SBS;;Content Rating: 15+ - Teens 15 or older;SBS World Free (sub)
Title: God's Quiz;Episodes: 10;2010;Aired: Oct  8, 2010 - Dec 10, 2010;Original Network:  OCN;;Content Rating: Not Yet Rated;
Title: Jo Eun Ji's Family;Episodes: 1;2010;Aired: Oct 17, 2010;Original Network:  MBC;;Content Rating: Not Yet Rated;
Title: Queen of Reversals;Episodes: 31;2010;Aired: Oct 18, 2010 - Feb  1, 2011;Original Network:  MBC;;Content Rating: 15+ - Teens 15 or older;Viki Subscription (sub)           옛드 : 옛날 드라마 [드라맛집] Free            Kocowa Free (sub)
Title: I’m Glad I Loved You;Episodes: 162;2010;Aired: Oct 25, 2010 - Apr 30, 2011;Original Network:  KBS2;;Content Rating: 15+ - Teens 15 or older;
Title: Home Sweet Home;Episodes: 16;2010;Aired: Oct 27, 2010 - Dec 23, 2010;Original Network:  MBC;;Content Rating: 15+ - Teens 15 or older;Viki Subscription (sub)           Kocowa Subscription
Title: Ang Shim Jung;Episodes: 13;2010;Aired: Oct 28, 2010 - Jan 20, 2011;Original Network:  E-Channel;;Content Rating: Not Yet Rated;
Title: Playful Kiss;Episodes: 16;2010;Aired: Sep  1, 2010 - Oct 21, 2010;Original Network:  MBC;;Content Rating: 15+ - Teens 15 or older;Apple TV Subscription            Netflix Subscription (sub)           Viki Free (sub)           Prime Video Purchase (sub)           AsianCrush Free (sub)           Tubi Free (sub)           Roku Free (sub)
Title: Future Boy;Episodes: 25;2010;Aired: Sep  2, 2010 - Feb 24, 2011;Original Network:  EBS;;Content Rating: Not Yet Rated;
Title: Byul Soon Geom Season 3;Episodes: 20;2010;Aired: Sep  4, 2010 - Nov 13, 2010;Original Network:  MBC Dramanet;;Content Rating: 15+ - Teens 15 or older;
Title: Dr. Champ;Episodes: 16;2010;Aired: Sep 27, 2010 - Nov 16, 2010;Original Network:  SBS;;Content Rating: 15+ - Teens 15 or older;SBS World Free (sub)
Title: The Fugitive: Plan B;Episodes: 20;2010;Aired: Sep 29, 2010 - Dec  8, 2010;Original Network:  KBS2;;Content Rating: 15+ - Teens 15 or older;KBS World Free
Title: Pianissimo;Episodes: 8;2010;Aired: Aug, 2010;Original Network:;;Content Rating: Not Yet Rated;
Title: Listen to My Heart;Episodes: 30;2011;Aired: Apr  2, 2011 - Jul 10, 2011;Original Network:  MBC;;Content Rating: 15+ - Teens 15 or older;Apple TV Subscription            Prime Video Subscription (sub)           Kocowa Subscription (sub)
Title: Naughty Angels;Episodes: 39;2011;Aired: Apr  4, 2011 - Dec 30, 2011;Original Network:  EBS;;Content Rating: Not Yet Rated;
Title: You're So Beautiful;Episodes: 135;2011;Aired: Apr  4, 2011 - Oct  7, 2011;Original Network:  MBC;;Content Rating: Not Yet Rated;
Title: TV Tale (Reboot);Episodes: 21;2011;Aired: Apr  5, 2011 - Aug 23, 2011;Original Network:;;Content Rating: Not Yet Rated;
Title: Manny;Episodes: 16;2011;Aired: Apr 13, 2011 - Jun  2, 2011;Original Network:  tvN;;Content Rating: G - All Ages;Tubi Free (sub)
Title: Big Heat;Episodes: 13;2011;Aired: Apr 21, 2011 - Jul 14, 2011;Original Network:  DRAMAcube;;Content Rating: Not Yet Rated;Viki Free (sub)
Title: Protect the Boss;Episodes: 18;2011;Aired: Aug  3, 2011 - Sep 29, 2011;Original Network:  SBS;;Content Rating: 15+ - Teens 15 or older;Apple TV Subscription            Viki Subscription (sub)           SBS World Free (sub)           Prime Video Subscription (sub)           Roku Subscription            Kocowa Subscription
Title: Ojakgyo Brothers;Episodes: 58;2011;Aired: Aug  6, 2011 - Feb 19, 2012;Original Network:  KBS2;;Content Rating: 15+ - Teens 15 or older;KBS Drama Free
Title: Birdie Buddy;Episodes: 24;2011;Aired: Aug  8, 2011 - Oct 25, 2011;Original Network:  tvN;;Content Rating: Not Yet Rated;Apple TV Subscription            AsianCrush Free (sub)           Tubi Free (sub)           Viki Free (sub)
Title: Climax;Episodes: 2;2011;Aired: Aug 15, 2011;Original Network:  MBC;;Content Rating: Not Yet Rated;Kocowa Subscription (sub)
Title: A Thousand Kisses;Episodes: 50;2011;Aired: Aug 20, 2011 - Feb  5, 2012;Original Network:  MBC;;Content Rating: G - All Ages;
Title: Can't Lose;Episodes: 18;2011;Aired: Aug 24, 2011 - Oct 20, 2011;Original Network:  MBC;;Content Rating: 15+ - Teens 15 or older;
Title: Little Girl K;Episodes: 3;2011;Aired: Aug 27, 2011 - Sep 10, 2011;Original Network:  CGV;;Content Rating: 18+ Restricted (violence & profanity);
Title: Bolder by the Day;Episodes: 36;2011;Aired: Dec  3, 2011 - Apr  1, 2012;Original Network:  MBN;;Content Rating: 15+ - Teens 15 or older;
Title: What's Up?;Episodes: 20;2011;Aired: Dec  3, 2011 - Feb  5, 2012;Original Network:  MBN;;Content Rating: 15+ - Teens 15 or older;
Title: Queen Insoo;Episodes: 60;2011;Aired: Dec  3, 2011 - Jun 24, 2012;Original Network:  jTBC;;Content Rating: 15+ - Teens 15 or older;Viki Free
Title: Heaven's Garden;Episodes: 30;2011;Aired: Dec  3, 2011 - Mar 11, 2012;Original Network:  Channel A;;Content Rating: Not Yet Rated;Netflix Subscription            Viki Free (sub)
Title: I Live in Cheongdam-dong;Episodes: 170;2011;Aired: Dec  5, 2011 - Aug  3, 2012;Original Network:  jTBC;;Content Rating: 15+ - Teens 15 or older;
Title: The Color of a Woman;Episodes: 20;2011;Aired: Dec  5, 2011 - Feb  7, 2012;Original Network:  Channel A;;Content Rating: Not Yet Rated;Netflix Subscription (sub)           Viki Subscription (sub)
Title: Padam Padam;Episodes: 20;2011;Aired: Dec  5, 2011 - Feb  7, 2012;Original Network:  jTBC;;Content Rating: 15+ - Teens 15 or older;Roku Free (sub)
Title: Come, Come, Absolutely Come;Episodes: 60;2011;Aired: Dec  5, 2011 - Mar  2, 2012;Original Network:  MBN;;Content Rating: Not Yet Rated;
Title: When Women Powder Twice;Episodes: 65;2011;Aired: Dec  5, 2011 - Mar  7, 2012;Original Network:  jTBC;;Content Rating: Not Yet Rated;
Title: Vampire Idol;Episodes: 79;2011;Aired: Dec  5, 2011 - Mar 30, 2012;Original Network:  MBN;;Content Rating: Not Yet Rated;
Title: Happy And;Episodes: 11;2011;Aired: Dec  5, 2011 - Mar 31, 2012;Original Network:  Channel A;;Content Rating: 18+ Restricted (violence & profanity);Netflix Subscription
Title: Fermentation Family;Episodes: 24;2011;Aired: Dec  7, 2011 - Feb 23, 2012;Original Network:  jTBC;;Content Rating: 15+ - Teens 15 or older;Viki Free (sub)
Title: Go! Mrs. Go!;Episodes: 36;2011;Aired: Dec 17, 2011 - Apr 15, 2012;Original Network:  TV Chosun;;Content Rating: Not Yet Rated;Tubi Free (sub)           Prime Video Subscription (sub)           Roku Free (sub)
Title: Bachelor's Vegetable Store;Episodes: 24;2011;Aired: Dec 21, 2011 - Mar  8, 2012;Original Network:  Channel A;;Content Rating: 13+ - Teens 13 or older;
Title: The Duo;Episodes: 32;2011;Aired: Feb  7, 2011 - May 24, 2011;Original Network:  MBC;;Content Rating: 15+ - Teens 15 or older;Viki Subscription (sub)           Prime Video Subscription (sub)           Roku Subscription            Kocowa Subscription (sub)
Title: Twinkle Twinkle;Episodes: 54;2011;Aired: Feb 12, 2011 - Aug 14, 2011;Original Network:  MBC;;Content Rating: 15+ - Teens 15 or older;
Title: Midas;Episodes: 21;2011;Aired: Feb 22, 2011 - May  3, 2011;Original Network:  SBS;;Content Rating: 15+ - Teens 15 or older;SBS World Free (sub)           Kocowa Subscription (sub)
Title: I Believed in Men;Episodes: 69;2011;Aired: Feb 28, 2011 - Jun  3, 2011;Original Network:  MBC;;Content Rating: 15+ - Teens 15 or older;
Title: I Believe in Love;Episodes: 62;2011;Aired: Jan  1, 2011 - Jul 31, 2011;Original Network:  KBS2;;Content Rating: 13+ - Teens 13 or older;
Title: Dream High;Episodes: 16;2011;Aired: Jan  3, 2011 - Feb 28, 2011;Original Network:  KBS2;;Content Rating: 15+ - Teens 15 or older;Netflix Subscription (sub)           Viki Subscription (sub)           Prime Video Subscription            Roku Subscription            Kocowa Free (sub)
Title: War of the Roses;Episodes: 102;2011;Aired: Jan  3, 2011 - May 24, 2011;Original Network:  SBS;;Content Rating: 15+ - Teens 15 or older;
Title: My Princess;Episodes: 16;2011;Aired: Jan  5, 2011 - Feb 24, 2011;Original Network:  MBC;;Content Rating: 15+ - Teens 15 or older;Apple TV Subscription (sub)           Viki Free (sub)           Kocowa Subscription (sub)
Title: Sign;Episodes: 20;2011;Aired: Jan  5, 2011 - Mar 10, 2011;Original Network:  SBS;;Content Rating: 15+ - Teens 15 or older;Viki Subscription (sub)           SBS World Free (sub)           Kocowa Subscription (sub)
Title: Real School;Episodes: 40;2011;Aired: Jan 10, 2011 - Mar  4, 2011;Original Network:  MBC every1;;Content Rating: 15+ - Teens 15 or older;
Title: New Tales of Gisaeng;Episodes: 52;2011;Aired: Jan 23, 2011 - Jul 17, 2011;Original Network:  SBS;;Content Rating: 15+ - Teens 15 or older;
Title: Paradise Farm;Episodes: 16;2011;Aired: Jan 24, 2011 - Mar 15, 2011;Original Network:  SBS;;Content Rating: 15+ - Teens 15 or older;
Title: Warrior Baek Dong Soo;Episodes: 29;2011;Aired: Jul  4, 2011 - Oct 10, 2011;Original Network:  SBS;;Content Rating: 15+ - Teens 15 or older;Viki Subscription (sub)           SBS World Free (sub)           Prime Video Subscription (sub)           Kocowa Free (sub)
Title: Spy Myeong Wol;Episodes: 18;2011;Aired: Jul 11, 2011 - Sep  6, 2011;Original Network:  KBS2;;Content Rating: Not Yet Rated;Kocowa Subscription (sub)
Title: Hooray for Love;Episodes: 57;2011;Aired: Jul 16, 2011 - Jan 29, 2012;Original Network:  MBC;;Content Rating: Not Yet Rated;
Title: The Princess's Man;Episodes: 24;2011;Aired: Jul 20, 2011 - Oct  6, 2011;Original Network:  KBS2;;Content Rating: 15+ - Teens 15 or older;Viki Subscription (sub)           Prime Video Subscription            Roku Purchase            Kocowa Subscription (sub)
Title: Scent of a Woman;Episodes: 16;2011;Aired: Jul 23, 2011 - Sep 11, 2011;Original Network:  SBS;;Content Rating: Not Yet Rated;Viki Subscription (sub)           SBS World Free (sub)           Prime Video Subscription (sub)           Kocowa Subscription (sub)
Title: Gye Baek;Episodes: 36;2011;Aired: Jul 25, 2011 - Nov 22, 2011;Original Network:  MBC;;Content Rating: 15+ - Teens 15 or older;Viki Subscription (sub)           Prime Video Subscription (sub)           Kocowa Subscription
Title: King Gwanggaeto the Great;Episodes: 92;2011;Aired: Jun  4, 2011 - Apr 29, 2012;Original Network:  KBS1;;Content Rating: 15+ - Teens 15 or older;KBS Drama Classic Free
Title: Indomitable Daughters-in-Law;Episodes: 113;2011;Aired: Jun  6, 2011 - Nov 18, 2011;Original Network:  MBC;;Content Rating: Not Yet Rated;
Title: I Need Romance;Episodes: 16;2011;Aired: Jun  8, 2011 - Aug  2, 2011;Original Network:  tvN;;Content Rating: Not Yet Rated;Tubi Free (sub)
Title: God's Quiz Season 2;Episodes: 12;2011;Aired: Jun 10, 2011 - Aug 26, 2011;Original Network:  OCN;;Content Rating: 15+ - Teens 15 or older;Prime Video Subscription (sub)           Roku Free (sub)
Title: Heartstrings;Episodes: 15;2011;Aired: Jun 29, 2011 - Aug 18, 2011;Original Network:  MBC;;Content Rating: 15+ - Teens 15 or older;Viki Subscription (sub)           Prime Video Subscription (sub)           Kocowa Free (sub)
Title: Royal Family;Episodes: 18;2011;Aired: Mar  2, 2011 - Apr 28, 2011;Original Network:  MBC;;Content Rating: 15+ - Teens 15 or older;Viki Subscription (sub)           Kocowa Subscription
Title: The Thorn Birds;Episodes: 20;2011;Aired: Mar  2, 2011 - May  5, 2011;Original Network:  KBS2;;Content Rating: 15+ - Teens 15 or older;Kocowa Subscription
Title: Detectives in Trouble;Episodes: 16;2011;Aired: Mar  7, 2011 - Apr 26, 2011;Original Network:  KBS2;;Content Rating: 15+ - Teens 15 or older;Prime Video Subscription (sub)           Roku Subscription            Kocowa Subscription (sub)
Title: 49 Days;Episodes: 20;2011;Aired: Mar 16, 2011 - May 19, 2011;Original Network:  SBS;;Content Rating: 15+ - Teens 15 or older;Netflix Subscription (sub)           SBS World Free (sub)
Title: Oh My God;Episodes: 40;2011;Aired: May  2, 2011 - Jan 30, 2012;Original Network:  SBS Plus;;Content Rating: Not Yet Rated;
Title: Babyfaced Beauty;Episodes: 20;2011;Aired: May  2, 2011 - Jul  5, 2011;Original Network:  KBS2;;Content Rating: 15+ - Teens 15 or older;Kocowa Subscription (sub)
Title: Sweet Palpitations;Episodes: 135;2011;Aired: May  2, 2011 - Nov  4, 2011;Original Network:  KBS2;;Content Rating: Not Yet Rated;
Title: The Greatest Love;Episodes: 16;2011;Aired: May  4, 2011 - Jun 23, 2011;Original Network:  MBC;;Content Rating: Not Yet Rated;Viki Subscription (sub)           Prime Video Subscription (sub)           Kocowa Subscription (sub)
Title: My Love By My Side;Episodes: 50;2011;Aired: May  7, 2011 - Oct 23, 2011;Original Network:  SBS;;Content Rating: Not Yet Rated;
Title: Lie to Me;Episodes: 16;2011;Aired: May  9, 2011 - Jun 28, 2011;Original Network:  SBS;;Content Rating: 15+ - Teens 15 or older;Apple TV Subscription (sub)           Netflix Subscription (sub)           Viki Subscription (sub)           Prime Video Subscription (sub)           Kocowa Subscription (sub)
Title: Romance Town;Episodes: 20;2011;Aired: May 11, 2011 - Jul 14, 2011;Original Network:  KBS2;;Content Rating: 15+ - Teens 15 or older;Viki Subscription (sub)           Kocowa Subscription (sub)
Title: Women in Our House;Episodes: 125;2011;Aired: May 16, 2011 - Nov  4, 2011;Original Network:  KBS1;;Content Rating: Not Yet Rated;
Title: While You Were Sleeping;Episodes: 120;2011;Aired: May 16, 2011 - Nov  9, 2011;Original Network:  SBS;;Content Rating: 13+ - Teens 13 or older;
Title: City Hunter;Episodes: 20;2011;Aired: May 25, 2011 - Jul 28, 2011;Original Network:  SBS;;Content Rating: 15+ - Teens 15 or older;
Title: Miss Ripley;Episodes: 16;2011;Aired: May 30, 2011 - Jul 19, 2011;Original Network:  MBC;;Content Rating: 15+ - Teens 15 or older;Viki Free (sub)
Title: Miss Ajumma;Episodes: 103;2011;Aired: May 30, 2011 - Oct 21, 2011;Original Network:  SBS;;Content Rating: Not Yet Rated;
Title: Bang Ja Chronicles;Episodes: 4;2011;Aired: Nov  5, 2011 - Nov 26, 2011;Original Network:  CGV;;Content Rating: 18+ Restricted (violence & profanity);
Title: TV Novel: Dear My Sister;Episodes: 130;2011;Aired: Nov  7, 2011 - May  4, 2012;Original Network:  KBS2;;Content Rating: Not Yet Rated;
Title: Just You;Episodes: 128;2011;Aired: Nov  7, 2011 - May  4, 2012;Original Network:  KBS1;;Content Rating: Not Yet Rated;
Title: Flower, I Am!;Episodes: 15;2011;Aired: Nov  9, 2011 - Dec 28, 2011;Original Network:  MBC;;Content Rating: 15+ - Teens 15 or older;Kocowa Free (sub)
Title: Marriage Clinic, Love & War Season 2;Episodes: 124;2011;Aired: Nov 11, 2011 - Aug  1, 2014;Original Network:  KBS2;;Content Rating: Not Yet Rated;KBS World Free            Kocowa Subscription
Title: Brain;Episodes: 20;2011;Aired: Nov 14, 2011 - Jan 17, 2012;Original Network:  KBS2;;Content Rating: 15+ - Teens 15 or older;Viki Subscription (sub)           Kocowa Subscription (sub)
Title: My Daughter the Flower;Episodes: 131;2011;Aired: Nov 14, 2011 - May 18, 2012;Original Network:  SBS;;Content Rating: Not Yet Rated;SBS VOD Free
Title: Special Affairs Team TEN;Episodes: 9;2011;Aired: Nov 18, 2011 - Jan 13, 2012;Original Network:  OCN;;Content Rating: Not Yet Rated;Tubi Free (sub)
Title: Just Like Today;Episodes: 128;2011;Aired: Nov 21, 2011 - May 18, 2012;Original Network:  MBC;;Content Rating: Not Yet Rated;
Title: Light and Shadow;Episodes: 64;2011;Aired: Nov 28, 2011 - Jul  3, 2012;Original Network:  MBC;;Content Rating: Not Yet Rated;Viki Subscription (sub)           Kocowa Subscription
Title: The Empress;Episodes: 13;2011;Aired: Oct  1, 2011 - Dec 24, 2011;Original Network:  E-Channel;;Content Rating: 15+ - Teens 15 or older;Viki Free (sub)
Title: Vampire Prosecutor;Episodes: 12;2011;Aired: Oct  2, 2011 - Dec 18, 2011;Original Network:  OCN;;Content Rating: 15+ - Teens 15 or older;Roku Free
Title: Tree with Deep Roots;Episodes: 24;2011;Aired: Oct  5, 2011 - Dec 22, 2011;Original Network:  SBS;;Content Rating: 15+ - Teens 15 or older;Apple TV Subscription (sub)           Netflix Subscription (sub)           Viki Subscription (sub)           SBS World Free (sub)           Prime Video Subscription (sub)           Kocowa Subscription (sub)
Title: Dangerous Woman;Episodes: 124;2011;Aired: Oct 10, 2011 - Mar 30, 2012;Original Network:  MBC;;Content Rating: Not Yet Rated;
Title: Glory Jane;Episodes: 24;2011;Aired: Oct 12, 2011 - Dec 28, 2011;Original Network:  KBS2;;Content Rating: Not Yet Rated;Viki Subscription (sub)
Title: Late Night Hospital;Episodes: 10;2011;Aired: Oct 15, 2011 - Dec 17, 2011;Original Network:  MBC;;Content Rating: Not Yet Rated;
Title: A Thousand Days' Promise;Episodes: 20;2011;Aired: Oct 17, 2011 - Dec 20, 2011;Original Network:  SBS;;Content Rating: 15+ - Teens 15 or older;
Title: Bride of the Sun;Episodes: 112;2011;Aired: Oct 24, 2011 - Mar 30, 2012;Original Network:  SBS;;Content Rating: Not Yet Rated;
Title: If Tomorrow Comes;Episodes: 51;2011;Aired: Oct 29, 2011 - Apr 22, 2012;Original Network:  SBS;;Content Rating: 15+ - Teens 15 or older;
Title: Flower Boy Ramen Shop;Episodes: 16;2011;Aired: Oct 31, 2011 - Dec 20, 2011;Original Network:  tvN;;Content Rating: 15+ - Teens 15 or older;Viki Subscription (sub)           Tubi Free (sub)           Prime Video Subscription            Roku Free
Title: The Musical;Episodes: 15;2011;Aired: Sep  2, 2011 - Dec 16, 2011;Original Network:  SBS;;Content Rating: 15+ - Teens 15 or older;
Title: Ugly Miss Young Ae Season 9;Episodes: 20;2011;Aired: Sep  9, 2011 - Jan 20, 2012;Original Network:  tvN;;Content Rating: Not Yet Rated;
Title: Live in Style;Episodes: 51;2011;Aired: Sep 17, 2011 - Mar 11, 2012;Original Network:  SBS;;Content Rating: Not Yet Rated;
Title: High Kick Season 3;Episodes: 123;2011;Aired: Sep 19, 2011 - Mar 29, 2012;Original Network:  MBC;;Content Rating: Not Yet Rated;옛드 : 옛날 드라마 [드라맛집] Free
Title: Poseidon;Episodes: 16;2011;Aired: Sep 19, 2011 - Nov  8, 2011;Original Network:  KBS2;;Content Rating: Not Yet Rated;
Title: Welcome Rain to My Life;Episodes: 106;2012;Aired: Apr  2, 2012 - Aug 31, 2012;Original Network:  SBS;;Content Rating: Not Yet Rated;Wavve Subscription
Title: The Wedding Scheme;Episodes: 16;2012;Aired: Apr  2, 2012 - May 22, 2012;Original Network:  tvN;;Content Rating: Not Yet Rated;
Title: An Angel’s Choice;Episodes: 140;2012;Aired: Apr  2, 2012 - Oct 12, 2012;Original Network:  MBC;;Content Rating: Not Yet Rated;
Title: Standby;Episodes: 113;2012;Aired: Apr  9, 2012 - Oct  5, 2012;Original Network:  MBC;;Content Rating: Not Yet Rated;
Title: Ugly Miss Young Ae Season 10;Episodes: 20;2012;Aired: Apr 13, 2012 - Aug 31, 2012;Original Network:  tvN;;Content Rating: Not Yet Rated;
Title: Late Blossom;Episodes: 16;2012;Aired: Apr 16, 2012 - Jun  5, 2012;Original Network:  SBS Plus;;Content Rating: Not Yet Rated;
Title: Queen and I;Episodes: 16;2012;Aired: Apr 18, 2012 - Jun  7, 2012;Original Network:  tvN;;Content Rating: 15+ - Teens 15 or older;Apple TV Subscription            Prime Video Subscription (sub)           AsianCrush Free (sub)           Tubi Free (sub)           Roku Free (sub)
Title: Ji Woon Soo's Stroke of Luck;Episodes: 20;2012;Aired: Apr 21, 2012 - Jun 24, 2012;Original Network:  TV Chosun;;Content Rating: 15+ - Teens 15 or older;
Title: Happy Ending;Episodes: 24;2012;Aired: Apr 23, 2012 - Jul 16, 2012;Original Network:  jTBC;;Content Rating: 15+ - Teens 15 or older;
Title: Love Again;Episodes: 16;2012;Aired: Apr 25, 2012 - Jun 14, 2012;Original Network:  jTBC;;Content Rating: 15+ - Teens 15 or older;Viki Free (sub)
Title: Why Didn't You Get Married?;Episodes: 8;2012;Aired: Apr 28, 2012 - Aug  3, 2012;Original Network:  E-Channel;;Content Rating: Not Yet Rated;Viki Free (sub)
Title: Holy Land;Episodes: 4;2012;Aired: Apr 28, 2012 - May 19, 2012;Original Network:  SUPER ACTION;;Content Rating: Not Yet Rated;
Title: Tasty Life;Episodes: 39;2012;Aired: Apr 28, 2012 - Sep 23, 2012;Original Network:  SBS;;Content Rating: Not Yet Rated;
Title: Haeundae Lovers;Episodes: 16;2012;Aired: Aug  6, 2012 - Sep 25, 2012;Original Network:  KBS2;;Content Rating: 15+ - Teens 15 or older;Viki Subscription
Title: Family;Episodes: 120;2012;Aired: Aug 13, 2012 - Feb  6, 2013;Original Network:  KBS2;;Content Rating: Not Yet Rated;
Title: The Great Doctor;Episodes: 24;2012;Aired: Aug 13, 2012 - Oct 30, 2012;Original Network:  SBS;;Content Rating: 15+ - Teens 15 or older;Apple TV Subscription            Viki Subscription (sub)           Prime Video Subscription (sub)           Netflix Subscription (sub)           Kocowa Subscription (sub)
Title: To the Beautiful You;Episodes: 16;2012;Aired: Aug 15, 2012 - Oct  4, 2012;Original Network:  SBS;;Content Rating: 15+ - Teens 15 or older;Viki Subscription (sub)           Prime Video Subscription (sub)           Roku Subscription            Kocowa Subscription (sub)
Title: Tale of Arang;Episodes: 20;2012;Aired: Aug 15, 2012 - Oct 18, 2012;Original Network:  MBC;;Content Rating: 13+ - Teens 13 or older;Apple TV Subscription            Prime Video Subscription (sub)           Kocowa Subscription
Title: Ma Boy;Episodes: 3;2012;Aired: Aug 16, 2012 - Aug 30, 2012;Original Network:  Tooniverse;;Content Rating: 15+ - Teens 15 or older;Tooniverse Free
Title: Natural Burials;Episodes: 2;2012;Aired: Aug 17, 2012;Original Network:  MBN;;Content Rating: Not Yet Rated;
Title: The Thousandth Man;Episodes: 8;2012;Aired: Aug 17, 2012 - Oct 12, 2012;Original Network:  MBC;;Content Rating: Not Yet Rated;
Title: May Queen;Episodes: 38;2012;Aired: Aug 18, 2012 - Dec 23, 2012;Original Network:  MBC;;Content Rating: 13+ - Teens 13 or older;Viki Subscription (sub)           Kocowa Subscription
Title: Five Fingers;Episodes: 30;2012;Aired: Aug 18, 2012 - Nov 25, 2012;Original Network:  SBS;;Content Rating: 15+ - Teens 15 or older;Viki Subscription (sub)           Prime Video Subscription (sub)           Kocowa Free (sub)
Title: Panda and Hedgehog;Episodes: 16;2012;Aired: Aug 18, 2012 - Oct  7, 2012;Original Network:  Channel A;;Content Rating: 15+ - Teens 15 or older;Netflix Subscription (sub)           Viki Free (sub)
Title: Cheongdam-dong Alice;Episodes: 16;2012;Aired: Dec  1, 2012 - Jan 27, 2013;Original Network:  SBS;;Content Rating: 15+ - Teens 15 or older;SBS World Free            Kocowa Subscription (sub)
Title: School 2013;Episodes: 16;2012;Aired: Dec  3, 2012 - Jan 28, 2013;Original Network:  KBS2;;Content Rating: 15+ - Teens 15 or older;Apple TV Subscription (sub)           Viki Subscription (sub)           KBS World Free (sub)           Kocowa Free (sub)
Title: The Birth of a Family;Episodes: 115;2012;Aired: Dec  5, 2012 - May 17, 2013;Original Network:  SBS;;Content Rating: Not Yet Rated;SBS VOD Free
Title: Feast of the Gods;Episodes: 32;2012;Aired: Feb  4, 2012 - May 20, 2012;Original Network:  MBC;;Content Rating: Not Yet Rated;Viki Free (sub)           Kocowa Subscription
Title: Korean Peninsula;Episodes: 18;2012;Aired: Feb  6, 2012 - Apr  3, 2012;Original Network:  TV Chosun;;Content Rating: Not Yet Rated;
Title: Oh My God Season 2;Episodes: 26;2012;Aired: Feb  6, 2012 - Aug 14, 2012;Original Network:  SBS Plus;;Content Rating: Not Yet Rated;
Title: Operation Proposal;Episodes: 16;2012;Aired: Feb  8, 2012 - Mar 29, 2012;Original Network:  TV Chosun;;Content Rating: 13+ - Teens 13 or older;
Title: God of War;Episodes: 56;2012;Aired: Feb 11, 2012 - Sep 15, 2012;Original Network:  MBC;;Content Rating: Not Yet Rated;
Title: Syndrome;Episodes: 20;2012;Aired: Feb 13, 2012 - Apr 17, 2012;Original Network:  jTBC;;Content Rating: 15+ - Teens 15 or older;Viki Free (sub)
Title: Twelve Men in a Year;Episodes: 16;2012;Aired: Feb 15, 2012 - Apr  5, 2012;Original Network:  tvN;;Content Rating: Not Yet Rated;
Title: My Husband Got a Family;Episodes: 58;2012;Aired: Feb 25, 2012 - Sep  9, 2012;Original Network:  KBS2;;Content Rating: 15+ - Teens 15 or older;Kocowa Subscription (sub)
Title: Yellow Boots;Episodes: 108;2012;Aired: Feb 27, 2012 - Aug 30, 2012;Original Network:  tvN;;Content Rating: Not Yet Rated;
Title: I Need a Fairy;Episodes: 100;2012;Aired: Feb 27, 2012 - Jul 24, 2012;Original Network:  KBS2;;Content Rating: 15+ - Teens 15 or older;
Title: A Wife’s Credentials;Episodes: 16;2012;Aired: Feb 29, 2012 - Apr 19, 2012;Original Network:  jTBC;;Content Rating: 15+ - Teens 15 or older;Viki Free (sub)
Title: History of the Salaryman;Episodes: 22;2012;Aired: Jan  2, 2012 - Mar 13, 2012;Original Network:  SBS;;Content Rating: Not Yet Rated;SBS World Free            Kocowa Subscription
Title: Wild Romance;Episodes: 16;2012;Aired: Jan  4, 2012 - Feb 23, 2012;Original Network:  KBS2;;Content Rating: Not Yet Rated;Prime Video Subscription (sub)           Kocowa Subscription (sub)
Title: Take Care of Us, Captain;Episodes: 20;2012;Aired: Jan  4, 2012 - Mar  8, 2012;Original Network:  SBS;;Content Rating: 13+ - Teens 13 or older;Viki Subscription (sub)           SBS World Subscription (sub)           Prime Video Subscription (sub)           Roku Subscription            Kocowa Subscription (sub)
Title: Moon Embracing the Sun;Episodes: 20;2012;Aired: Jan  4, 2012 - Mar 15, 2012;Original Network:  MBC;;Content Rating: 15+ - Teens 15 or older;Apple TV Free            Netflix Subscription (sub)           WeTV Free (sub)           Viki Subscription (sub)           iflix Free (sub)           Prime Video Subscription            Kocowa Free (sub)
Title: My Shining Girl;Episodes: 12;2012;Aired: Jan  7, 2012 - Mar 24, 2012;Original Network:  KBS1;;Content Rating: G - All Ages;
Title: Daddy's Sorry;Episodes: 3;2012;Aired: Jan 23, 2012 - Jan 25, 2012;Original Network:  TV Chosun;;Content Rating: Not Yet Rated;
Title: Salamander Guru and the Shadow Members;Episodes: 10;2012;Aired: Jan 27, 2012 - Mar 30, 2012;Original Network:  SBS;;Content Rating: G - All Ages;SBS World Free
Title: Dream High Season 2;Episodes: 16;2012;Aired: Jan 30, 2012 - Mar 20, 2012;Original Network:  KBS2;;Content Rating: 15+ - Teens 15 or older;Netflix Subscription (sub)           Viki Subscription            KBS World Free (sub)           Kocowa Subscription
Title: Shut Up: Flower Boy Band;Episodes: 16;2012;Aired: Jan 30, 2012 - Mar 20, 2012;Original Network:  tvN;;Content Rating: 15+ - Teens 15 or older;iQIYI Free (sub)           Tubi Free (sub)           Roku Free (sub)
Title: Golden Time;Episodes: 23;2012;Aired: Jul  9, 2012 - Sep 25, 2012;Original Network:  MBC;;Content Rating: Not Yet Rated;Viki Subscription (sub)           Kocowa Subscription
Title: Reply 1997;Episodes: 16;2012;Aired: Jul 24, 2012 - Sep 18, 2012;Original Network:  tvN;;Content Rating: 15+ - Teens 15 or older;Apple TV Free (sub)           Viki Free (sub)           iQIYI Free (sub)           K-DRAMA Free (sub)           Prime Video Subscription (sub)           Tubi Free (sub)
Title: Big;Episodes: 16;2012;Aired: Jun  4, 2012 - Jul 24, 2012;Original Network:  KBS2;;Content Rating: 15+ - Teens 15 or older;Netflix Subscription (sub)           Viki Subscription (sub)           Prime Video Subscription (sub)           Roku Subscription            Kocowa Free (sub)
Title: Reckless Family;Episodes: 9;2012;Aired: Jun 17, 2012 - Sep  1, 2012;Original Network:  MBC;;Content Rating: Not Yet Rated;
Title: I Need Romance Season 2;Episodes: 16;2012;Aired: Jun 20, 2012 - Aug  9, 2012;Original Network:  tvN;;Content Rating: Not Yet Rated;Tubi Free (sub)           Roku Free (sub)
Title: To My Beloved;Episodes: 16;2012;Aired: Jun 27, 2012 - Aug 16, 2012;Original Network:  jTBC;;Content Rating: 15+ - Teens 15 or older;
Title: Can Love Become Money;Episodes: 20;2012;Aired: Mar  3, 2012 - May  6, 2012;Original Network:  MBN;;Content Rating: Not Yet Rated;
Title: 21st Century Family;Episodes: 8;2012;Aired: Mar 11, 2012 - Apr 29, 2012;Original Network:  tvN;;Content Rating: Not Yet Rated;
Title: Immortal Classic;Episodes: 20;2012;Aired: Mar 17, 2012 - May 20, 2012;Original Network:  Channel A;;Content Rating: Not Yet Rated;Apple TV Subscription            Netflix Subscription            Viki Free (sub)
Title: Foolish Mom;Episodes: 20;2012;Aired: Mar 17, 2012 - May 20, 2012;Original Network:  SBS;;Content Rating: Not Yet Rated;
Title: Hero;Episodes: 9;2012;Aired: Mar 18, 2012 - May 13, 2012;Original Network:  OCN;;Content Rating: Not Yet Rated;
Title: K-POP - The Ultimate Audition;Episodes: 14;2012;Aired: Mar 19, 2012 - May  1, 2012;Original Network:  Channel A;;Content Rating: G - All Ages;Netflix Subscription (sub)           Viki Free (sub)           AsianCrush Subscription (sub)           Tubi Free (sub)
Title: Fashion King;Episodes: 20;2012;Aired: Mar 19, 2012 - May 22, 2012;Original Network:  SBS;;Content Rating: Not Yet Rated;Viki Free (sub)           SBS World Free            Kocowa Subscription (sub)
Title: Man from the Equator;Episodes: 20;2012;Aired: Mar 21, 2012 - May 24, 2012;Original Network:  KBS2;;Content Rating: Not Yet Rated;KBS World Free (sub)           Kocowa Subscription
Title: Rooftop Prince;Episodes: 20;2012;Aired: Mar 21, 2012 - May 24, 2012;Original Network:  SBS;;Content Rating: 15+ - Teens 15 or older;Apple TV Free            Netflix Subscription (sub)           WeTV Free (sub)           Viki Subscription (sub)           SBS World Free (sub)           Prime Video Subscription            Roku Purchase            Kocowa Subscription (sub)
Title: The King 2 Hearts;Episodes: 20;2012;Aired: Mar 21, 2012 - May 24, 2012;Original Network:  MBC;;Content Rating: 15+ - Teens 15 or older;Netflix Subscription (sub)           Viki Subscription (sub)           Prime Video Purchase (sub)           Roku Subscription            Kocowa Free (sub)
Title: Love Rain;Episodes: 20;2012;Aired: Mar 26, 2012 - May 29, 2012;Original Network:  KBS2;;Content Rating: 15+ - Teens 15 or older;Netflix Subscription            Viki Free (sub)
Title: TV Novel: Love, My Love;Episodes: 175;2012;Aired: May  7, 2012 - Jan  4, 2013;Original Network:  KBS2;;Content Rating: Not Yet Rated;
Title: Goodbye Dear Wife;Episodes: 20;2012;Aired: May  7, 2012 - Jul 10, 2012;Original Network:  Channel A;;Content Rating: Not Yet Rated;Apple TV Subscription            Netflix Subscription (sub)           AsianCrush Free (sub)           Viki Free (sub)           Prime Video Subscription (sub)           Roku Free (sub)
Title: I'll Give You the Stars and the Moon;Episodes: 129;2012;Aired: May  7, 2012 - Nov  2, 2012;Original Network:  KBS1;;Content Rating: Not Yet Rated;
Title: Suspicious Family;Episodes: 20;2012;Aired: May  9, 2012 - Jun 28, 2012;Original Network:  MBN;;Content Rating: Not Yet Rated;
Title: God's Quiz Season 3;Episodes: 12;2012;Aired: May 20, 2012 - Aug  5, 2012;Original Network:  OCN;;Content Rating: Not Yet Rated;Prime Video Subscription (sub)           Roku Free (sub)
Title: Hometown Over the Hill Season 2;Episodes: 150;2012;Aired: May 20, 2012 - Dec 28, 2014;Original Network:  KBS1;;Content Rating: Not Yet Rated;
Title: Still You;Episodes: 124;2012;Aired: May 21, 2012 - Dec  3, 2012;Original Network:  SBS;;Content Rating: Not Yet Rated;SBS VOD Free
Title: Time Slip Dr. Jin;Episodes: 22;2012;Aired: May 26, 2012 - Aug 12, 2012;Original Network:  MBC;;Content Rating: 13+ - Teens 13 or older;Kocowa Subscription (sub)
Title: A Gentleman's Dignity;Episodes: 20;2012;Aired: May 26, 2012 - Aug 12, 2012;Original Network:  SBS;;Content Rating: 15+ - Teens 15 or older;Viki Subscription (sub)           iQIYI Free (sub)           Prime Video Subscription (sub)           Roku Subscription            Netflix Subscription (sub)           Kocowa Free (sub)
Title: I Love Lee Tae Ri;Episodes: 16;2012;Aired: May 28, 2012 - Jul 17, 2012;Original Network:  tvN;;Content Rating: Not Yet Rated;Viki Free
Title: The Chaser;Episodes: 16;2012;Aired: May 28, 2012 - Jul 17, 2012;Original Network:  SBS;;Content Rating: 15+ - Teens 15 or older;Viki Subscription (sub)           SBS World Free (sub)           Kocowa Subscription (sub)
Title: Can’t Live without You;Episodes: 110;2012;Aired: May 28, 2012 - Nov 16, 2012;Original Network:  MBC;;Content Rating: Not Yet Rated;
Title: Ghost;Episodes: 20;2012;Aired: May 30, 2012 - Aug  9, 2012;Original Network:  SBS;;Content Rating: Not Yet Rated;Viki Subscription (sub)           SBS World Free (sub)           Prime Video Subscription (sub)           Kocowa Subscription (sub)
Title: I  Do, I Do;Episodes: 16;2012;Aired: May 30, 2012 - Jul 19, 2012;Original Network:  MBC;;Content Rating: Not Yet Rated;Kocowa Subscription
Title: Bridal Mask;Episodes: 28;2012;Aired: May 30, 2012 - Sep  6, 2012;Original Network:  KBS2;;Content Rating: 15+ - Teens 15 or older;Netflix Subscription (sub)           KBS World Free (sub)           Kocowa Subscription (sub)
Title: Short Family;Episodes: 12;2012;Aired: Nov  3, 2012 - Feb  2, 2013;Original Network:  E-Channel;;Content Rating: Not Yet Rated;
Title: Cheer Up, Mr. Kim!;Episodes: 124;2012;Aired: Nov  5, 2012 - Apr 26, 2013;Original Network:  KBS1;;Content Rating: Not Yet Rated;KBS World Free (sub)
Title: The King of Dramas;Episodes: 18;2012;Aired: Nov  5, 2012 - Jan  7, 2013;Original Network:  SBS;;Content Rating: 15+ - Teens 15 or older;SBS World Free (sub)           Kocowa Subscription (sub)
Title: Missing You;Episodes: 21;2012;Aired: Nov  7, 2012 - Jan 17, 2013;Original Network:  MBC;;Content Rating: 15+ - Teens 15 or older;Viki Free (sub)
Title: Oh Ja Ryong Is Coming;Episodes: 129;2012;Aired: Nov 19, 2012 - May 17, 2013;Original Network:  MBC;;Content Rating: 15+ - Teens 15 or older;
Title: Jeon Woo Chi;Episodes: 24;2012;Aired: Nov 21, 2012 - Feb  7, 2013;Original Network:  KBS2;;Content Rating: 15+ - Teens 15 or older;Viki Subscription (sub)           Kocowa Free (sub)
Title: Ugly Miss Young Ae Season 11;Episodes: 20;2012;Aired: Nov 29, 2012 - Apr 11, 2013;Original Network:  tvN;;Content Rating: Not Yet Rated;
Title: The King's Doctor;Episodes: 50;2012;Aired: Oct  1, 2012 - Mar 25, 2013;Original Network:  MBC;;Content Rating: 15+ - Teens 15 or older;Kocowa Subscription (sub)
Title: Ohlala Couple;Episodes: 18;2012;Aired: Oct  1, 2012 - Nov 27, 2012;Original Network:  KBS2;;Content Rating: Not Yet Rated;
Title: My Love, Madame Butterfly;Episodes: 51;2012;Aired: Oct  6, 2012 - Apr  7, 2013;Original Network:  SBS;;Content Rating: Not Yet Rated;Viki Free
Title: What Is Mom;Episodes: 27;2012;Aired: Oct  9, 2012 - Dec 25, 2012;Original Network:  MBC;;Content Rating: 15+ - Teens 15 or older;
Title: Reckless Family Season 2;Episodes: 38;2012;Aired: Oct  9, 2012 - Jun 25, 2013;Original Network:  MBC;;Content Rating: Not Yet Rated;
Title: The Great Seer;Episodes: 35;2012;Aired: Oct 10, 2012 - Feb  7, 2013;Original Network:  SBS;;Content Rating: 15+ - Teens 15 or older;
Title: It Was Love;Episodes: 144;2012;Aired: Oct 15, 2012 - May  3, 2013;Original Network:  MBC;;Content Rating: 15+ - Teens 15 or older;
Title: Full House Take 2;Episodes: 32;2012;Aired: Oct 22, 2012 - Dec 13, 2012;Original Network:  SBS Plus;;Content Rating: 15+ - Teens 15 or older;Apple TV Subscription            Viki Subscription
Title: Ugly Cake;Episodes: 2;2012;Aired: Oct 24, 2012 - Oct 25, 2012;Original Network:  MBC;;Content Rating: Not Yet Rated;
Title: Childless Comfort;Episodes: 40;2012;Aired: Oct 27, 2012 - Mar 17, 2013;Original Network:  jTBC;;Content Rating: 15+ - Teens 15 or older;Apple TV Free            Viki Free (sub)
Title: Can We Get Married?;Episodes: 20;2012;Aired: Oct 29, 2012 - Jan  1, 2013;Original Network:  jTBC;;Content Rating: 15+ - Teens 15 or older;Apple TV Free            Viki Free (sub)           Prime Video Subscription (sub)           Kocowa Subscription (sub)
Title: Glass Mask;Episodes: 122;2012;Aired: Sep  3, 2012 - Apr  4, 2013;Original Network:  tvN;;Content Rating: 15+ - Teens 15 or older;
Title: I Love You;Episodes: 117;2012;Aired: Sep  3, 2012 - Feb 15, 2013;Original Network:  SBS;;Content Rating: Not Yet Rated;
Title: The 3rd Ward;Episodes: 20;2012;Aired: Sep  5, 2012 - Nov  8, 2012;Original Network:  tvN;;Content Rating: Not Yet Rated;
Title: The Great King's Dream;Episodes: 70;2012;Aired: Sep  8, 2012 - Jun  9, 2013;Original Network:  KBS1;;Content Rating: Not Yet Rated;
Title: Vampire Prosecutor Season 2;Episodes: 11;2012;Aired: Sep  9, 2012 - Nov 18, 2012;Original Network:  OCN;;Content Rating: 13+ - Teens 13 or older;
Title: The Innocent Man;Episodes: 20;2012;Aired: Sep 12, 2012 - Nov 15, 2012;Original Network:  KBS2;;Content Rating: 15+ - Teens 15 or older;Apple TV Subscription            Netflix Subscription (sub)           WeTV Free (sub)           Viki Subscription (sub)           Prime Video Subscription (sub)           Kocowa Free (sub)
Title: Seo Yeong, My Daughter;Episodes: 50;2012;Aired: Sep 15, 2012 - Mar  3, 2013;Original Network:  KBS2;;Content Rating: 15+ - Teens 15 or older;Apple TV Subscription (sub)           Viki Subscription (sub)           KBS World Free            Prime Video Subscription (sub)           Kocowa Subscription (sub)
Title: Rascal Sons;Episodes: 50;2012;Aired: Sep 22, 2012 - Mar 24, 2013;Original Network:  MBC;;Content Rating: 15+ - Teens 15 or older;
Title: The Chaser;Episodes: 4;2012;Aired: May 28, 2012;Original Network:;;Content Rating: Not Yet Rated;
Title: The Queen of Office;Episodes: 16;2013;Aired: Apr  1, 2013 - May 21, 2013;Original Network:  KBS2;;Content Rating: 13+ - Teens 13 or older;KBS Drama Classic Free            Kocowa Subscription (sub)
Title: When a Man Falls in Love;Episodes: 20;2013;Aired: Apr  3, 2013 - Jun  6, 2013;Original Network:  MBC;;Content Rating: 15+ - Teens 15 or older;Viki Subscription (sub)           Prime Video Subscription (sub)           Roku Subscription            Kocowa Subscription
Title: All about My Romance;Episodes: 16;2013;Aired: Apr  4, 2013 - May 29, 2013;Original Network:  SBS;;Content Rating: 15+ - Teens 15 or older;Viki Subscription (sub)           SBS World Free (sub)           Prime Video Subscription (sub)           Roku Subscription            Kocowa Subscription (sub)
Title: I Summon You, Gold!;Episodes: 50;2013;Aired: Apr  6, 2013 - Sep 22, 2013;Original Network:  MBC;;Content Rating: 15+ - Teens 15 or older;
Title: Jang Ok Jung;Episodes: 24;2013;Aired: Apr  8, 2013 - Jun 25, 2013;Original Network:  SBS;;Content Rating: Not Yet Rated;Viki Subscription (sub)           SBS World Free (sub)           Prime Video Subscription (sub)           Kocowa Subscription (sub)
Title: Kangchi, the Beginning;Episodes: 24;2013;Aired: Apr  8, 2013 - Jun 25, 2013;Original Network:  MBC;;Content Rating: 15+ - Teens 15 or older;Apple TV Subscription (sub)           Viki Subscription (sub)           Prime Video Subscription (sub)           Roku Subscription            Kocowa Subscription
Title: Crazy Love;Episodes: 100;2013;Aired: Apr  8, 2013 - Sep 17, 2013;Original Network:  tvN;;Content Rating: Not Yet Rated;
Title: Wonderful Mama;Episodes: 48;2013;Aired: Apr 13, 2013 - Sep 22, 2013;Original Network:  SBS;;Content Rating: Not Yet Rated;Apple TV Subscription            Prime Video Subscription (sub)           Roku Subscription            Kocowa Subscription (sub)
Title: Special Affairs Team TEN Season 2;Episodes: 12;2013;Aired: Apr 14, 2013 - Jun 30, 2013;Original Network:  OCN;;Content Rating: 15+ - Teens 15 or older;Tubi Free (sub)           Roku Free (sub)
Title: She Is Wow!;Episodes: 12;2013;Aired: Apr 18, 2013 - Jul  4, 2013;Original Network:  tvN;;Content Rating: 15+ - Teens 15 or older;
Title: The Fugitive of Joseon;Episodes: 20;2013;Aired: Apr 24, 2013 - Jun 27, 2013;Original Network:  KBS2;;Content Rating: 15+ - Teens 15 or older;Prime Video Purchase            Viki Subscription (sub)           Roku Subscription            Kocowa Subscription (sub)
Title: Ohlala School;Episodes: 12;2013;Aired: Apr 26, 2013 - Jul 12, 2013;Original Network:  Tooniverse;;Content Rating: 13+ - Teens 13 or older;TVING Free            Tooniverse Free (sub)
Title: Birth Secret;Episodes: 18;2013;Aired: Apr 27, 2013 - Jun 23, 2013;Original Network:  SBS;;Content Rating: 15+ - Teens 15 or older;Viki Subscription (sub)           SBS World Free (sub)           Kocowa Subscription (sub)
Title: A Tale of Two Sisters;Episodes: 135;2013;Aired: Apr 29, 2013 - Nov  1, 2013;Original Network:  KBS1;;Content Rating: Not Yet Rated;KBS World Free
Title: The Dramatic;Episodes: 7;2013;Aired: Aug  2, 2013 - Sep 13, 2013;Original Network:  MBC every1;;Content Rating: Not Yet Rated;
Title: Can't Take It Anymore;Episodes: 111;2013;Aired: Aug  5, 2013 - Jan  9, 2014;Original Network:  jTBC;;Content Rating: 15+ - Teens 15 or older;
Title: The Women's Room;Episodes: 119;2013;Aired: Aug  5, 2013 - Jan 17, 2014;Original Network:  SBS;;Content Rating: Not Yet Rated;
Title: Her Legend;Episodes: 20;2013;Aired: Aug  5, 2013 - Oct  8, 2013;Original Network:  jTBC;;Content Rating: 15+ - Teens 15 or older;Viki Free (sub)
Title: Good Doctor;Episodes: 20;2013;Aired: Aug  5, 2013 - Oct  8, 2013;Original Network:  KBS2;;Content Rating: 15+ - Teens 15 or older;Netflix Subscription (sub)           Viki Subscription (sub)           KBS Drama Classic Subscription            KBS World Free (sub)           Prime Video Subscription (sub)           Kocowa Free (sub)
Title: The Master's Sun;Episodes: 17;2013;Aired: Aug  7, 2013 - Oct  3, 2013;Original Network:  SBS;;Content Rating: 15+ - Teens 15 or older;Apple TV Free            Netflix Subscription (sub)           WeTV Free (sub)           Viki Subscription (sub)           iQIYI Free (sub)           Wavve Subscription            Prime Video Subscription (sub)           Roku Subscription            SBS World Free            Kocowa Free (sub)
Title: Two Weeks;Episodes: 16;2013;Aired: Aug  7, 2013 - Sep 26, 2013;Original Network:  MBC;;Content Rating: 15+ - Teens 15 or older;Viki Subscription (sub)           Prime Video Subscription (sub)           Kocowa Free (sub)
Title: Ruby Ring;Episodes: 93;2013;Aired: Aug 19, 2013 - Jan  3, 2014;Original Network:  KBS2;;Content Rating: 15+ - Teens 15 or older;KBS World Free            KBS Drama Free
Title: Wang's Family;Episodes: 50;2013;Aired: Aug 31, 2013 - Feb 16, 2014;Original Network:  KBS2;;Content Rating: Not Yet Rated;KBS World Free (sub)
Title: A Word from Warm Heart;Episodes: 20;2013;Aired: Dec  2, 2013 - Feb 24, 2014;Original Network:  SBS;;Content Rating: 15+ - Teens 15 or older;Apple TV Subscription (sub)           Viki Subscription (sub)           SBS World Free (sub)           Prime Video Subscription (sub)           Kocowa Subscription (sub)
Title: One Well-Raised Daughter;Episodes: 122;2013;Aired: Dec  2, 2013 - May 30, 2014;Original Network:  SBS;;Content Rating: Not Yet Rated;
Title: Prime Minister and I;Episodes: 17;2013;Aired: Dec  9, 2013 - Feb  4, 2014;Original Network:  KBS2;;Content Rating: Not Yet Rated;Viki Subscription (sub)           Prime Video Subscription (sub)           Roku Subscription            Kocowa Subscription
Title: Miss Korea;Episodes: 20;2013;Aired: Dec 18, 2013 - Feb 26, 2014;Original Network:  MBC;;Content Rating: 15+ - Teens 15 or older;Viki Subscription            Kocowa Subscription
Title: My Love from the Star;Episodes: 21;2013;Aired: Dec 18, 2013 - Feb 27, 2014;Original Network:  SBS;;Content Rating: 15+ - Teens 15 or older;Netflix Subscription (sub)           Viki Subscription (sub)           iQIYI Free (sub)           Prime Video Subscription            Roku Subscription            Kocowa Free (sub)
Title: Shining Romance;Episodes: 122;2013;Aired: Dec 23, 2013 - Jun 20, 2014;Original Network:  MBC;;Content Rating: 15+ - Teens 15 or older;
Title: Incarnation of Money;Episodes: 24;2013;Aired: Feb  2, 2013 - Apr 21, 2013;Original Network:  SBS;;Content Rating: Not Yet Rated;SBS World Free (sub)           Viki Subscription (sub)           Prime Video Subscription (sub)           Roku Subscription            Kocowa Subscription (sub)
Title: Thorn Flower;Episodes: 120;2013;Aired: Feb  4, 2013 - Aug  1, 2013;Original Network:  jTBC;;Content Rating: 15+ - Teens 15 or older;
Title: AD Genius Lee Tae Baek;Episodes: 16;2013;Aired: Feb  4, 2013 - Mar 26, 2013;Original Network:  KBS2;;Content Rating: Not Yet Rated;Kocowa Subscription (sub)
Title: That Winter, the Wind Blows;Episodes: 16;2013;Aired: Feb 13, 2013 - Apr  4, 2013;Original Network:  SBS;;Content Rating: 15+ - Teens 15 or older;Apple TV Free (sub)           Netflix Subscription (sub)           Viki Free (sub)           Tubi Free (sub)           Wavve Subscription
Title: IRIS 2;Episodes: 20;2013;Aired: Feb 13, 2013 - Apr 18, 2013;Original Network:  KBS2;;Content Rating: 13+ - Teens 13 or older;WeTV Free (sub)
Title: Love in Memory;Episodes: 6;2013;Aired: Feb 14, 2013 - Mar 21, 2013;Original Network:  CGV;;Content Rating: Not Yet Rated;AsianCrush Free (sub)
Title: Your Lady;Episodes: 120;2013;Aired: Feb 18, 2013 - Aug  5, 2013;Original Network:  SBS;;Content Rating: Not Yet Rated;
Title: Pure Love;Episodes: 125;2013;Aired: Feb 18, 2013 - Aug 16, 2013;Original Network:  KBS2;;Content Rating: Not Yet Rated;
Title: A 100-Year Legacy;Episodes: 50;2013;Aired: Jan  5, 2013 - Jun 23, 2013;Original Network:  MBC;;Content Rating: 15+ - Teens 15 or older;Kocowa Subscription
Title: Flower Boy Next Door;Episodes: 16;2013;Aired: Jan  7, 2013 - Feb 26, 2013;Original Network:  tvN;;Content Rating: 15+ - Teens 15 or older;WeTV Free (sub)           iQIYI Free (sub)           AsianCrush Free (sub)           Tubi Free (sub)           Roku Free (sub)
Title: TV Novel: Samsaengi;Episodes: 120;2013;Aired: Jan  7, 2013 - Jun 21, 2013;Original Network:  KBS2;;Content Rating: Not Yet Rated;KBS World Free
Title: Queen of Ambition;Episodes: 24;2013;Aired: Jan 14, 2013 - Apr  2, 2013;Original Network:  SBS;;Content Rating: 15+ - Teens 15 or older;Viki Subscription (sub)           SBS World Free            Prime Video Subscription (sub)           Roku Subscription            Kocowa Subscription (sub)
Title: Blue Tower;Episodes: 25;2013;Aired: Jan 23, 2013 - Jul 10, 2013;Original Network:  tvN;;Content Rating: Not Yet Rated;
Title: 7th Grade Civil Servant;Episodes: 20;2013;Aired: Jan 23, 2013 - Mar 28, 2013;Original Network:  MBC;;Content Rating: 15+ - Teens 15 or older;
Title: Play Guide;Episodes: 5;2013;Aired: Jan 25, 2013 - Feb 22, 2013;Original Network:  tvN;;Content Rating: Not Yet Rated;
Title: Goddess of Fire;Episodes: 32;2013;Aired: Jul  1, 2013 - Oct 22, 2013;Original Network:  MBC;;Content Rating: 15+ - Teens 15 or older;Prime Video Subscription (sub)           Roku Subscription            Kocowa Subscription (sub)
Title: The Empire of Gold;Episodes: 24;2013;Aired: Jul  1, 2013 - Sep 17, 2013;Original Network:  SBS;;Content Rating: 13+ - Teens 13 or older;Viki Subscription (sub)           SBS World Free (sub)           Kocowa Subscription (sub)
Title: Sword and Flower;Episodes: 20;2013;Aired: Jul  3, 2013 - Sep  5, 2013;Original Network:  KBS2;;Content Rating: Not Yet Rated;
Title: Hail;Episodes: 2;2013;Aired: Jul  7, 2013 - Jul 14, 2013;Original Network:  MBN;;Content Rating: Not Yet Rated;
Title: Welcome to Royal Villa;Episodes: 10;2013;Aired: Jul 15, 2013 - Sep  9, 2013;Original Network:  jTBC;;Content Rating: Not Yet Rated;
Title: Fantasy Tower;Episodes: 8;2013;Aired: Jul 17, 2013 - Sep  4, 2013;Original Network:  tvN;;Content Rating: Not Yet Rated;
Title: Ugly Miss Young Ae Season 12;Episodes: 20;2013;Aired: Jul 18, 2013 - Nov 28, 2013;Original Network:  tvN;;Content Rating: Not Yet Rated;
Title: Thunder Store;Episodes: 12;2013;Aired: Jul 25, 2013 - Oct 17, 2013;Original Network:  Tooniverse;;Content Rating: G - All Ages;TVING Free            Tooniverse Free
Title: Who Are You;Episodes: 16;2013;Aired: Jul 29, 2013 - Sep 17, 2013;Original Network:  tvN;;Content Rating: Not Yet Rated;Apple TV Subscription
Title: Reckless Family Season 3;Episodes: 31;2013;Aired: Jul 30, 2013 - Feb 25, 2014;Original Network:  MBC;;Content Rating: Not Yet Rated;
Title: I Hear Your Voice;Episodes: 18;2013;Aired: Jun  5, 2013 - Aug  1, 2013;Original Network:  SBS;;Content Rating: 15+ - Teens 15 or older;Apple TV Free (sub)           Netflix Subscription (sub)           WeTV Free (sub)           Viki Subscription (sub)           SBS World Free (sub)           Prime Video Subscription (sub)           Kocowa Free (sub)
Title: Queen's Classroom;Episodes: 16;2013;Aired: Jun 12, 2013 - Aug  1, 2013;Original Network:  MBC;;Content Rating: 15+ - Teens 15 or older;Prime Video Subscription (sub)           Kocowa Subscription (sub)
Title: TV Novel: Eun Hui;Episodes: 140;2013;Aired: Jun 24, 2013 - Jan  3, 2014;Original Network:  KBS2;;Content Rating: 15+ - Teens 15 or older;KBS World Free
Title: Goddess of Marriage;Episodes: 36;2013;Aired: Jun 29, 2013 - Oct 27, 2013;Original Network:  SBS;;Content Rating: 13+ - Teens 13 or older;Viki Subscription (sub)           SBS World Free (sub)           Prime Video Subscription (sub)           Roku Subscription            Kocowa Subscription
Title: Scandal;Episodes: 36;2013;Aired: Jun 29, 2013 - Oct 27, 2013;Original Network:  MBC;;Content Rating: 15+ - Teens 15 or older;Viki Subscription (sub)           Kocowa Subscription
Title: The Virus;Episodes: 10;2013;Aired: Mar  1, 2013 - May  3, 2013;Original Network:  OCN;;Content Rating: Not Yet Rated;
Title: You Are the Best!;Episodes: 50;2013;Aired: Mar  9, 2013 - Aug 25, 2013;Original Network:  KBS2;;Content Rating: Not Yet Rated;Viki Subscription (sub)           KBS World Free (sub)           Prime Video Subscription (sub)           Kocowa Subscription
Title: Nine: Nine Times Time Travel;Episodes: 20;2013;Aired: Mar 11, 2013 - May 14, 2013;Original Network:  tvN;;Content Rating: 15+ - Teens 15 or older;Apple TV Subscription            Disney+ Hotstar Subscription (sub)           Tubi Free (sub)
Title: The End of the World;Episodes: 12;2013;Aired: Mar 16, 2013 - May  5, 2013;Original Network:  jTBC;;Content Rating: 15+ - Teens 15 or older;
Title: Hur Jun, the Original Story;Episodes: 135;2013;Aired: Mar 18, 2013 - Sep 27, 2013;Original Network:  MBC;;Content Rating: 15+ - Teens 15 or older;
Title: Cruel Palace - War of Flowers;Episodes: 50;2013;Aired: Mar 23, 2013 - Sep  8, 2013;Original Network:  jTBC;;Content Rating: 15+ - Teens 15 or older;Viki Free (sub)
Title: Nail Shop Paris;Episodes: 10;2013;Aired: May  3, 2013 - Jun 28, 2013;Original Network:  MBC QueeN;;Content Rating: 13+ - Teens 13 or older;AsianCrush Free (sub)           Tubi Free (sub)
Title: Good for You;Episodes: 108;2013;Aired: May  6, 2013 - Oct  4, 2013;Original Network:  MBC;;Content Rating: 15+ - Teens 15 or older;
Title: Monstar;Episodes: 12;2013;Aired: May 17, 2013 - Aug  2, 2013;Original Network:  Mnet;;Content Rating: 15+ - Teens 15 or older;K-DRAMA Free (sub)           Tubi Free (sub)
Title: Princess Aurora;Episodes: 150;2013;Aired: May 20, 2013 - Dec 20, 2013;Original Network:  MBC;;Content Rating: 15+ - Teens 15 or older;
Title: Ugly Alert;Episodes: 133;2013;Aired: May 20, 2013 - Nov 29, 2013;Original Network:  SBS;;Content Rating: 15+ - Teens 15 or older;Apple TV Subscription            SBS VOD Free            Wavve Subscription            SBS World Free
Title: Dating Agency: Cyrano;Episodes: 16;2013;Aired: May 27, 2013 - Jul 16, 2013;Original Network:  tvN;;Content Rating: 15+ - Teens 15 or older;
Title: Don't Look Back: The Legend of Orpheus;Episodes: 20;2013;Aired: May 27, 2013 - Jul 30, 2013;Original Network:  KBS2;;Content Rating: Not Yet Rated;Apple TV Subscription            Kocowa Free (sub)
Title: Cruel City;Episodes: 20;2013;Aired: May 27, 2013 - Jul 30, 2013;Original Network:  jTBC;;Content Rating: 15+ - Teens 15 or older;
Title: Golden Rainbow;Episodes: 41;2013;Aired: Nov  2, 2013 - Mar 30, 2014;Original Network:  MBC;;Content Rating: 15+ - Teens 15 or older;Prime Video Subscription (sub)           Roku Subscription            Kocowa Subscription (sub)
Title: Please Remember, Princess;Episodes: 12;2013;Aired: Nov  4, 2013 - Dec 11, 2013;Original Network:  CGV;;Content Rating: Not Yet Rated;Netflix Subscription (sub)
Title: Melody of Love;Episodes: 151;2013;Aired: Nov  4, 2013 - Jun  6, 2014;Original Network:  KBS1;;Content Rating: Not Yet Rated;KBS World Free
Title: The Woman Who Married Three Times;Episodes: 40;2013;Aired: Nov  9, 2013 - Mar 30, 2014;Original Network:  SBS;;Content Rating: Not Yet Rated;SBS World Free (sub)           Viki Subscription (sub)           Prime Video Subscription (sub)           Kocowa Subscription (sub)
Title: Someday;Episodes: 5;2013;Aired: Nov 11, 2013 - Nov 13, 2013;Original Network:;;Content Rating: Not Yet Rated;
Title: Infinite Power;Episodes: 6;2013;Aired: Nov 12, 2013 - Nov 26, 2013;Original Network:  CGV;;Content Rating: Not Yet Rated;AsianCrush Free (sub)
Title: The Cravings;Episodes: 6;2013;Aired: Nov 17, 2013;Original Network:  Naver TV Cast;;Content Rating: Not Yet Rated;Viki Subscription (sub)           Tubi Free (sub)           Kocowa Free (sub)
Title: Bel Ami;Episodes: 16;2013;Aired: Nov 20, 2013 - Jan  9, 2014;Original Network:  KBS2;;Content Rating: Not Yet Rated;Apple TV Subscription            Viki Free (sub)           KBS World Free (sub)           Prime Video Subscription (sub)           Roku Subscription            Kocowa Subscription (sub)
Title: Blue Tower Returns;Episodes: 14;2013;Aired: Nov 27, 2013 - Feb 26, 2014;Original Network:  tvN;;Content Rating: Not Yet Rated;
Title: Let's Eat;Episodes: 16;2013;Aired: Nov 28, 2013 - Mar 13, 2014;Original Network:  tvN;;Content Rating: 15+ - Teens 15 or older;Apple TV Subscription            Netflix Subscription (sub)           Tubi Free (sub)           Roku Free (sub)
Title: Unemployed Romance;Episodes: 10;2013;Aired: Oct  5, 2013 - Dec  7, 2013;Original Network:  E-Channel;;Content Rating: Not Yet Rated;
Title: Hold My Hand;Episodes: 130;2013;Aired: Oct  7, 2013 - Apr  4, 2014;Original Network:  MBC;;Content Rating: 15+ - Teens 15 or older;
Title: Medical Top Team;Episodes: 20;2013;Aired: Oct  9, 2013 - Dec 12, 2013;Original Network:  MBC;;Content Rating: 15+ - Teens 15 or older;Kocowa Subscription
Title: The Heirs;Episodes: 20;2013;Aired: Oct  9, 2013 - Dec 12, 2013;Original Network:  SBS;;Content Rating: 15+ - Teens 15 or older;Apple TV Free (sub)           Netflix Subscription (sub)           WeTV Free (sub)           Viki Free (sub)           iQIYI Free (sub)           Prime Video Purchase (sub)           Tubi Free (sub)           SBS World Free            Kocowa Free (sub)
Title: Marry Him If You Dare;Episodes: 16;2013;Aired: Oct 14, 2013 - Dec  3, 2013;Original Network:  KBS2;;Content Rating: 15+ - Teens 15 or older;KBS World Free (sub)           Kocowa Subscription
Title: Your Neighbor's Wife;Episodes: 22;2013;Aired: Oct 14, 2013 - Dec 24, 2013;Original Network:  jTBC;;Content Rating: 15+ - Teens 15 or older;Viki Subscription (sub)
Title: Reply 1994;Episodes: 21;2013;Aired: Oct 18, 2013 - Dec 28, 2013;Original Network:  tvN;;Content Rating: 13+ - Teens 13 or older;WeTV Free (sub)           iQIYI Free (sub)           Tubi Free (sub)           Prime Video Subscription (sub)
Title: Basketball;Episodes: 18;2013;Aired: Oct 21, 2013 - Dec 17, 2013;Original Network:  tvN;;Content Rating: Not Yet Rated;
Title: Empress Ki;Episodes: 51;2013;Aired: Oct 28, 2013 - Apr 29, 2014;Original Network:  MBC;;Content Rating: 15+ - Teens 15 or older;Apple TV Subscription (sub)           Netflix Subscription (sub)           Viki Subscription (sub)           Prime Video Subscription            Kocowa Subscription (sub)
Title: After School: Lucky or Not;Episodes: 12;2013;Aired: Sep  2, 2013 - Sep 27, 2013;Original Network:  Naver TV Cast;;Content Rating: 15+ - Teens 15 or older;
Title: Blue Tower ZERO;Episodes: 11;2013;Aired: Sep 11, 2013 - Nov 20, 2013;Original Network:  tvN;;Content Rating: Not Yet Rated;
Title: The Firstborn;Episodes: 54;2013;Aired: Sep 14, 2013 - Mar 16, 2014;Original Network:  jTBC;;Content Rating: 15+ - Teens 15 or older;
Title: Potato Star 2013QR3;Episodes: 120;2013;Aired: Sep 23, 2013 - May 15, 2014;Original Network:  tvN;;Content Rating: 15+ - Teens 15 or older;
Title: The Suspicious Housekeeper;Episodes: 20;2013;Aired: Sep 23, 2013 - Nov 26, 2013;Original Network:  SBS;;Content Rating: 15+ - Teens 15 or older;Viki Subscription (sub)           SBS World Free (sub)           Prime Video Subscription (sub)           Kocowa Subscription (sub)
Title: Madly in Love;Episodes: 47;2013;Aired: Sep 28, 2013 - Mar 23, 2014;Original Network:  SBS;;Content Rating: Not Yet Rated;Viki Free
Title: Give Love Away;Episodes: 50;2013;Aired: Sep 28, 2013 - Mar 30, 2014;Original Network:  MBC;;Content Rating: 15+ - Teens 15 or older;
Title: The King's Daughter, Soo Baek Hyang;Episodes: 108;2013;Aired: Sep 30, 2013 - Mar 14, 2014;Original Network:  MBC;;Content Rating: 15+ - Teens 15 or older;Apple TV Subscription
Title: The Secret;Episodes: 10;2013;Aired Aug, 2013;Original Network:;;Content Rating: Not Yet Rated;
Title: Hotel King;Episodes: 32;2014;Aired: Apr  5, 2014 - Jul 27, 2014;Original Network:  MBC;;Content Rating: 15+ - Teens 15 or older;Viki Subscription (sub)           Prime Video Subscription (sub)           Roku Subscription            Kocowa Subscription (sub)
Title: Angel Eyes;Episodes: 20;2014;Aired: Apr  5, 2014 - Jun 15, 2014;Original Network:  SBS;;Content Rating: 15+ - Teens 15 or older;Viki Subscription (sub)           SBS World Free            Prime Video Subscription (sub)           Roku Subscription            Netflix Subscription (sub)           Kocowa Subscription (sub)
Title: Jang Bori Is Here;Episodes: 52;2014;Aired: Apr  5, 2014 - Oct 12, 2014;Original Network:  MBC;;Content Rating: 15+ - Teens 15 or older;Viki Subscription (sub)           Prime Video Subscription (sub)           Kocowa Subscription (sub)
Title: Everything Kimchi;Episodes: 132;2014;Aired: Apr  7, 2014 - Oct 31, 2014;Original Network:  MBC;;Content Rating: 15+ - Teens 15 or older;
Title: Golden Cross;Episodes: 20;2014;Aired: Apr  9, 2014 - Jun 19, 2014;Original Network:  KBS2;;Content Rating: Not Yet Rated;KBS World Free (sub)           Prime Video Subscription (sub)           Kocowa Subscription
Title: Gap Dong;Episodes: 20;2014;Aired: Apr 11, 2014 - Jun 21, 2014;Original Network:  tvN;;Content Rating: 15+ - Teens 15 or older;Tubi Free (sub)           Roku Free (sub)
Title: Witch's Romance;Episodes: 16;2014;Aired: Apr 14, 2014 - Jun 10, 2014;Original Network:  tvN;;Content Rating: 15+ - Teens 15 or older;Apple TV Free            iQIYI Free (sub)           Prime Video Subscription (sub)           AsianCrush Free (sub)           Tubi Free (sub)
Title: Into the Flames;Episodes: 20;2014;Aired: Apr 25, 2014 - Jun 28, 2014;Original Network:  TV Chosun;;Content Rating: 15+ - Teens 15 or older;Apple TV Free (sub)           Tubi Free (sub)           Prime Video Free (sub)           Roku Free (sub)
Title: Glorious Day;Episodes: 44;2014;Aired: Apr 26, 2014 - Oct  5, 2014;Original Network:  SBS;;Content Rating: 15+ - Teens 15 or older;Viki Free (sub)           Wavve Subscription
Title: Big Man;Episodes: 16;2014;Aired: Apr 28, 2014 - Jun 17, 2014;Original Network:  KBS2;;Content Rating: Not Yet Rated;Apple TV Subscription            KBS World Free            Viki Subscription (sub)           Prime Video Subscription (sub)           Kocowa Subscription (sub)
Title: Repentance;Episodes: 16;2014;Aired: Apr 30, 2014 - Jun 26, 2014;Original Network:  MBC;;Content Rating: 15+ - Teens 15 or older;Viki Subscription (sub)           Kocowa Subscription
Title: Mama;Episodes: 24;2014;Aired: Aug  2, 2014 - Oct 19, 2014;Original Network:  MBC;;Content Rating: 15+ - Teens 15 or older;
Title: Diary of a Night Watchman;Episodes: 24;2014;Aired: Aug  4, 2014 - Oct 21, 2014;Original Network:  MBC;;Content Rating: 15+ - Teens 15 or older;Netflix Subscription            Viki Subscription (sub)           Prime Video Subscription (sub)           Roku Subscription            Kocowa Subscription
Title: The Magic Thousand - Character Classic;Episodes: 24;2014;Aired: Aug  6, 2014 - Nov 19, 2014;Original Network:  KBS2;;Content Rating: Not Yet Rated;
Title: Surplus Princess;Episodes: 10;2014;Aired: Aug  7, 2014 - Oct  9, 2014;Original Network:  tvN;;Content Rating: Not Yet Rated;
Title: What Happens to My Family?;Episodes: 53;2014;Aired: Aug 16, 2014 - Feb 15, 2015;Original Network:  KBS2;;Content Rating: 15+ - Teens 15 or older;Netflix Subscription (sub)           Viki Subscription (sub)           KBS World Free (sub)           Prime Video Subscription (sub)           Kocowa Subscription (sub)
Title: The Three Musketeers;Episodes: 12;2014;Aired: Aug 17, 2014 - Nov  2, 2014;Original Network:  tvN;;Content Rating: 15+ - Teens 15 or older;Tubi Free (sub)           Roku Free (sub)
Title: Discovery of Love;Episodes: 16;2014;Aired: Aug 18, 2014 - Oct  7, 2014;Original Network:  KBS2;;Content Rating: 15+ - Teens 15 or older;Apple TV Subscription            Netflix Subscription            Viki Subscription (sub)           KBS World Free (sub)           KBS Drama Classic Free            Prime Video Subscription (sub)           Roku Subscription            Kocowa Free
Title: My Secret Hotel;Episodes: 16;2014;Aired: Aug 18, 2014 - Oct 14, 2014;Original Network:  tvN;;Content Rating: 15+ - Teens 15 or older;Roku Free
Title: Reset;Episodes: 10;2014;Aired: Aug 24, 2014 - Oct 26, 2014;Original Network:  OCN;;Content Rating: 15+ - Teens 15 or older;
Title: Prominent Woman;Episodes: 5;2014;Aired: Aug 25, 2014;Original Network:  Naver TV Cast;;Content Rating: Not Yet Rated;
Title: TV Novel: Abiding Love Dandelion;Episodes: 134;2014;Aired: Aug 25, 2014 - Feb 27, 2015;Original Network:  KBS2;;Content Rating: Not Yet Rated;
Title: Plus Nine Boys;Episodes: 14;2014;Aired: Aug 29, 2014 - Oct 11, 2014;Original Network:  tvN;;Content Rating: Not Yet Rated;Apple TV Subscription (sub)           Tubi Free (sub)           Roku Free (sub)
Title: Valid Love;Episodes: 20;2014;Aired: Dec  1, 2014 - Feb  3, 2015;Original Network:  tvN;;Content Rating: 15+ - Teens 15 or older;
Title: Space Between: Sunshowers;Episodes: 4;2014;Aired: Dec  5, 2014;Original Network:;;Content Rating: G - All Ages;
Title: Healer;Episodes: 20;2014;Aired: Dec  8, 2014 - Feb 10, 2015;Original Network:  KBS2;;Content Rating: 15+ - Teens 15 or older;Apple TV Subscription (sub)           Netflix Subscription (sub)           Viki Subscription (sub)           iQIYI Free (sub)           Prime Video Subscription (sub)           Kocowa Subscription (sub)
Title: Maids;Episodes: 20;2014;Aired: Dec 12, 2014 - Mar 28, 2015;Original Network:  jTBC;;Content Rating: 15+ - Teens 15 or older;
Title: Punch;Episodes: 19;2014;Aired: Dec 15, 2014 - Feb 17, 2015;Original Network:  SBS;;Content Rating: 15+ - Teens 15 or older;SBS World Free (sub)           Prime Video Subscription (sub)           Kocowa Subscription (sub)
Title: Run, Jang Mi;Episodes: 123;2014;Aired: Dec 15, 2014 - Jun  5, 2015;Original Network:  SBS;;Content Rating: Not Yet Rated;
Title: Seonam Girls High School Investigators;Episodes: 14;2014;Aired: Dec 16, 2014 - Mar 18, 2015;Original Network:  jTBC;;Content Rating: 15+ - Teens 15 or older;Viki Free (sub)
Title: Forever Young;Episodes: 36;2014;Aired: Dec 17, 2014 - Apr 23, 2015;Original Network:;;Content Rating: Not Yet Rated;
Title: One Sunny Day;Episodes: 10;2014;Aired: Dec 19, 2014 - Jan 10, 2015;Original Network:;;Content Rating: Not Yet Rated;iQIYI Free (sub)
Title: One Fine Day in October;Episodes: 2;2014;Aired: Feb  1, 2014 - Feb  2, 2014;Original Network:  SBS;;Content Rating: Not Yet Rated;
Title: Pluto Squad;Episodes: 16;2014;Aired: Feb  7, 2014 - May 23, 2014;Original Network:  EBS;;Content Rating: Not Yet Rated;
Title: Cheo Yong;Episodes: 10;2014;Aired: Feb  9, 2014 - Apr  6, 2014;Original Network:  OCN;;Content Rating: Not Yet Rated;Tubi Free (sub)           Roku Free
Title: Beyond the Clouds;Episodes: 16;2014;Aired: Feb 17, 2014 - Apr  8, 2014;Original Network:  KBS2;;Content Rating: 15+ - Teens 15 or older;
Title: Another Parting;Episodes: 5;2014;Aired: Feb 17, 2014 - Feb 25, 2014;Original Network:  DRAMAcube;;Content Rating: Not Yet Rated;
Title: Mimi;Episodes: 4;2014;Aired: Feb 21, 2014 - Mar 14, 2014;Original Network:  Mnet;;Content Rating: 15+ - Teens 15 or older;Viki Free (sub)
Title: Bride of the Century;Episodes: 16;2014;Aired: Feb 22, 2014 - Apr 12, 2014;Original Network:  TV Chosun;;Content Rating: 15+ - Teens 15 or older;Viki Free (sub)           Prime Video Subscription (sub)
Title: Wonderful Days;Episodes: 50;2014;Aired: Feb 22, 2014 - Aug 10, 2014;Original Network:  KBS2;;Content Rating: Not Yet Rated;KBS World Free (sub)
Title: Her Lovely Heels;Episodes: 10;2014;Aired: Feb 24, 2014 - Mar 25, 2014;Original Network:  SBS Plus;;Content Rating: 15+ - Teens 15 or older;
Title: Love in Memory 2: Father's Note;Episodes: 8;2014;Aired: Feb 26, 2014 - Mar 22, 2014;Original Network:;;Content Rating: Not Yet Rated;
Title: Cunning Single Lady;Episodes: 16;2014;Aired: Feb 27, 2014 - Apr 24, 2014;Original Network:  MBC;;Content Rating: 15+ - Teens 15 or older;Netflix Subscription (sub)           Viki Subscription (sub)           Prime Video Subscription (sub)           Roku Subscription            Kocowa Free (sub)
Title: Jeong Do Jeon;Episodes: 50;2014;Aired: Jan  4, 2014 - Jun 29, 2014;Original Network:  KBS1;;Content Rating: Not Yet Rated;
Title: TV Novel: Gold Land;Episodes: 163;2014;Aired: Jan  6, 2014 - Aug 22, 2014;Original Network:  KBS2;;Content Rating: Not Yet Rated;
Title: Twenty Years Old;Episodes: 4;2014;Aired: Jan  6, 2014 - Jan  7, 2014;Original Network:  tvN;;Content Rating: Not Yet Rated;
Title: Aftermath;Episodes: 5;2014;Aired: Jan  6, 2014 - Jan 12, 2014;Original Network:;;Content Rating: 13+ - Teens 13 or older;
Title: Angel's Revenge;Episodes: 103;2014;Aired: Jan  6, 2014 - Jun  2, 2014;Original Network:  KBS2;;Content Rating: Not Yet Rated;KBS World Free
Title: Can We Love?;Episodes: 20;2014;Aired: Jan  6, 2014 - Mar 11, 2014;Original Network:  jTBC;;Content Rating: 15+ - Teens 15 or older;
Title: Aftermath Season 2;Episodes: 6;2014;Aired: Jan 13, 2014 - Jan 18, 2014;Original Network:  Naver TV Cast;;Content Rating: 13+ - Teens 13 or older;
Title: Noble Woman;Episodes: 114;2014;Aired: Jan 13, 2014 - Jul  4, 2014;Original Network:  jTBC;;Content Rating: 15+ - Teens 15 or older;
Title: I Need Romance Season 3;Episodes: 16;2014;Aired: Jan 13, 2014 - Mar  4, 2014;Original Network:  tvN;;Content Rating: Not Yet Rated;Tubi Free (sub)           Roku Free (sub)
Title: Inspiring Generation;Episodes: 24;2014;Aired: Jan 15, 2014 - Apr  3, 2014;Original Network:  KBS2;;Content Rating: 15+ - Teens 15 or older;Tubi Free (sub)           Roku Free            Prime Video Subscription (sub)
Title: You're Only Mine;Episodes: 121;2014;Aired: Jan 20, 2014 - Jul 18, 2014;Original Network:  SBS;;Content Rating: Not Yet Rated;
Title: Emergency Couple;Episodes: 21;2014;Aired: Jan 24, 2014 - Apr  5, 2014;Original Network:  tvN;;Content Rating: Not Yet Rated;Apple TV Free            Viki Free (sub)           iQIYI Free (sub)           K-DRAMA Free (sub)           Tubi Free (sub)
Title: There Is a Blue Bird;Episodes: 3;2014;Aired: Jan 31, 2014 - Feb  2, 2014;Original Network:  TV Chosun;;Content Rating: 15+ - Teens 15 or older;
Title: Vampire Flower;Episodes: 6;2014;Aired: Jul  2, 2014 - Jul  4, 2014;Original Network:  Naver TV Cast;;Content Rating: Not Yet Rated;
Title: You Are My Destiny;Episodes: 20;2014;Aired: Jul  2, 2014 - Sep  4, 2014;Original Network:  MBC;;Content Rating: 15+ - Teens 15 or older;Apple TV Subscription (sub)           Netflix Subscription (sub)           Viki Subscription (sub)           iQIYI Free (sub)           Prime Video Subscription (sub)           WeTV Free            Kocowa Subscription (sub)
Title: Marriage, Not Dating;Episodes: 16;2014;Aired: Jul  4, 2014 - Aug 23, 2014;Original Network:  tvN;;Content Rating: 15+ - Teens 15 or older;WeTV Free (sub)           iQIYI Free (sub)           K-DRAMA Free (sub)           Tubi Free (sub)           Prime Video Subscription (sub)           Roku Free (sub)
Title: Hi! School - Love On;Episodes: 20;2014;Aired: Jul 11, 2014 - Dec 19, 2014;Original Network:  KBS2;;Content Rating: 15+ - Teens 15 or older;Netflix Subscription            Viki Subscription (sub)           KBS World Free            Prime Video Subscription            Kocowa Subscription
Title: Temptation;Episodes: 20;2014;Aired: Jul 14, 2014 - Sep 16, 2014;Original Network:  SBS;;Content Rating: 15+ - Teens 15 or older;Viki Subscription (sub)           SBS World Free (sub)           Prime Video Subscription (sub)           Roku Subscription            Kocowa Subscription (sub)
Title: Cheongdamdong Scandal;Episodes: 119;2014;Aired: Jul 21, 2014 - Jan  2, 2015;Original Network:  SBS;;Content Rating: Not Yet Rated;
Title: Golden Tower;Episodes: 11;2014;Aired: Jul 23, 2014 - Oct  1, 2014;Original Network:  tvN;;Content Rating: Not Yet Rated;
Title: It's Okay, That's Love;Episodes: 16;2014;Aired: Jul 23, 2014 - Sep 11, 2014;Original Network:  SBS;;Content Rating: 15+ - Teens 15 or older;Disney+ Hotstar Subscription (sub)           Netflix Subscription (sub)           WeTV Free (sub)           Viki Subscription (sub)           iQIYI Free (sub)           Wavve Subscription            Prime Video Subscription            Roku Subscription            Kocowa Subscription (sub)
Title: Thunder Store Season 2;Episodes: 12;2014;Aired: Jul 31, 2014 - Oct 23, 2014;Original Network:  Tooniverse;;Content Rating: G - All Ages;TVING Free            Tooniverse Free
Title: Entertain Us;Episodes: 6;2014;Aired: Jul 31, 2014 - Sep  4, 2014;Original Network:  Mnet;;Content Rating: Not Yet Rated;
Title: Only Love;Episodes: 123;2014;Aired: Jun  2, 2014 - Dec 12, 2014;Original Network:  SBS;;Content Rating: 15+ - Teens 15 or older;
Title: Two Mothers;Episodes: 102;2014;Aired: Jun  3, 2014 - Nov  7, 2014;Original Network:  KBS2;;Content Rating: Not Yet Rated;KBS World Free            Viki Subscription (sub)           Prime Video Subscription (sub)           Kocowa Subscription (sub)
Title: Orange Light;Episodes: 3;2014;Aired: Jun  9, 2014;Original Network:;;Content Rating: Not Yet Rated;
Title: My Dear Cat;Episodes: 119;2014;Aired: Jun  9, 2014 - Nov 21, 2014;Original Network:  KBS1;;Content Rating: Not Yet Rated;KBS World Free
Title: Access 2014;Episodes: 4;2014;Aired: Jun 13, 2014 - Jul  4, 2014;Original Network:;;Content Rating: Not Yet Rated;
Title: Secret Love;Episodes: 10;2014;Aired: Jun 13, 2014 - Jul 11, 2014;Original Network:  DRAMAcube;;Content Rating: 15+ - Teens 15 or older;
Title: High School King of Savvy;Episodes: 17;2014;Aired: Jun 16, 2014 - Aug 11, 2014;Original Network:  tvN;;Content Rating: 13+ - Teens 13 or older;Apple TV Subscription            iQIYI Free (sub)           Tubi Free (sub)           Roku Free (sub)
Title: Endless Love;Episodes: 37;2014;Aired: Jun 21, 2014 - Oct 26, 2014;Original Network:  SBS;;Content Rating: Not Yet Rated;Viki Subscription (sub)           Prime Video Subscription (sub)           Kocowa Subscription (sub)
Title: Lovers of Music;Episodes: 16;2014;Aired: Jun 23, 2014 - Aug 12, 2014;Original Network:  KBS2;;Content Rating: 15+ - Teens 15 or older;Viki Subscription (sub)           KBS World Free
Title: Make a Wish;Episodes: 122;2014;Aired: Jun 23, 2014 - Jan  2, 2015;Original Network:  MBC;;Content Rating: 15+ - Teens 15 or older;
Title: Gunman in Joseon;Episodes: 22;2014;Aired: Jun 25, 2014 - Sep  4, 2014;Original Network:  KBS2;;Content Rating: 15+ - Teens 15 or older;Viki Subscription (sub)           KBS World Free (sub)           Prime Video Subscription (sub)           Roku Subscription            Kocowa Subscription (sub)
Title: God's Gift: 14 Days;Episodes: 16;2014;Aired: Mar  3, 2014 - Apr 22, 2014;Original Network:  SBS;;Content Rating: 15+ - Teens 15 or older;SBS World Subscription (sub)           Kocowa Subscription (sub)
Title: Three Days;Episodes: 16;2014;Aired: Mar  5, 2014 - May  1, 2014;Original Network:  SBS;;Content Rating: Not Yet Rated;Viki Subscription (sub)           SBS World Free            Kocowa Subscription (sub)
Title: Secret Love Affair;Episodes: 16;2014;Aired: Mar 17, 2014 - May 13, 2014;Original Network:  jTBC;;Content Rating: 15+ - Teens 15 or older;Apple TV Subscription            Viki Free (sub)           Tubi Free (sub)
Title: Mother's Garden;Episodes: 126;2014;Aired: Mar 17, 2014 - Sep 19, 2014;Original Network:  MBC;;Content Rating: 15+ - Teens 15 or older;
Title: Wild Chives and Soy Bean Soup: 12 Years Reunion;Episodes: 26;2014;Aired: Mar 22, 2014 - Jun 29, 2014;Original Network:  jTBC;;Content Rating: 15+ - Teens 15 or older;Netflix Subscription            Viki Free (sub)           Prime Video Subscription
Title: Ugly Miss Young Ae Season 13;Episodes: 16;2014;Aired: Mar 27, 2014 - Jul 10, 2014;Original Network:  tvN;;Content Rating: Not Yet Rated;
Title: Doctor Stranger;Episodes: 20;2014;Aired: May  5, 2014 - Jul  8, 2014;Original Network:  SBS;;Content Rating: 15+ - Teens 15 or older;Netflix Subscription (sub)           Viki Subscription (sub)           iQIYI Free (sub)           SBS World Subscription (sub)           Prime Video Subscription (sub)           Roku Subscription            Kocowa Free (sub)
Title: Triangle;Episodes: 26;2014;Aired: May  5, 2014 - Jul 29, 2014;Original Network:  MBC;;Content Rating: 15+ - Teens 15 or older;
Title: You're All Surrounded;Episodes: 20;2014;Aired: May  7, 2014 - Jul 17, 2014;Original Network:  SBS;;Content Rating: 15+ - Teens 15 or older;Apple TV Free            Netflix Subscription (sub)           Viki Subscription (sub)           SBS World Free (sub)           Prime Video Subscription (sub)           Roku Subscription            Kocowa Free (sub)
Title: Flower Grandpa Investigation Unit;Episodes: 12;2014;Aired: May  9, 2014 - Jul 25, 2014;Original Network:  tvN;;Content Rating: 15+ - Teens 15 or older;
Title: God's Quiz Season 4;Episodes: 12;2014;Aired: May 18, 2014 - Aug  3, 2014;Original Network:  OCN;;Content Rating: Not Yet Rated;Tubi Free (sub)           Prime Video Subscription (sub)           Roku Free (sub)
Title: Yoo Na's Street;Episodes: 50;2014;Aired: May 19, 2014 - Nov 11, 2014;Original Network:  jTBC;;Content Rating: 15+ - Teens 15 or older;Viki Subscription (sub)
Title: Employment War;Episodes: 9;2014;Aired: May 20, 2014 - Jun 18, 2014;Original Network:  Naver TV Cast;;Content Rating: Not Yet Rated;AsianCrush Free (sub)
Title: Birth of a Beauty;Episodes: 21;2014;Aired: Nov  1, 2014 - Jan 11, 2015;Original Network:  SBS;;Content Rating: 15+ - Teens 15 or older;Viki Subscription (sub)           SBS World Free (sub)           Prime Video Subscription (sub)           Netflix Subscription (sub)           Kocowa Subscription
Title: Teleport Love;Episodes: 4;2014;Aired: Nov  2, 2014;Original Network:;;Content Rating: Not Yet Rated;AsianCrush Free (sub)
Title: Love Cells;Episodes: 15;2014;Aired: Nov  2, 2014 - Nov 20, 2014;Original Network:  Naver TV Cast;;Content Rating: G - All Ages;Viki Free (sub)
Title: Ladies of Storm;Episodes: 140;2014;Aired: Nov  3, 2014 - May 15, 2015;Original Network:  MBC;;Content Rating: 15+ - Teens 15 or older;
Title: Mr. Back;Episodes: 16;2014;Aired: Nov  5, 2014 - Dec 25, 2014;Original Network:  MBC;;Content Rating: 15+ - Teens 15 or older;Kocowa Subscription (sub)
Title: Love and Secret;Episodes: 102;2014;Aired: Nov 10, 2014 - Apr  3, 2015;Original Network:  KBS2;;Content Rating: Not Yet Rated;KBS World Free (sub)
Title: S.O.S Please Help Me;Episodes: 12;2014;Aired: Nov 12, 2014 - Dec 18, 2014;Original Network:  KBS1;;Content Rating: Not Yet Rated;
Title: Love Frequency 37.2;Episodes: 6;2014;Aired: Nov 12, 2014 - Dec 24, 2014;Original Network:  MBC every1;;Content Rating: Not Yet Rated;Viki Subscription (sub)
Title: Pinocchio;Episodes: 20;2014;Aired: Nov 12, 2014 - Jan 15, 2015;Original Network:  SBS;;Content Rating: 15+ - Teens 15 or older;Apple TV Free            Netflix Subscription (sub)           WeTV Free (sub)           Viki Subscription (sub)           iQIYI Free (sub)           SBS World Free (sub)           Tubi Free (sub)           Prime Video Free (sub)           Kocowa Free (sub)
Title: Doll House;Episodes: 12;2014;Aired: Nov 16, 2014 - Nov 28, 2014;Original Network:  Naver TV Cast;;Content Rating: Not Yet Rated;K-DRAMA Free (sub)
Title: The King's Face;Episodes: 23;2014;Aired: Nov 19, 2014 - Feb  5, 2015;Original Network:  KBS2;;Content Rating: 15+ - Teens 15 or older;Viki Subscription (sub)           KBS World Free (sub)           Prime Video Subscription (sub)           Roku Subscription            Kocowa Subscription
Title: Bland you;Episodes: 5;2014;Aired: Nov 19, 2014 - Nov 21, 2014;Original Network:  EBS;;Content Rating: Not Yet Rated;
Title: Sweden Laundry;Episodes: 16;2014;Aired: Nov 21, 2014 - Mar  6, 2015;Original Network:  MBC every1;;Content Rating: Not Yet Rated;Viki Free (sub)
Title: Dr. Frost;Episodes: 10;2014;Aired: Nov 23, 2014 - Feb  1, 2015;Original Network:  OCN;;Content Rating: Not Yet Rated;Tubi Free (sub)
Title: You Are the Only One;Episodes: 120;2014;Aired: Nov 24, 2014 - May  8, 2015;Original Network:  KBS1;;Content Rating: Not Yet Rated;KBS World Free (sub)
Title: After School: Lucky or Not Season 2;Episodes: 12;2014;Aired: Nov 26, 2014 - Jan  1, 2015;Original Network:;;Content Rating: Not Yet Rated;
Title: Bad Guys;Episodes: 11;2014;Aired: Oct  4, 2014 - Dec 13, 2014;Original Network:  OCN;;Content Rating: 18+ Restricted (violence & profanity);Disney+ Hotstar Subscription (sub)           Tubi Free (sub)           Roku Free
Title: Apgujeong Midnight Sun;Episodes: 149;2014;Aired: Oct  6, 2014 - May 15, 2015;Original Network:  MBC;;Content Rating: 15+ - Teens 15 or older;
Title: Tears of Heaven;Episodes: 25;2014;Aired: Oct 11, 2014 - Jan  3, 2015;Original Network:  MBN;;Content Rating: Not Yet Rated;K-DRAMA Free (sub)
Title: Naeil's Cantabile;Episodes: 16;2014;Aired: Oct 13, 2014 - Dec  2, 2014;Original Network:  KBS2;;Content Rating: 15+ - Teens 15 or older;Tubi Free (sub)           Viki Subscription (sub)
Title: Misaeng: Incomplete Life;Episodes: 20;2014;Aired: Oct 17, 2014 - Dec 20, 2014;Original Network:  tvN;;Content Rating: 15+ - Teens 15 or older;Disney+ Hotstar Subscription (sub)           Netflix Subscription (sub)           WeTV Free (sub)           iQIYI Free (sub)           Tubi Free (sub)           Prime Video Subscription            Roku Free (sub)
Title: Rosy Lovers;Episodes: 52;2014;Aired: Oct 18, 2014 - Apr 12, 2015;Original Network:  MBC;;Content Rating: 15+ - Teens 15 or older;
Title: Modern Farmer;Episodes: 20;2014;Aired: Oct 18, 2014 - Dec 27, 2014;Original Network:  SBS;;Content Rating: Not Yet Rated;SBS World Free            Prime Video Subscription (sub)           Kocowa Subscription (sub)
Title: Liar Game;Episodes: 12;2014;Aired: Oct 20, 2014 - Nov 25, 2014;Original Network:  tvN;;Content Rating: Not Yet Rated;
Title: Legendary Witch;Episodes: 40;2014;Aired: Oct 25, 2014 - Mar  8, 2015;Original Network:  MBC;;Content Rating: 15+ - Teens 15 or older;
Title: Family Secrets;Episodes: 103;2014;Aired: Oct 27, 2014 - Apr 30, 2015;Original Network:  tvN;;Content Rating: Not Yet Rated;
Title: Pride and Prejudice;Episodes: 21;2014;Aired: Oct 27, 2014 - Jan 13, 2015;Original Network:  MBC;;Content Rating: 15+ - Teens 15 or older;Kocowa Subscription (sub)
Title: Dreaming CEO;Episodes: 6;2014;Aired: Oct 27, 2014 - Nov  3, 2014;Original Network:  Naver TV Cast;;Content Rating: Not Yet Rated;
Title: Be Arrogant;Episodes: 10;2014;Aired: Oct 27, 2014 - Nov 24, 2014;Original Network:  SBS Plus;;Content Rating: Not Yet Rated;Viki Free (sub)
Title: The Best Future;Episodes: 5;2014;Aired: Oct 28, 2014 - Nov 25, 2014;Original Network:  Naver TV Cast;;Content Rating: Not Yet Rated;
Title: Longing for Spring;Episodes: 4;2014;Aired: Oct 30, 2014 - Nov 12, 2014;Original Network:;;Content Rating: G - All Ages;Prime Video Purchase (sub)           AsianCrush Free (sub)
Title: Momo Salon;Episodes: 6;2014;Aired: Sep  2, 2014;Original Network:  Naver TV Cast;;Content Rating: Not Yet Rated;
Title: Flirty Boy and Girl;Episodes: 12;2014;Aired: Sep  6, 2014 - Oct  2, 2014;Original Network:;;Content Rating: Not Yet Rated;
Title: Blade Man;Episodes: 18;2014;Aired: Sep 10, 2014 - Nov 13, 2014;Original Network:  KBS2;;Content Rating: 15+ - Teens 15 or older;Viki Subscription (sub)           KBS World Free            Prime Video Subscription (sub)           Roku Subscription            Kocowa Subscription (sub)
Title: My Blooming Days;Episodes: 16;2014;Aired: Sep 10, 2014 - Oct 30, 2014;Original Network:  MBC;;Content Rating: 15+ - Teens 15 or older;Viki Subscription (sub)           Kocowa Subscription
Title: My Lovely Girl;Episodes: 16;2014;Aired: Sep 17, 2014 - Nov  6, 2014;Original Network:  SBS;;Content Rating: 15+ - Teens 15 or older;Apple TV Free            Viki Subscription (sub)           SBS World Free (sub)           Prime Video Subscription (sub)           Roku Subscription            Kocowa Subscription (sub)
Title: Secret Door;Episodes: 24;2014;Aired: Sep 22, 2014 - Dec  9, 2014;Original Network:  SBS;;Content Rating: 15+ - Teens 15 or older;Viki Subscription (sub)           SBS World Free (sub)           Prime Video Subscription (sub)           Kocowa Subscription (sub)
Title: Boarding House 24th St.;Episodes: 12;2014;Aired: Sep 23, 2014 - Dec  9, 2014;Original Network:  MBC every1;;Content Rating: 13+ - Teens 13 or older;Viki Subscription (sub)
Title: Best Wedding;Episodes: 16;2014;Aired: Sep 27, 2014 - Dec 27, 2014;Original Network:  TV Chosun;;Content Rating: Not Yet Rated;Netflix Subscription
Title: The Girl Who Sees Scents;Episodes: 16;2015;Aired: Apr  1, 2015 - May 21, 2015;Original Network:  SBS;;Content Rating: 15+ - Teens 15 or older;Netflix Subscription (sub)           Viki Subscription (sub)           SBS World Free (sub)           Prime Video Subscription (sub)           Kocowa Free (sub)
Title: The Lover;Episodes: 12;2015;Aired: Apr  2, 2015 - Jun 25, 2015;Original Network:  Mnet;;Content Rating: 18+ Restricted (violence & profanity);
Title: Falling for Innocence;Episodes: 16;2015;Aired: Apr  3, 2015 - May 23, 2015;Original Network:  jTBC;;Content Rating: 15+ - Teens 15 or older;Apple TV Free (sub)           Netflix Subscription (sub)           WeTV Free (sub)           Viki Free (sub)           Tubi Free (sub)           Prime Video Subscription (sub)           Roku Free (sub)           Kocowa Subscription (sub)
Title: Love on a Rooftop;Episodes: 101;2015;Aired: Apr  6, 2015 - Aug 21, 2015;Original Network:  KBS2;;Content Rating: 15+ - Teens 15 or older;KBS World Free
Title: Let's Eat Season 2;Episodes: 18;2015;Aired: Apr  6, 2015 - Jun  2, 2015;Original Network:  tvN;;Content Rating: 15+ - Teens 15 or older;Tubi Free (sub)           Roku Free
Title: A Man Like Oxygen;Episodes: 2;2015;Aired: Apr  7, 2015;Original Network:;;Content Rating: Not Yet Rated;
Title: EXO Next Door;Episodes: 16;2015;Aired: Apr  9, 2015 - May 28, 2015;Original Network:  Naver TV Cast;;Content Rating: 13+ - Teens 13 or older;LINE TV Free (sub)
Title: The Superman Age;Episodes: 16;2015;Aired: Apr 10, 2015 - May 29, 2015;Original Network:  tvN;;Content Rating: 15+ - Teens 15 or older;
Title: My Unfortunate Boyfriend;Episodes: 16;2015;Aired: Apr 10, 2015 - May 30, 2015;Original Network:  MBC Dramanet;;Content Rating: 13+ - Teens 13 or older;Apple TV Subscription            Prime Video Ppv (sub)           AsianCrush Free (sub)           Tubi Free (sub)
Title: Hwa Jung, the Princess of Light;Episodes: 50;2015;Aired: Apr 13, 2015 - Sep 29, 2015;Original Network:  MBC;;Content Rating: 15+ - Teens 15 or older;Viki Subscription (sub)           Prime Video Subscription (sub)           Kocowa Subscription
Title: Make a Woman Cry;Episodes: 40;2015;Aired: Apr 18, 2015 - Aug 30, 2015;Original Network:  MBC;;Content Rating: 15+ - Teens 15 or older;
Title: Divorce Lawyer in Love;Episodes: 18;2015;Aired: Apr 18, 2015 - Jun 14, 2015;Original Network:  SBS;;Content Rating: Not Yet Rated;Viki Subscription (sub)           SBS World Free (sub)           Prime Video Subscription (sub)           Kocowa Subscription (sub)
Title: Jumping Girl;Episodes: 15;2015;Aired: Apr 27, 2015 - Apr 28, 2015;Original Network:  Daum Kakao TV;;Content Rating: 15+ - Teens 15 or older;Prime Video Purchase (sub)
Title: Who Are You: School 2015;Episodes: 16;2015;Aired: Apr 27, 2015 - Jun 16, 2015;Original Network:  KBS2;;Content Rating: 15+ - Teens 15 or older;Apple TV Free (sub)           Netflix Subscription (sub)           Viki Subscription (sub)           iQIYI Free (sub)           KBS World Free (sub)           Kocowa Subscription (sub)
Title: Mrs. Cop;Episodes: 18;2015;Aired: Aug  3, 2015 - Sep 29, 2015;Original Network:  SBS;;Content Rating: Not Yet Rated;Apple TV Free            Viki Subscription (sub)           SBS World Free (sub)           SBS VOD Free            Prime Video Subscription (sub)           Roku Subscription            Kocowa Subscription (sub)
Title: Yong Pal;Episodes: 18;2015;Aired: Aug  5, 2015 - Oct  1, 2015;Original Network:  SBS;;Content Rating: 15+ - Teens 15 or older;Netflix Subscription (sub)           Viki Subscription (sub)           SBS World Free            SBS VOD Free            Prime Video Subscription (sub)           Kocowa Subscription
Title: Ugly Miss Young Ae Season 14;Episodes: 22;2015;Aired: Aug 10, 2015 - Oct 20, 2015;Original Network:  tvN;;Content Rating: 15+ - Teens 15 or older;
Title: All about My Mom;Episodes: 54;2015;Aired: Aug 15, 2015 - Feb 14, 2016;Original Network:  KBS2;;Content Rating: Not Yet Rated;Viki Subscription (sub)           Prime Video Subscription (sub)           KBS World Free (sub)           Wavve Subscription            Roku Subscription            Kocowa Free (sub)
Title: The Virtual Bride;Episodes: 12;2015;Aired: Aug 17, 2015 - Sep 22, 2015;Original Network:  KBS2;;Content Rating: Not Yet Rated;Viki Subscription (sub)           Prime Video Subscription (sub)           Roku Subscription            Kocowa Subscription
Title: To Be Continued;Episodes: 12;2015;Aired: Aug 18, 2015 - Sep  3, 2015;Original Network:  MBC every1,  Naver TV Cast;;Content Rating: G - All Ages;
Title: I Have a Lover;Episodes: 50;2015;Aired: Aug 22, 2015 - Feb 28, 2016;Original Network:  SBS;;Content Rating: Not Yet Rated;Viki Subscription (sub)           SBS World Free (sub)           iWant TFC Subscription            Prime Video Subscription (sub)           Roku Subscription            Kocowa Subscription
Title: Cheo Yong Season 2;Episodes: 10;2015;Aired: Aug 23, 2015 - Oct 18, 2015;Original Network:  OCN;;Content Rating: Not Yet Rated;
Title: Noble, My Love;Episodes: 20;2015;Aired: Aug 23, 2015 - Sep 16, 2015;Original Network:  Naver TV Cast;;Content Rating: 13+ - Teens 13 or older;Apple TV Free            Viki Free (sub)           Wavve Subscription
Title: A Model Student;Episodes: 3;2015;Aired: Aug 27, 2015 - Sep 10, 2015;Original Network:;;Content Rating: 15+ - Teens 15 or older;
Title: Second 20's;Episodes: 16;2015;Aired: Aug 28, 2015 - Oct 17, 2015;Original Network:  tvN;;Content Rating: 15+ - Teens 15 or older;Apple TV Subscription            Netflix Subscription (sub)           Tubi Free (sub)           Roku Free (sub)
Title: TV Novel: The Stars are Shining;Episodes: 128;2015;Aired: Aug 31, 2015 - Feb 26, 2016;Original Network:  KBS2;;Content Rating: Not Yet Rated;
Title: All is Well;Episodes: 102;2015;Aired: Aug 31, 2015 - Jan 29, 2016;Original Network:  KBS2;;Content Rating: Not Yet Rated;KBS World Free (sub)
Title: The Dearest Lady;Episodes: 116;2015;Aired: Dec  7, 2015 - May 20, 2016;Original Network:  MBC;;Content Rating: 15+ - Teens 15 or older;
Title: Remember: War of the Son;Episodes: 20;2015;Aired: Dec  9, 2015 - Feb 18, 2016;Original Network:  SBS;;Content Rating: 15+ - Teens 15 or older;Netflix Subscription (sub)           Viki Subscription (sub)           SBS World Free (sub)           Prime Video Subscription (sub)           Kocowa Subscription (sub)
Title: The 1km Distance Between Us;Episodes: 12;2015;Aired: Dec 10, 2015 - Feb 25, 2016;Original Network:  Naver TV Cast;;Content Rating: Not Yet Rated;
Title: Cheers to Me;Episodes: 10;2015;Aired: Dec 10, 2015 - Jan  7, 2016;Original Network:  O'live;;Content Rating: Not Yet Rated;AsianCrush Free (sub)           Viki Free (sub)
Title: The Choice;Episodes: 5;2015;Aired: Dec 14, 2015 - Dec 19, 2015;Original Network:;;Content Rating: Not Yet Rated;
Title: Witch's Castle;Episodes: 122;2015;Aired: Dec 14, 2015 - Jun 10, 2016;Original Network:  SBS;;Content Rating: Not Yet Rated;
Title: Lily Fever;Episodes: 9;2015;Aired: Dec 15, 2015 - Dec 24, 2015;Original Network:  Naver TV Cast;;Content Rating: Not Yet Rated;Dingo K-Drama Free (sub)
Title: Welcome to My Lab;Episodes: 8;2015;Aired: Dec 22, 2015 - Feb  9, 2016;Original Network:  Tooniverse;;Content Rating: 13+ - Teens 13 or older;Tooniverse Free
Title: Say Something;Episodes: 5;2015;Aired: Dec 23, 2015 - 2015;Original Network:;;Content Rating: Not Yet Rated;
Title: I've Got My Eye on You;Episodes: 2;2015;Aired: Dec 26, 2015;Original Network:  SBS;;Content Rating: 15+ - Teens 15 or older;SBS VOD Free
Title: Ho Goo's Love;Episodes: 16;2015;Aired: Feb  9, 2015 - Mar 31, 2015;Original Network:  tvN;;Content Rating: 15+ - Teens 15 or older;Prime Video Subscription (sub)           AsianCrush Free (sub)           Tubi Free (sub)
Title: Employment War Season 2;Episodes: 8;2015;Aired: Feb 10, 2015 - Feb 17, 2015;Original Network:  Naver TV Cast;;Content Rating: Not Yet Rated;AsianCrush Free (sub)
Title: The Jingbirok: A Memoir of Imjin War;Episodes: 50;2015;Aired: Feb 14, 2015 - Aug  2, 2015;Original Network:  KBS1;;Content Rating: 15+ - Teens 15 or older;
Title: Blood;Episodes: 20;2015;Aired: Feb 16, 2015 - Apr 21, 2015;Original Network:  KBS2;;Content Rating: 15+ - Teens 15 or older;Netflix Subscription (sub)           Viki Subscription (sub)           KBS World Free (sub)           Prime Video Subscription (sub)           Roku Subscription            Kocowa Subscription (sub)
Title: Sweet 20;Episodes: 10;2015;Aired: Feb 18, 2015 - Apr 10, 2015;Original Network:  Naver TV Cast;;Content Rating: Not Yet Rated;
Title: House of Bluebird;Episodes: 50;2015;Aired: Feb 21, 2015 - Aug  9, 2015;Original Network:  KBS2;;Content Rating: Not Yet Rated;KBS World Free            Viki Subscription (sub)           Prime Video Subscription (sub)           Roku Subscription            Kocowa Subscription (sub)
Title: Life Tracker Lee Jae Goo;Episodes: 2;2015;Aired: Feb 21, 2015 - Feb 22, 2015;Original Network:  SBS;;Content Rating: Not Yet Rated;
Title: Heard It through the Grapevine;Episodes: 30;2015;Aired: Feb 23, 2015 - Jun  2, 2015;Original Network:  SBS;;Content Rating: 15+ - Teens 15 or older;Viki Subscription (sub)           SBS World Free (sub)           Prime Video Subscription (sub)           Kocowa Free (sub)
Title: Unkind Women;Episodes: 24;2015;Aired: Feb 25, 2015 - May 14, 2015;Original Network:  KBS2;;Content Rating: Not Yet Rated;KBS World Free (sub)
Title: The Family Is Coming;Episodes: 20;2015;Aired: Jan  3, 2015 - Mar 15, 2015;Original Network:  SBS;;Content Rating: 15+ - Teens 15 or older;SBS World Free (sub)           Viki Subscription            Prime Video Subscription (sub)           Roku Subscription            Kocowa Subscription (sub)
Title: Iron Lady Cha;Episodes: 111;2015;Aired: Jan  5, 2015 - Jun 12, 2015;Original Network:  MBC;;Content Rating: 15+ - Teens 15 or older;
Title: Enchanting Neighbor;Episodes: 120;2015;Aired: Jan  5, 2015 - Jun 22, 2015;Original Network:  SBS;;Content Rating: 15+ - Teens 15 or older;
Title: Kill Me, Heal Me;Episodes: 20;2015;Aired: Jan  7, 2015 - Mar 12, 2015;Original Network:  MBC;;Content Rating: 15+ - Teens 15 or older;Apple TV Free            Netflix Subscription (sub)           WeTV Free (sub)           Viki Subscription (sub)           China Huace TV Free (sub)           Prime Video Subscription (sub)           Kocowa Free (sub)
Title: Spy;Episodes: 16;2015;Aired: Jan  9, 2015 - Mar  6, 2015;Original Network:  KBS2;;Content Rating: Not Yet Rated;Viki Subscription (sub)           Prime Video Subscription (sub)           Kocowa Subscription (sub)
Title: Heart to Heart;Episodes: 16;2015;Aired: Jan  9, 2015 - Mar  7, 2015;Original Network:  tvN;;Content Rating: 15+ - Teens 15 or older;
Title: Persevere, Goo Hae Ra;Episodes: 12;2015;Aired: Jan  9, 2015 - Mar 27, 2015;Original Network:  Mnet;;Content Rating: Not Yet Rated;Viki Subscription
Title: My Heart Twinkle Twinkle;Episodes: 26;2015;Aired: Jan 17, 2015 - Apr 12, 2015;Original Network:  SBS;;Content Rating: Not Yet Rated;Viki Subscription (sub)           SBS World Free (sub)           Prime Video Subscription (sub)           Roku Subscription            Kocowa Subscription (sub)
Title: Shine or Be Mad;Episodes: 24;2015;Aired: Jan 19, 2015 - Apr  7, 2015;Original Network:  MBC;;Content Rating: 15+ - Teens 15 or older;Viki Subscription (sub)           Prime Video Subscription (sub)           Kocowa Subscription
Title: Hyde, Jekyll, Me;Episodes: 20;2015;Aired: Jan 21, 2015 - Mar 26, 2015;Original Network:  SBS;;Content Rating: 15+ - Teens 15 or older;Netflix Subscription (sub)           Viki Subscription (sub)           SBS World Free (sub)           iWant TFC Free            Prime Video Subscription (sub)           Kocowa Free (sub)
Title: Dream Knight;Episodes: 12;2015;Aired: Jan 27, 2015 - Mar  5, 2015;Original Network:  Naver TV Cast;;Content Rating: Not Yet Rated;
Title: Miss Mamma Mia;Episodes: 12;2015;Aired: Jan 28, 2015 - Mar 12, 2015;Original Network:  KBS1;;Content Rating: Not Yet Rated;
Title: City of the Sun;Episodes: 16;2015;Aired: Jan 30, 2015 - Apr  7, 2015;Original Network:  MBC Dramanet;;Content Rating: 15+ - Teens 15 or older;
Title: Begin Now;Episodes: 6;2015;Aired: Jan 30, 2015 - Mar  6, 2015;Original Network:  Naver TV Cast;;Content Rating: Not Yet Rated;
Title: Oh My Ghost;Episodes: 16;2015;Aired: Jul  3, 2015 - Aug 22, 2015;Original Network:  tvN;;Content Rating: 13+ - Teens 13 or older;Disney+ Hotstar Subscription (sub)           Netflix Subscription (sub)           WeTV Free (sub)           Viki Free (sub)           iQIYI Free (sub)           Prime Video Subscription (sub)           AsianCrush Free (sub)           Tubi Free (sub)           Roku Free (sub)
Title: Late Night Restaurant;Episodes: 20;2015;Aired: Jul  4, 2015 - Sep  5, 2015;Original Network:  SBS;;Content Rating: Not Yet Rated;Prime Video Subscription
Title: I Order You;Episodes: 16;2015;Aired: Jul  6, 2015 - Jul 30, 2015;Original Network:  SBS Plus;;Content Rating: Not Yet Rated;Viki Free (sub)
Title: The Scholar Who Walks the Night;Episodes: 20;2015;Aired: Jul  8, 2015 - Sep 10, 2015;Original Network:  MBC;;Content Rating: 15+ - Teens 15 or older;Apple TV Subscription            Netflix Subscription            Viki Subscription (sub)           Prime Video Subscription (sub)           Roku Subscription            Kocowa Subscription
Title: Loss:Time:Life;Episodes: 9;2015;Aired: Jul  9, 2015 - Jul 16, 2015;Original Network:  Naver TV Cast;;Content Rating: Not Yet Rated;
Title: Assembly;Episodes: 20;2015;Aired: Jul 15, 2015 - Sep 17, 2015;Original Network:  KBS2;;Content Rating: Not Yet Rated;Viki Subscription (sub)           Prime Video Subscription (sub)           Kocowa Subscription (sub)
Title: 72 Seconds Season 2;Episodes: 8;2015;Aired: Jul 20, 2015 - Aug  5, 2015;Original Network:;;Content Rating: 15+ - Teens 15 or older;72sec TV Free (sub)
Title: Last;Episodes: 16;2015;Aired: Jul 24, 2015 - Sep 12, 2015;Original Network:  jTBC;;Content Rating: 15+ - Teens 15 or older;Viki Free (sub)
Title: Webtoon Hero - Tundra Show;Episodes: 12;2015;Aired: Jul 27, 2015 - Oct 19, 2015;Original Network:  MBC every1;;Content Rating: Not Yet Rated;
Title: The Return of Hwang Geum Bok!;Episodes: 125;2015;Aired: Jun  8, 2015 - Dec 11, 2015;Original Network:  SBS;;Content Rating: Not Yet Rated;
Title: High Society;Episodes: 16;2015;Aired: Jun  8, 2015 - Jul 28, 2015;Original Network:  SBS;;Content Rating: Not Yet Rated;Viki Subscription (sub)           SBS World Free (sub)           SBS VOD Free            Prime Video Subscription (sub)           Roku Subscription            Netflix Subscription (sub)           Kocowa Subscription
Title: Prince's Prince;Episodes: 10;2015;Aired: Jun  8, 2015 - Jun 19, 2015;Original Network:  Naver TV Cast;;Content Rating: Not Yet Rated;
Title: Great First Wives;Episodes: 121;2015;Aired: Jun 15, 2015 - Dec  4, 2015;Original Network:  MBC;;Content Rating: 15+ - Teens 15 or older;
Title: Hidden Identity;Episodes: 16;2015;Aired: Jun 16, 2015 - Aug  4, 2015;Original Network:  tvN;;Content Rating: Not Yet Rated;Tubi Free (sub)           Roku Free            Prime Video Subscription (sub)
Title: Girls' Love Story;Episodes: 50;2015;Aired: Jun 16, 2015 - Aug 15, 2015;Original Network:  Daum Kakao TV;;Content Rating: Not Yet Rated;
Title: Romance Blue;Episodes: 6;2015;Aired: Jun 17, 2015 - Jun 26, 2015;Original Network:;;Content Rating: Not Yet Rated;
Title: My Beautiful Bride;Episodes: 16;2015;Aired: Jun 20, 2015 - Aug  9, 2015;Original Network:  OCN;;Content Rating: 15+ - Teens 15 or older;Prime Video Subscription (sub)           Tubi Free (sub)           Roku Free (sub)
Title: Hello Monster;Episodes: 16;2015;Aired: Jun 22, 2015 - Aug 11, 2015;Original Network:  KBS2;;Content Rating: 15+ - Teens 15 or older;Apple TV Subscription (sub)           Viki Free (sub)           iQIYI Free (sub)
Title: My Mother Is a Daughter-In-Law;Episodes: 136;2015;Aired: Jun 22, 2015 - Dec 31, 2015;Original Network:  SBS;;Content Rating: 15+ - Teens 15 or older;
Title: The Time We Were Not in Love;Episodes: 16;2015;Aired: Jun 27, 2015 - Aug 16, 2015;Original Network:  SBS;;Content Rating: 15+ - Teens 15 or older;Viki Subscription (sub)           Prime Video Subscription (sub)           Roku Subscription            Kocowa Subscription (sub)
Title: We Broke Up;Episodes: 10;2015;Aired: Jun 29, 2015 - Jul 17, 2015;Original Network:  Naver TV Cast;;Content Rating: Not Yet Rated;
Title: Yoo Mi's Room;Episodes: 12;2015;Aired: Jun 30, 2015 - Sep 15, 2015;Original Network:  O'live;;Content Rating: Not Yet Rated;
Title: TV Novel: In Still Green Days;Episodes: 129;2015;Aired: Mar  2, 2015 - Aug 28, 2015;Original Network:  KBS2;;Content Rating: Not Yet Rated;
Title: Super Daddy Yeol;Episodes: 16;2015;Aired: Mar 13, 2015 - May  2, 2015;Original Network:  tvN;;Content Rating: Not Yet Rated;Tubi Free (sub)           Roku Free (sub)
Title: Flower of the Queen;Episodes: 50;2015;Aired: Mar 14, 2015 - Aug 30, 2015;Original Network:  MBC;;Content Rating: 15+ - Teens 15 or older;
Title: Angry Mom;Episodes: 16;2015;Aired: Mar 18, 2015 - May  7, 2015;Original Network:  MBC;;Content Rating: 15+ - Teens 15 or older;Apple TV Subscription            Netflix Subscription (sub)           Viki Subscription (sub)           Prime Video Subscription (sub)           Roku Subscription            Kocowa Subscription (sub)
Title: Missing Noir M;Episodes: 10;2015;Aired: Mar 28, 2015 - May 30, 2015;Original Network:  OCN;;Content Rating: 15+ - Teens 15 or older;
Title: Dr. Ian;Episodes: 9;2015;Aired: Mar 29, 2015 - Apr  8, 2015;Original Network:  Naver TV Cast;;Content Rating: Not Yet Rated;
Title: Girl of 0AM;Episodes: 8;2015;Aired: May  4, 2015 - May 14, 2015;Original Network:;;Content Rating: Not Yet Rated;
Title: A Bird That Doesn't Sing;Episodes: 100;2015;Aired: May  4, 2015 - Oct 22, 2015;Original Network:  tvN;;Content Rating: Not Yet Rated;
Title: Hello, Spring;Episodes: 4;2015;Aired: May  7, 2015 - May 21, 2015;Original Network:;;Content Rating: Not Yet Rated;
Title: Ex-Girlfriend Club;Episodes: 12;2015;Aired: May  8, 2015 - Jun 13, 2015;Original Network:  tvN;;Content Rating: Not Yet Rated;Tubi Free (sub)           Roku Free (sub)
Title: Save the Family;Episodes: 123;2015;Aired: May 11, 2015 - Oct 30, 2015;Original Network:  KBS1;;Content Rating: Not Yet Rated;KBS World Free (sub)
Title: Warm and Cozy;Episodes: 16;2015;Aired: May 13, 2015 - Jul  2, 2015;Original Network:  MBC;;Content Rating: 15+ - Teens 15 or older;Netflix Subscription (sub)           Viki Subscription (sub)           Prime Video Subscription (sub)           Roku Subscription            Kocowa Subscription
Title: 72 Seconds;Episodes: 8;2015;Aired: May 13, 2015 - Jun  4, 2015;Original Network:;;Content Rating: 15+ - Teens 15 or older;AsianCrush Free (sub)           72sec TV Free (sub)
Title: Orange Marmalade;Episodes: 12;2015;Aired: May 15, 2015 - Jul 24, 2015;Original Network:  KBS2;;Content Rating: Not Yet Rated;Netflix Subscription            Viki Subscription (sub)           Kocowa Free (sub)
Title: The Producers;Episodes: 12;2015;Aired: May 15, 2015 - Jun 20, 2015;Original Network:  KBS2;;Content Rating: 15+ - Teens 15 or older;Netflix Subscription (sub)           WeTV Free (sub)           Viki Subscription (sub)           Prime Video Subscription            Kocowa Subscription (sub)
Title: A Daughter Just Like You;Episodes: 120;2015;Aired: May 18, 2015 - Nov  6, 2015;Original Network:  MBC;;Content Rating: 15+ - Teens 15 or older;Wavve Subscription
Title: Love of Eve;Episodes: 120;2015;Aired: May 18, 2015 - Oct 30, 2015;Original Network:  MBC;;Content Rating: 15+ - Teens 15 or older;
Title: The Man in the Mask;Episodes: 16;2015;Aired: May 20, 2015 - Jul  9, 2015;Original Network:  KBS2;;Content Rating: Not Yet Rated;Viki Subscription (sub)           KBS World Free (sub)           Prime Video Subscription (sub)           Roku Subscription            Kocowa Subscription
Title: Mask;Episodes: 20;2015;Aired: May 27, 2015 - Jul 30, 2015;Original Network:  SBS;;Content Rating: 15+ - Teens 15 or older;Viki Subscription (sub)           SBS World Free (sub)           Prime Video Subscription (sub)           Kocowa Free (sub)
Title: My Love Eun Dong;Episodes: 16;2015;Aired: May 29, 2015 - Jul 18, 2015;Original Network:  jTBC;;Content Rating: 15+ - Teens 15 or older;Viki Free (sub)
Title: Suspicious Dog Cafe;Episodes: 3;2015;Aired: May 30, 2015;Original Network:;;Content Rating: 15+ - Teens 15 or older;
Title: Oh! Grandmas;Episodes: 8;2015;Aired: May 31, 2015 - Jul 22, 2015;Original Network:  KBS1;;Content Rating: Not Yet Rated;
Title: Victory For Tomorrow;Episodes: 130;2015;Aired: Nov  2, 2015 - Apr 29, 2016;Original Network:  MBC;;Content Rating: 15+ - Teens 15 or older;
Title: Sweet Home, Sweet Honey;Episodes: 129;2015;Aired: Nov  2, 2015 - Apr 29, 2016;Original Network:  KBS1;;Content Rating: Not Yet Rated;KBS World Free
Title: Heroes;Episodes: 16;2015;Aired: Nov  2, 2015 - Feb 22, 2016;Original Network:  QTV;;Content Rating: Not Yet Rated;Viki Free (sub)
Title: The Flatterer;Episodes: 12;2015;Aired: Nov  2, 2015 - Nov 17, 2015;Original Network:  Naver TV Cast;;Content Rating: Not Yet Rated;
Title: The Secret Message;Episodes: 18;2015;Aired: Nov  2, 2015 - Nov 20, 2015;Original Network:;;Content Rating: Not Yet Rated;
Title: Missing Korea;Episodes: 6;2015;Aired: Nov  3, 2015 - Nov 12, 2015;Original Network:  Naver TV Cast;;Content Rating: Not Yet Rated;
Title: Delicious Love;Episodes: 3;2015;Aired: Nov  5, 2015 - Nov 10, 2015;Original Network:  Naver TV Cast;;Content Rating: Not Yet Rated;
Title: Reply 1988;Episodes: 20;2015;Aired: Nov  6, 2015 - Jan 16, 2016;Original Network:  tvN;;Content Rating: 15+ - Teens 15 or older;Apple TV Free (sub)           Netflix Subscription (sub)           WeTV Free (sub)           Viki Free (sub)           iQIYI Free (sub)           Tubi Free (sub)           Prime Video Subscription
Title: Riders: Catch Tomorrow;Episodes: 12;2015;Aired: Nov  8, 2015 - Jan 24, 2016;Original Network:  E-Channel;;Content Rating: 15+ - Teens 15 or older;Viki Free
Title: Beautiful You;Episodes: 122;2015;Aired: Nov  9, 2015 - May  6, 2016;Original Network:  MBC;;Content Rating: 15+ - Teens 15 or older;
Title: Love Detective Sherlock K;Episodes: 10;2015;Aired: Nov 11, 2015 - Nov 20, 2015;Original Network:  Naver TV Cast;;Content Rating: Not Yet Rated;
Title: Eating Existence;Episodes: 10;2015;Aired: Nov 12, 2015 - Jan 14, 2016;Original Network:  Naver TV Cast;;Content Rating: Not Yet Rated;Viki Free (sub)           AsianCrush Free (sub)
Title: High-end Crush;Episodes: 20;2015;Aired: Nov 14, 2015 - Jan 17, 2016;Original Network:  MBN,  Naver TV Cast,  Sohu TV;;Content Rating: 15+ - Teens 15 or older;Apple TV Subscription (sub)           Viki Free (sub)           Kocowa Subscription (sub)
Title: Oh My Venus;Episodes: 16;2015;Aired: Nov 16, 2015 - Jan  5, 2016;Original Network:  KBS2;;Content Rating: 13+ - Teens 13 or older;Apple TV Free (sub)           Netflix Subscription (sub)           WeTV Free (sub)           Viki Subscription (sub)           iflix Free            Prime Video Subscription (sub)           Roku Subscription            Kocowa Free (sub)
Title: Idol, Protect The World;Episodes: 3;2015;Aired: Nov 16, 2015 - Nov 18, 2015;Original Network:  Naver TV Cast;;Content Rating: Not Yet Rated;
Title: My Sweet Family;Episodes: 16;2015;Aired: Nov 18, 2015 - Jan 14, 2016;Original Network:  MBC;;Content Rating: 15+ - Teens 15 or older;Viki Subscription (sub)           Kocowa Subscription
Title: Mr. Glamour;Episodes: 9;2015;Aired: Nov 19, 2015 - 2015;Original Network:;;Content Rating: Not Yet Rated;
Title: ATM;Episodes: 5;2015;Aired: Nov 24, 2015 - 2015;Original Network:;;Content Rating: Not Yet Rated;
Title: Imaginary Cat;Episodes: 8;2015;Aired: Nov 24, 2015 - Jan 12, 2016;Original Network:  MBC every1;;Content Rating: Not Yet Rated;Viki Free (sub)
Title: Glamorous Temptation;Episodes: 50;2015;Aired: Oct  5, 2015 - Mar 22, 2016;Original Network:  MBC;;Content Rating: 15+ - Teens 15 or older;Kocowa Subscription
Title: Six Flying Dragons;Episodes: 50;2015;Aired: Oct  5, 2015 - Mar 22, 2016;Original Network:  SBS;;Content Rating: 15+ - Teens 15 or older;Netflix Subscription (sub)           Viki Free (sub)           Prime Video Ppv (sub)           SBS VOD Free
Title: Cheer Up!;Episodes: 12;2015;Aired: Oct  5, 2015 - Nov 10, 2015;Original Network:  KBS2;;Content Rating: 15+ - Teens 15 or older;Netflix Subscription (sub)           Viki Free (sub)           KBS World Free (sub)           Prime Video Subscription (sub)           Roku Subscription            Kocowa Free (sub)
Title: Sweet Temptation;Episodes: 6;2015;Aired: Oct  5, 2015 - Nov 20, 2015;Original Network:;;Content Rating: Not Yet Rated;
Title: Alchemist;Episodes: 12;2015;Aired: Oct  5, 2015 - Oct 22, 2015;Original Network:;;Content Rating: Not Yet Rated;
Title: The Village: Achiara's Secret;Episodes: 16;2015;Aired: Oct  7, 2015 - Dec  3, 2015;Original Network:  SBS;;Content Rating: 15+ - Teens 15 or older;Viki Subscription (sub)           SBS World Free (sub)           Prime Video Subscription (sub)           Kocowa Subscription (sub)
Title: Because It's the First Time;Episodes: 8;2015;Aired: Oct  7, 2015 - Nov 25, 2015;Original Network:;;Content Rating: Not Yet Rated;iQIYI Free (sub)           Tubi Free (sub)           Roku Free (sub)
Title: Exactly What’s Going On?;Episodes: 10;2015;Aired: Oct  8, 2015 - Nov  6, 2015;Original Network:;;Content Rating: 15+ - Teens 15 or older;Netflix Subscription (sub)
Title: Detective Alice;Episodes: 8;2015;Aired: Oct 19, 2015 - Oct 30, 2015;Original Network:  Naver TV Cast;;Content Rating: Not Yet Rated;Kocowa Subscription
Title: Awl;Episodes: 12;2015;Aired: Oct 24, 2015 - Nov 29, 2015;Original Network:  jTBC;;Content Rating: 15+ - Teens 15 or older;
Title: Bubblegum;Episodes: 16;2015;Aired: Oct 26, 2015 - Dec 15, 2015;Original Network:  tvN;;Content Rating: 15+ - Teens 15 or older;Apple TV Subscription            iQIYI Free (sub)           Tubi Free (sub)
Title: Falling for Do Jeon;Episodes: 6;2015;Aired: Oct 26, 2015 - Oct 30, 2015;Original Network:;;Content Rating: Not Yet Rated;Viki Free (sub)
Title: She Is 200 Years Old;Episodes: 5;2015;Aired: Oct 27, 2015;Original Network:;;Content Rating: Not Yet Rated;
Title: Falling for Someone;Episodes: 3;2015;Aired: Oct 29, 2015 - 2015;Original Network:;;Content Rating: Not Yet Rated;
Title: You Will Love Me;Episodes: 16;2015;Aired: Oct 29, 2015 - Dec 18, 2015;Original Network:  DramaX;;Content Rating: Not Yet Rated;
Title: Mom;Episodes: 50;2015;Aired: Sep  5, 2015 - Feb 21, 2016;Original Network:  MBC;;Content Rating: 15+ - Teens 15 or older;
Title: My Daughter, Geum Sa Wol;Episodes: 51;2015;Aired: Sep  5, 2015 - Feb 28, 2016;Original Network:  MBC;;Content Rating: 15+ - Teens 15 or older;Prime Video Subscription (sub)           Roku Subscription            Kocowa Subscription (sub)
Title: Mobilize! K-Cop;Episodes: 26;2015;Aired: Sep  7, 2015 - Nov 24, 2015;Original Network:;;Content Rating: Not Yet Rated;
Title: Love Cells Season 2;Episodes: 12;2015;Aired: Sep 14, 2015 - Oct  1, 2015;Original Network:  Naver TV Cast;;Content Rating: 13+ - Teens 13 or older;Viki Free (sub)
Title: She Was Pretty;Episodes: 16;2015;Aired: Sep 16, 2015 - Nov 11, 2015;Original Network:  MBC;;Content Rating: 15+ - Teens 15 or older;Apple TV Free (sub)           Netflix Subscription (sub)           WeTV Free (sub)           Viki Subscription (sub)           iQIYI Free (sub)           HBO Max Subscription (sub)           Prime Video Subscription (sub)           Roku Subscription            Kocowa Free (sub)
Title: Immutable Law of First Love;Episodes: 11;2015;Aired: Sep 16, 2015 - Oct  9, 2015;Original Network:  Naver TV Cast;;Content Rating: Not Yet Rated;Netflix Subscription            Viki Free
Title: D-Day;Episodes: 20;2015;Aired: Sep 18, 2015 - Nov 21, 2015;Original Network:  jTBC;;Content Rating: 15+ - Teens 15 or older;Viki Free (sub)           Prime Video Subscription (sub)           Roku Subscription            Kocowa Subscription (sub)
Title: The Merchant: Gaekju 2015;Episodes: 41;2015;Aired: Sep 23, 2015 - Feb 18, 2016;Original Network:  KBS2;;Content Rating: 15+ - Teens 15 or older;Viki Subscription (sub)           Prime Video Subscription (sub)           Roku Subscription            Kocowa Subscription (sub)
Title: Start Love;Episodes: 5;2015;Aired: Sep 24, 2015 - Oct  8, 2015;Original Network:;;Content Rating: Not Yet Rated;
Title: 9 Seconds: Eternal Time;Episodes: 7;2015;Aired: Sep 30, 2015 - Oct  3, 2015;Original Network:  Naver TV Cast;;Content Rating: Not Yet Rated;
Title: Crow Building;Episodes: 11;2015;Aired: Aug, 2015;Original Network:;;Content Rating: 15+ - Teens 15 or older;AsianCrush Free (sub)
Title: Bukbeolgeom;Episodes: 10;2015;Aired: Oct 26, 2015;Original Network:  KBS1;;Content Rating: Not Yet Rated;
Title: As if This is Your First Love;Episodes: 3;2016;Aired: Apr  8, 2016;Original Network:  Naver TV Cast;;Content Rating: Not Yet Rated;
Title: Oh My God! Tip;Episodes: 4;2016;Aired: Apr 11, 2016 - May  6, 2016;Original Network:  Naver TV Cast;;Content Rating: Not Yet Rated;
Title: Dramaworld;Episodes: 10;2016;Aired: Apr 17, 2016 - May 15, 2016;Original Network:  Viki;;Content Rating: 13+ - Teens 13 or older;Apple TV Subscription (sub)           Viki Subscription (sub)           Prime Video Free (sub)
Title: Hororong Story;Episodes: 3;2016;Aired: Apr 19, 2016;Original Network:;;Content Rating: G - All Ages;
Title: Entertainer;Episodes: 18;2016;Aired: Apr 20, 2016 - Jun 16, 2016;Original Network:  SBS;;Content Rating: 15+ - Teens 15 or older;Viki Subscription (sub)           SBS World Free (sub)           Prime Video Subscription (sub)           Kocowa Subscription (sub)
Title: The Success Story of Novice Shaman Gong;Episodes: 5;2016;Aired: Apr 25, 2016 - May 23, 2016;Original Network:  Naver TV Cast;;Content Rating: Not Yet Rated;
Title: The Master of Revenge;Episodes: 20;2016;Aired: Apr 27, 2016 - Jun 30, 2016;Original Network:  KBS2;;Content Rating: 15+ - Teens 15 or older;Viki Subscription (sub)           Prime Video Subscription (sub)           Roku Subscription            Kocowa Subscription
Title: The Flower in Prison;Episodes: 51;2016;Aired: Apr 30, 2016 - Nov  6, 2016;Original Network:  MBC;;Content Rating: 15+ - Teens 15 or older;Viki Subscription (sub)           Prime Video Subscription (sub)           Kocowa Subscription (sub)
Title: Great Secret 25;Episodes: 6;2016;Aired: Aug  1, 2016 - Aug  6, 2016;Original Network:;;Content Rating: Not Yet Rated;
Title: Welcome to My Lab Season 2;Episodes: 11;2016;Aired: Aug  2, 2016 - Oct 11, 2016;Original Network:  Tooniverse;;Content Rating: 13+ - Teens 13 or older;Tooniverse Free
Title: Matching! Boys Archery;Episodes: 8;2016;Aired: Aug  4, 2016 - Aug 28, 2016;Original Network:  Naver TV Cast;;Content Rating: 13+ - Teens 13 or older;Viki Free (sub)           Kocowa Subscription (sub)
Title: Cinderella and the Four Knights;Episodes: 16;2016;Aired: Aug 12, 2016 - Oct  1, 2016;Original Network:  tvN;;Content Rating: 15+ - Teens 15 or older;Apple TV Free            Netflix Subscription (sub)           Viki Free (sub)           Tubi Free (sub)           Prime Video Subscription (sub)           Roku Free (sub)           Kocowa Subscription (sub)
Title: Love in the Moonlight;Episodes: 18;2016;Aired: Aug 22, 2016 - Oct 18, 2016;Original Network:  KBS2;;Content Rating: 15+ - Teens 15 or older;Apple TV Free            Netflix Subscription (sub)           WeTV Free (sub)           Viki Subscription (sub)           iQIYI Free (sub)           Prime Video Subscription (sub)           Roku Subscription            Kocowa Free (sub)
Title: Detective Alice Season 2;Episodes: 8;2016;Aired: Aug 22, 2016 - Sep  2, 2016;Original Network:  Naver TV Cast;;Content Rating: Not Yet Rated;Kocowa Free (sub)
Title: Don't Dare to Dream;Episodes: 24;2016;Aired: Aug 24, 2016 - Nov 10, 2016;Original Network:  SBS;;Content Rating: 15+ - Teens 15 or older;Netflix Subscription (sub)           Viki Subscription (sub)           SBS World Free (sub)           SBS VOD Free            Prime Video Subscription (sub)           Roku Subscription            Kocowa Subscription (sub)
Title: Youth Syndrome;Episodes: 10;2016;Aired: Aug 24, 2016 - Oct 27, 2016;Original Network:;;Content Rating: Not Yet Rated;Kocowa Free (sub)
Title: Our Gap Soon;Episodes: 61;2016;Aired: Aug 27, 2016 - Apr  8, 2017;Original Network:  SBS;;Content Rating: Not Yet Rated;Viki Subscription (sub)           Prime Video Subscription (sub)           Kocowa Free (sub)
Title: Windy Mi Poong;Episodes: 53;2016;Aired: Aug 27, 2016 - Feb 26, 2017;Original Network:  MBC;;Content Rating: 15+ - Teens 15 or older;Viki Subscription (sub)           Prime Video Subscription (sub)           Kocowa Subscription (sub)
Title: The Gentlemen of Wolgyesu Tailor Shop;Episodes: 54;2016;Aired: Aug 27, 2016 - Feb 26, 2017;Original Network:  KBS2;;Content Rating: Not Yet Rated;KBS World Free            Kocowa Free (sub)
Title: Moon Lovers: Scarlet Heart Ryeo;Episodes: 20;2016;Aired: Aug 29, 2016 - Nov  1, 2016;Original Network:  SBS;;Content Rating: 15+ - Teens 15 or older;Apple TV Subscription (sub)           Prime Video Subscription (sub)           SBS VOD Free            Wavve Subscription            Viki Subscription (sub)
Title: Drunkard;Episodes: 4;2016;Aired: Dec  2, 2016 - Dec 16, 2016;Original Network:;;Content Rating: Not Yet Rated;
Title: Guardian: The Lonely and Great God;Episodes: 16;2016;Aired: Dec  2, 2016 - Jan 21, 2017;Original Network:  tvN;;Content Rating: 15+ - Teens 15 or older;Apple TV Subscription (sub)           Netflix Subscription (sub)           Viki Subscription (sub)           Prime Video Purchase (sub)
Title: Artist Grandma;Episodes: 6;2016;Aired: Dec  5, 2016 - Dec  6, 2016;Original Network:;;Content Rating: Not Yet Rated;AsianCrush Free (sub)
Title: Love for a Thousand More;Episodes: 10;2016;Aired: Dec  5, 2016 - Dec 23, 2016;Original Network:  Naver TV Cast;;Content Rating: 13+ - Teens 13 or older;
Title: The Birth of a Married Woman;Episodes: 10;2016;Aired: Dec  9, 2016 - Feb 10, 2017;Original Network:  SBS Plus;;Content Rating: Not Yet Rated;Viki Subscription (sub)           Kocowa Subscription (sub)
Title: My Old Friend;Episodes: 7;2016;Aired: Dec 12, 2016 - Dec 14, 2016;Original Network:  Naver TV Cast;;Content Rating: Not Yet Rated;
Title: The Miracle;Episodes: 12;2016;Aired: Dec 12, 2016 - Dec 23, 2016;Original Network:;;Content Rating: 15+ - Teens 15 or older;Apple TV Subscription            Netflix Subscription (sub)           Viki Subscription (sub)
Title: Deux Yeoza Season 2;Episodes: 8;2016;Aired: Dec 12, 2016 - Dec 28, 2016;Original Network:;;Content Rating: Not Yet Rated;72sec TV Free (sub)
Title: Justice Team;Episodes: 4;2016;Aired: Dec 13, 2016 - Dec 16, 2016;Original Network:  Naver TV Cast;;Content Rating: 15+ - Teens 15 or older;
Title: Love Counselor;Episodes: 2;2016;Aired: Dec 14, 2016 - Dec 21, 2016;Original Network:;;Content Rating: Not Yet Rated;
Title: Solomon's Perjury;Episodes: 12;2016;Aired: Dec 16, 2016 - Jan 28, 2017;Original Network:  jTBC;;Content Rating: 15+ - Teens 15 or older;Disney+ Hotstar Subscription (sub)           Netflix Subscription            Viki Subscription (sub)
Title: Between Friendship and Love;Episodes: 8;2016;Aired: Dec 17, 2016 - Dec 24, 2016;Original Network:  Naver TV Cast,  vLive;;Content Rating: Not Yet Rated;
Title: Hwarang;Episodes: 20;2016;Aired: Dec 19, 2016 - Feb 21, 2017;Original Network:  KBS2;;Content Rating: 15+ - Teens 15 or older;Apple TV Free (sub)           Netflix Subscription (sub)           WeTV Free (sub)           Viki Subscription (sub)           Roku Subscription (sub)           Prime Video Subscription (sub)           Kocowa Free (sub)
Title: I'm Sorry Kang Nam Goo;Episodes: 120;2016;Aired: Dec 19, 2016 - Jun  9, 2017;Original Network:  SBS;;Content Rating: 15+ - Teens 15 or older;
Title: Happy Ending;Episodes: 3;2016;Aired: Dec 24, 2016;Original Network:;;Content Rating: Not Yet Rated;
Title: My Runway;Episodes: 6;2016;Aired: Dec 31, 2016;Original Network:;;Content Rating: 15+ - Teens 15 or older;Netflix Subscription (sub)
Title: The Promise;Episodes: 102;2016;Aired: Feb  1, 2016 - Jun 24, 2016;Original Network:  KBS2;;Content Rating: 15+ - Teens 15 or older;KBS World Free
Title: Time of Miracle: Loss Time;Episodes: 2;2016;Aired: Feb 10, 2016 - Feb 17, 2016;Original Network:  KBS1;;Content Rating: Not Yet Rated;
Title: Yeah, That's How It Is;Episodes: 54;2016;Aired: Feb 13, 2016 - Aug 14, 2016;Original Network:  SBS;;Content Rating: Not Yet Rated;
Title: Choco Bank;Episodes: 6;2016;Aired: Feb 15, 2016 - Feb 21, 2016;Original Network:  Naver TV Cast;;Content Rating: 13+ - Teens 13 or older;
Title: For Various Reasons;Episodes: 8;2016;Aired: Feb 18, 2016;Original Network:;;Content Rating: Not Yet Rated;
Title: Thumping Spike;Episodes: 20;2016;Aired: Feb 20, 2016 - Apr 24, 2016;Original Network:  MBN;;Content Rating: Not Yet Rated;Viki Free (sub)
Title: Five Enough;Episodes: 54;2016;Aired: Feb 20, 2016 - Aug 21, 2016;Original Network:  KBS2;;Content Rating: 15+ - Teens 15 or older;Viki Subscription (sub)           Prime Video Subscription (sub)           KBS World Free (sub)           Kocowa Subscription (sub)
Title: Devil's Diary;Episodes: 4;2016;Aired: Feb 24, 2016;Original Network:  Naver TV Cast;;Content Rating: Not Yet Rated;
Title: Come Back Alive;Episodes: 16;2016;Aired: Feb 24, 2016 - Apr 14, 2016;Original Network:  SBS;;Content Rating: 15+ - Teens 15 or older;Apple TV Subscription            Viki Subscription (sub)           SBS World Free (sub)           Prime Video Subscription (sub)           Kocowa Subscription (sub)
Title: Descendants of the Sun;Episodes: 16;2016;Aired: Feb 24, 2016 - Apr 14, 2016;Original Network:  KBS2;;Content Rating: 15+ - Teens 15 or older;Apple TV Free (sub)           Netflix Subscription (sub)           WeTV Free (sub)           Viki Subscription (sub)           iQIYI Subscription (sub)           Hulu Subscription (sub)           Prime Video Subscription (sub)           Roku Subscription            Kocowa Free (sub)
Title: Rickety Rackety Family;Episodes: 9;2016;Aired: Feb 26, 2016 - Apr 22, 2016;Original Network:  Naver TV Cast;;Content Rating: Not Yet Rated;
Title: Happy Home;Episodes: 51;2016;Aired: Feb 27, 2016 - Aug 21, 2016;Original Network:  MBC;;Content Rating: 15+ - Teens 15 or older;
Title: TV Novel: My Mind’s Flower Rain;Episodes: 128;2016;Aired: Feb 29, 2016 - Sep  6, 2016;Original Network:  KBS2;;Content Rating: Not Yet Rated;
Title: Jang Young Shil;Episodes: 24;2016;Aired: Jan  2, 2016 - Mar 26, 2016;Original Network:  KBS1;;Content Rating: Not Yet Rated;KBS World Free (sub)
Title: My Son-In-Law's Woman;Episodes: 120;2016;Aired: Jan  4, 2016 - Jun 17, 2016;Original Network:  SBS;;Content Rating: 15+ - Teens 15 or older;
Title: Cheese in the Trap;Episodes: 16;2016;Aired: Jan  4, 2016 - Mar  1, 2016;Original Network:  tvN;;Content Rating: 15+ - Teens 15 or older;Apple TV Free            Disney+ Hotstar Subscription (sub)           Netflix Subscription (sub)           WeTV Free (sub)           Viki Free (sub)           iQIYI Free (sub)           K-DRAMA Free            Tubi Free (sub)           Prime Video Subscription (sub)           Roku Free (sub)
Title: The Cravings Season 2;Episodes: 10;2016;Aired: Jan  4, 2016 - Mar  7, 2016;Original Network:  Naver TV Cast;;Content Rating: Not Yet Rated;Viki Subscription (sub)           Kocowa Free (sub)
Title: Kiss Me If You Can;Episodes: 8;2016;Aired: Jan  7, 2016 - Jan 10, 2016;Original Network:  Naver TV Cast;;Content Rating: Not Yet Rated;
Title: When Your Heart Beats;Episodes: 8;2016;Aired: Jan  9, 2016 - Feb 27, 2016;Original Network:;;Content Rating: Not Yet Rated;
Title: Moorim School;Episodes: 16;2016;Aired: Jan 11, 2016 - Mar  8, 2016;Original Network:  KBS2;;Content Rating: 13+ - Teens 13 or older;Netflix Subscription (sub)           Viki Subscription (sub)           Prime Video Subscription (sub)           Kocowa Subscription (sub)
Title: Eye Witness;Episodes: 6;2016;Aired: Jan 14, 2016;Original Network:;;Content Rating: Not Yet Rated;
Title: Deux Yeoza;Episodes: 8;2016;Aired: Jan 14, 2016 - Jan 19, 2016;Original Network:;;Content Rating: Not Yet Rated;AsianCrush Free (sub)           72sec TV Free (sub)
Title: Only Boy;Episodes: 6;2016;Aired: Jan 19, 2016;Original Network:;;Content Rating: Not Yet Rated;
Title: The Ordinary Life of Ms. 'O'!;Episodes: 8;2016;Aired: Jan 19, 2016;Original Network:;;Content Rating: Not Yet Rated;AsianCrush Free (sub)           72sec TV Free (sub)
Title: Happy Once Again;Episodes: 16;2016;Aired: Jan 20, 2016 - Mar 10, 2016;Original Network:  MBC;;Content Rating: 15+ - Teens 15 or older;Netflix Subscription (sub)           Viki Subscription (sub)           Prime Video Subscription            Kocowa Subscription
Title: At First Sight;Episodes: 6;2016;Aired: Jan 22, 2016 - Jan 27, 2016;Original Network:;;Content Rating: G - All Ages;
Title: Madame Antoine;Episodes: 16;2016;Aired: Jan 22, 2016 - Mar 12, 2016;Original Network:  jTBC;;Content Rating: 15+ - Teens 15 or older;Viki Free (sub)
Title: Signal;Episodes: 16;2016;Aired: Jan 22, 2016 - Mar 12, 2016;Original Network:  tvN;;Content Rating: 15+ - Teens 15 or older;Disney+ Hotstar Subscription (sub)           Netflix Subscription (sub)           WeTV Free (sub)           iQIYI Free (sub)           Prime Video Subscription (sub)           Tubi Free (sub)
Title: Local Hero;Episodes: 16;2016;Aired: Jan 23, 2016 - Mar 20, 2016;Original Network:  OCN;;Content Rating: Not Yet Rated;
Title: Ready for Start - Vol. 1;Episodes: 12;2016;Aired: Jan 25, 2016 - Feb 19, 2016;Original Network:  Naver TV Cast;;Content Rating: Not Yet Rated;
Title: Webtoon Hero - Tundra Show Season 2;Episodes: 12;2016;Aired: Jan 28, 2016 - Apr 14, 2016;Original Network:  MBC every1;;Content Rating: Not Yet Rated;
Title: After the Show Ends;Episodes: 8;2016;Aired: Jul  1, 2016 - Aug 19, 2016;Original Network:  Naver TV Cast,  tvN;;Content Rating: 15+ - Teens 15 or older;
Title: Gogh, the Starry Night;Episodes: 20;2016;Aired: Jul  2, 2016 - Jul 31, 2016;Original Network:  SBS,  Sohu TV;;Content Rating: 13+ - Teens 13 or older;Viki Free (sub)           Kocowa Subscription (sub)
Title: Touching You;Episodes: 12;2016;Aired: Jul  4, 2016 - Jul 19, 2016;Original Network:  Naver TV Cast;;Content Rating: 15+ - Teens 15 or older;Prime Video Subscription (sub)
Title: Uncontrollably Fond;Episodes: 20;2016;Aired: Jul  6, 2016 - Sep  8, 2016;Original Network:  KBS2;;Content Rating: 15+ - Teens 15 or older;Netflix Subscription (sub)           WeTV Free (sub)           Viki Free (sub)           iQIYI Free (sub)           Hulu Subscription (sub)
Title: The Good Wife;Episodes: 16;2016;Aired: Jul  8, 2016 - Aug 27, 2016;Original Network:  tvN;;Content Rating: 15+ - Teens 15 or older;
Title: Bring It On, Ghost;Episodes: 16;2016;Aired: Jul 11, 2016 - Aug 30, 2016;Original Network:  tvN;;Content Rating: 15+ - Teens 15 or older;Apple TV Subscription (sub)           Netflix Subscription (sub)           WeTV Free (sub)           Prime Video Subscription (sub)           Tubi Free (sub)           Roku Free (sub)
Title: Magic Cell Phone;Episodes: 10;2016;Aired: Jul 13, 2016 - Sep 14, 2016;Original Network:;;Content Rating: 13+ - Teens 13 or older;
Title: Horror Delivery Service;Episodes: 7;2016;Aired: Jul 18, 2016;Original Network:;;Content Rating: 13+ - Teens 13 or older;AsianCrush Free (sub)
Title: Reply Pyeongchang, 100°F;Episodes: 5;2016;Aired: Jul 20, 2016 - Jul 24, 2016;Original Network:  Naver TV Cast;;Content Rating: 15+ - Teens 15 or older;Viki Subscription (sub)           Kocowa Free (sub)
Title: W;Episodes: 16;2016;Aired: Jul 20, 2016 - Sep 14, 2016;Original Network:  MBC;;Content Rating: 15+ - Teens 15 or older;Apple TV Free            Netflix Subscription (sub)           WeTV Free (sub)           Viki Free (sub)           iflix Free (sub)           Prime Video Subscription (sub)
Title: Tong: Memories;Episodes: 12;2016;Aired: Jul 22, 2016;Original Network:;;Content Rating: 15+ - Teens 15 or older;Netflix Subscription (sub)           Viki Free (sub)
Title: Hello, My Twenties!;Episodes: 12;2016;Aired: Jul 22, 2016 - Aug 27, 2016;Original Network:  jTBC;;Content Rating: 15+ - Teens 15 or older;Apple TV Free            Netflix Subscription (sub)           Prime Video Subscription (sub)           Viki Free (sub)           Kocowa Subscription (sub)
Title: Women at a Game Company;Episodes: 11;2016;Aired: Jul 25, 2016 - Aug  1, 2016;Original Network:  Naver TV Cast;;Content Rating: Not Yet Rated;
Title: Spark;Episodes: 12;2016;Aired: Jul 25, 2016 - Aug 11, 2016;Original Network:  Naver TV Cast;;Content Rating: 13+ - Teens 13 or older;Netflix Subscription (sub)           Viki Subscription (sub)
Title: Second to Last Love;Episodes: 20;2016;Aired: Jul 30, 2016 - Oct 16, 2016;Original Network:  SBS;;Content Rating: 15+ - Teens 15 or older;Viki Subscription (sub)           SBS World Free (sub)           Prime Video Subscription (sub)           Kocowa Subscription (sub)
Title: Becky's Back;Episodes: 4;2016;Aired: Jun  6, 2016 - Jun 14, 2016;Original Network:  KBS2;;Content Rating: 15+ - Teens 15 or older;Viki Subscription (sub)           KBS World Free (sub)           Kocowa Subscription (sub)
Title: Immortal Goddess;Episodes: 8;2016;Aired: Jun  8, 2016 - Jun 15, 2016;Original Network:  Naver TV Cast;;Content Rating: Not Yet Rated;Prime Video Subscription (sub)
Title: You Are a Gift;Episodes: 111;2016;Aired: Jun 13, 2016 - Nov 24, 2016;Original Network:  SBS;;Content Rating: Not Yet Rated;
Title: 28 Faces of the Moon;Episodes: 8;2016;Aired: Jun 15, 2016 - Jun 16, 2016;Original Network:;;Content Rating: Not Yet Rated;Netflix Subscription (sub)           Prime Video Subscription (sub)
Title: Squad 38;Episodes: 16;2016;Aired: Jun 17, 2016 - Aug  6, 2016;Original Network:  OCN;;Content Rating: 15+ - Teens 15 or older;Disney+ Hotstar Subscription (sub)           Prime Video Subscription            Tubi Free
Title: Church Boy's Love QT;Episodes: 6;2016;Aired: Jun 19, 2016 - Jul  6, 2016;Original Network:;;Content Rating: Not Yet Rated;
Title: A Beautiful Mind;Episodes: 14;2016;Aired: Jun 20, 2016 - Aug  2, 2016;Original Network:  KBS2;;Content Rating: 15+ - Teens 15 or older;Viki Subscription (sub)           KBS World Free (sub)           Prime Video Subscription (sub)           Roku Subscription            Kocowa Free (sub)
Title: Doctors;Episodes: 20;2016;Aired: Jun 20, 2016 - Aug 23, 2016;Original Network:  SBS;;Content Rating: 15+ - Teens 15 or older;Apple TV Free            Netflix Subscription (sub)           Viki Subscription (sub)           Prime Video Subscription (sub)           SBS World Free            SBS VOD Free            Kocowa Subscription (sub)
Title: Here Comes Love;Episodes: 122;2016;Aired: Jun 20, 2016 - Dec  9, 2016;Original Network:  SBS;;Content Rating: 15+ - Teens 15 or older;
Title: Wanted;Episodes: 16;2016;Aired: Jun 22, 2016 - Aug 18, 2016;Original Network:  SBS;;Content Rating: 15+ - Teens 15 or older;Viki Subscription (sub)           SBS World Free (sub)           SBS VOD Free            Prime Video Subscription (sub)           Kocowa Subscription (sub)
Title: Once Upon a Time in Gwangju;Episodes: 4;2016;Aired: Jun 23, 2016 - Jun 26, 2016;Original Network:  Naver TV Cast;;Content Rating: Not Yet Rated;
Title: Oh My God! Tip Series 3;Episodes: 4;2016;Aired: Jun 24, 2016 - Jul 15, 2016;Original Network:  Naver TV Cast;;Content Rating: Not Yet Rated;
Title: Secrets of Women;Episodes: 104;2016;Aired: Jun 27, 2016 - Nov 25, 2016;Original Network:  KBS2;;Content Rating: Not Yet Rated;KBS World Free
Title: Legend Hero;Episodes: 50;2016;Aired: Mar  2, 2016 - Aug 18, 2016;Original Network:;;Content Rating: G - All Ages;
Title: My Little Baby;Episodes: 16;2016;Aired: Mar  5, 2016 - Apr 23, 2016;Original Network:  MBC;;Content Rating: G - All Ages;Netflix Subscription (sub)           Prime Video Purchase (sub)           Tubi Free (sub)
Title: Marriage Contract;Episodes: 16;2016;Aired: Mar  5, 2016 - Apr 24, 2016;Original Network:  MBC;;Content Rating: 15+ - Teens 15 or older;Netflix Subscription (sub)           Viki Subscription (sub)           Prime Video Subscription (sub)           Roku Subscription            Kocowa Subscription (sub)
Title: Mrs. Cop Season 2;Episodes: 20;2016;Aired: Mar  5, 2016 - May  8, 2016;Original Network:  SBS;;Content Rating: 15+ - Teens 15 or older;Apple TV Subscription            Kocowa Subscription (sub)
Title: Pied Piper;Episodes: 16;2016;Aired: Mar  7, 2016 - Apr 26, 2016;Original Network:  tvN;;Content Rating: 15+ - Teens 15 or older;
Title: Virtual Excitement;Episodes: 6;2016;Aired: Mar 11, 2016;Original Network:;;Content Rating: Not Yet Rated;
Title: Why Do Women Always Get Upset?;Episodes: 6;2016;Aired: Mar 13, 2016 - Mar 29, 2016;Original Network:  Naver TV Cast;;Content Rating: Not Yet Rated;
Title: Babysitter;Episodes: 4;2016;Aired: Mar 14, 2016 - Mar 22, 2016;Original Network:  KBS2;;Content Rating: Not Yet Rated;Viki Subscription (sub)           KBS World Free (sub)           Kocowa Subscription (sub)
Title: Nightmare Teacher;Episodes: 12;2016;Aired: Mar 14, 2016 - Mar 31, 2016;Original Network:  Naver TV Cast;;Content Rating: 13+ - Teens 13 or older;Netflix Subscription (sub)           Viki Free (sub)
Title: Goodbye Mr. Black;Episodes: 20;2016;Aired: Mar 16, 2016 - May 19, 2016;Original Network:  MBC;;Content Rating: 15+ - Teens 15 or older;Viki Free (sub)
Title: Click Your Heart;Episodes: 7;2016;Aired: Mar 17, 2016 - Mar 31, 2016;Original Network:  Naver TV Cast;;Content Rating: 13+ - Teens 13 or older;Apple TV Subscription (sub)           Prime Video Subscription (sub)
Title: Ms. Temper & Nam Jung Gi;Episodes: 16;2016;Aired: Mar 18, 2016 - May  7, 2016;Original Network:  jTBC;;Content Rating: 15+ - Teens 15 or older;Viki Free (sub)
Title: Memory;Episodes: 16;2016;Aired: Mar 18, 2016 - May  7, 2016;Original Network:  tvN;;Content Rating: 15+ - Teens 15 or older;Apple TV Subscription            Tubi Free (sub)
Title: Vampire Detective;Episodes: 12;2016;Aired: Mar 27, 2016 - Jun 12, 2016;Original Network:  OCN;;Content Rating: Not Yet Rated;Prime Video Subscription            Roku Free
Title: Tomorrow Boy;Episodes: 5;2016;Aired: Mar 28, 2016 - Apr 25, 2016;Original Network:;;Content Rating: Not Yet Rated;Viki Subscription (sub)           Kocowa Free (sub)
Title: The Royal Gambler;Episodes: 24;2016;Aired: Mar 28, 2016 - Jun 14, 2016;Original Network:  SBS;;Content Rating: 15+ - Teens 15 or older;Netflix Subscription (sub)           Viki Subscription (sub)           SBS World Free (sub)           Prime Video Subscription (sub)           Roku Subscription            Kocowa Subscription (sub)
Title: My Lawyer, Mr. Joe;Episodes: 20;2016;Aired: Mar 28, 2016 - May 31, 2016;Original Network:  KBS2;;Content Rating: 15+ - Teens 15 or older;Viki Subscription (sub)           Prime Video Subscription (sub)           Kocowa Free (sub)
Title: Monster;Episodes: 50;2016;Aired: Mar 28, 2016 - Sep 20, 2016;Original Network:  MBC;;Content Rating: 15+ - Teens 15 or older;
Title: 72 Seconds Season 3;Episodes: 8;2016;Aired: Mar 29, 2016 - Apr 26, 2016;Original Network:;;Content Rating: 15+ - Teens 15 or older;72sec TV Free (sub)
Title: Another Miss Oh;Episodes: 18;2016;Aired: May  2, 2016 - Jun 28, 2016;Original Network:  tvN;;Content Rating: 15+ - Teens 15 or older;Disney+ Hotstar Subscription (sub)           Netflix Subscription (sub)           WeTV Free (sub)           iQIYI Free (sub)           Viki Free (sub)           Tubi Free (sub)           Prime Video Subscription (sub)
Title: The Unusual Family;Episodes: 149;2016;Aired: May  2, 2016 - Nov 25, 2016;Original Network:  KBS1;;Content Rating: Not Yet Rated;KBS World Free (sub)
Title: Good People;Episodes: 122;2016;Aired: May  2, 2016 - Oct 28, 2016;Original Network:  MBC;;Content Rating: 15+ - Teens 15 or older;
Title: Do You Know Love?;Episodes: 15;2016;Aired: May  9, 2016 - Jun 10, 2016;Original Network:  Naver TV Cast;;Content Rating: 13+ - Teens 13 or older;Kocowa Free (sub)
Title: Working Mom Parenting Daddy;Episodes: 120;2016;Aired: May  9, 2016 - Nov 11, 2016;Original Network:  MBC;;Content Rating: 15+ - Teens 15 or older;
Title: The Ordinary Life of Ms. 'O'! Season 2;Episodes: 8;2016;Aired: May 11, 2016 - Jun  9, 2016;Original Network:;;Content Rating: Not Yet Rated;72sec TV Free (sub)
Title: Bong Soon: A Cyborg in Love;Episodes: 12;2016;Aired: May 12, 2016;Original Network:  Naver TV Cast;;Content Rating: Not Yet Rated;Prime Video Subscription (sub)           Wavve Subscription
Title: Dear My Friends;Episodes: 16;2016;Aired: May 13, 2016 - Jul  2, 2016;Original Network:  tvN;;Content Rating: 15+ - Teens 15 or older;Apple TV Subscription            Disney+ Hotstar Subscription (sub)           Netflix Subscription (sub)           Prime Video Subscription (sub)           Tubi Free (sub)
Title: Mirror of the Witch;Episodes: 20;2016;Aired: May 13, 2016 - Jul 16, 2016;Original Network:  jTBC;;Content Rating: 15+ - Teens 15 or older;Viki Free (sub)
Title: Beautiful Gong Shim;Episodes: 20;2016;Aired: May 14, 2016 - Jul 17, 2016;Original Network:  SBS;;Content Rating: 13+ - Teens 13 or older;Apple TV Subscription            Netflix Subscription (sub)           Viki Subscription (sub)           SBS World Free            Prime Video Subscription (sub)           Kocowa Subscription
Title: Today, the Country of Junggo Is Peaceful Again;Episodes: 8;2016;Aired: May 16, 2016;Original Network:;;Content Rating: Not Yet Rated;
Title: Oh My God! Tip Series 2;Episodes: 4;2016;Aired: May 20, 2016 - Jun 10, 2016;Original Network:  Naver TV Cast;;Content Rating: Not Yet Rated;
Title: Let's Make a New Start;Episodes: 121;2016;Aired: May 23, 2016 - Nov 18, 2016;Original Network:  MBC;;Content Rating: 15+ - Teens 15 or older;
Title: Lucky Romance;Episodes: 16;2016;Aired: May 25, 2016 - Jul 14, 2016;Original Network:  MBC;;Content Rating: 15+ - Teens 15 or older;Apple TV Free            Netflix Subscription            Viki Subscription (sub)
Title: I'm a Hero;Episodes: 8;2016;Aired: May 25, 2016 - Jun 15, 2016;Original Network:  Naver TV Cast;;Content Rating: Not Yet Rated;
Title: Momin's Room;Episodes: 7;2016;Aired: Nov  1, 2016 - Nov 22, 2016;Original Network:  OCN;;Content Rating: Not Yet Rated;
Title: Bunny Bunny;Episodes: 5;2016;Aired: Nov  1, 2016 - Nov 30, 2016;Original Network:;;Content Rating: Not Yet Rated;
Title: Forever Young 2;Episodes: 38;2016;Aired: Nov  3, 2016 - Mar 22, 2017;Original Network:;;Content Rating: Not Yet Rated;
Title: Entourage;Episodes: 16;2016;Aired: Nov  4, 2016 - Dec 24, 2016;Original Network:  tvN;;Content Rating: 15+ - Teens 15 or older;
Title: Descendants of the Airport;Episodes: 1;2016;Aired: Nov  7, 2016;Original Network:;;Content Rating: Not Yet Rated;
Title: I'm Not a Girl Anymore;Episodes: 12;2016;Aired: Nov  7, 2016 - Jan 16, 2017;Original Network:;;Content Rating: Not Yet Rated;
Title: Dr. Romantic;Episodes: 20;2016;Aired: Nov  7, 2016 - Jan 16, 2017;Original Network:  SBS;;Content Rating: 15+ - Teens 15 or older;Apple TV Subscription (sub)           Netflix Subscription (sub)           WeTV Free (sub)           Viki Subscription (sub)           iQIYI Free (sub)           SBS VOD Free            Wavve Free            SBS World Free (sub)           HBO Max Subscription            Prime Video Subscription (sub)           Roku Subscription            Kocowa Subscription (sub)
Title: The Sound of Your Heart;Episodes: 20;2016;Aired: Nov  7, 2016 - Nov 28, 2016;Original Network:  Naver TV Cast;;Content Rating: 15+ - Teens 15 or older;Netflix Subscription (sub)
Title: Father, I’ll Take Care of You;Episodes: 50;2016;Aired: Nov 12, 2016 - May  7, 2017;Original Network:  MBC;;Content Rating: 15+ - Teens 15 or older;Viki Subscription (sub)           Prime Video Subscription (sub)           Roku Subscription            Kocowa Subscription (sub)
Title: Golden Pouch;Episodes: 122;2016;Aired: Nov 14, 2016 - May 30, 2017;Original Network:  MBC;;Content Rating: 15+ - Teens 15 or older;
Title: My Romantic Some Recipe;Episodes: 6;2016;Aired: Nov 14, 2016 - Nov 22, 2016;Original Network:  Naver TV Cast;;Content Rating: 13+ - Teens 13 or older;
Title: What's Up With These Kids!?;Episodes: 6;2016;Aired: Nov 16, 2016 - Dec  1, 2016;Original Network:  Naver TV Cast;;Content Rating: G - All Ages;Kocowa Free (sub)
Title: Oh My Geum Bi;Episodes: 16;2016;Aired: Nov 16, 2016 - Jan 11, 2017;Original Network:  KBS2;;Content Rating: 15+ - Teens 15 or older;
Title: Weightlifting Fairy Kim Bok Joo;Episodes: 16;2016;Aired: Nov 16, 2016 - Jan 11, 2017;Original Network:  MBC;;Content Rating: 15+ - Teens 15 or older;Apple TV Free (sub)           Netflix Subscription (sub)           WeTV Free (sub)           Viki Subscription (sub)           iQIYI Free (sub)           Prime Video Subscription (sub)           HBO Max Subscription            Kocowa Free (sub)
Title: The Legend of the Blue Sea;Episodes: 20;2016;Aired: Nov 16, 2016 - Jan 25, 2017;Original Network:  SBS;;Content Rating: 15+ - Teens 15 or older;Apple TV Free (sub)           Netflix Subscription (sub)           WeTV Free (sub)           Viki Free (sub)           iQIYI Free (sub)           Hulu Subscription (sub)           SBS VOD Free
Title: The Sloppy Life Of Kang Dae Choong;Episodes: 6;2016;Aired: Nov 19, 2016;Original Network:;;Content Rating: Not Yet Rated;
Title: Cat Chef;Episodes: 10;2016;Aired: Nov 21, 2016 - Dec 20, 2016;Original Network:  O'live;;Content Rating: Not Yet Rated;
Title: White Nights;Episodes: 20;2016;Aired: Nov 21, 2016 - Jan 24, 2017;Original Network:  MBC;;Content Rating: Not Yet Rated;Netflix Subscription (sub)
Title: First Love Again;Episodes: 104;2016;Aired: Nov 28, 2016 - Apr 21, 2017;Original Network:  KBS2;;Content Rating: Not Yet Rated;KBS World Free
Title: Love Is Drop by Drop;Episodes: 120;2016;Aired: Nov 28, 2016 - Jun  2, 2017;Original Network:  SBS;;Content Rating: 15+ - Teens 15 or older;
Title: Still Loving You;Episodes: 125;2016;Aired: Nov 28, 2016 - May 26, 2017;Original Network:  KBS1;;Content Rating: 15+ - Teens 15 or older;KBS World Free (sub)
Title: Nalrari Series;Episodes: 15;2016;Aired: Oct  4, 2016 - Oct 25, 2016;Original Network:;;Content Rating: Not Yet Rated;
Title: Something about 1 Percent;Episodes: 16;2016;Aired: Oct  5, 2016 - Nov 24, 2016;Original Network:  DramaX;;Content Rating: 15+ - Teens 15 or older;Netflix Subscription            Viki Free (sub)
Title: Simple Relatable Drama;Episodes: 16;2016;Aired: Oct 10, 2016 - Jun 20, 2017;Original Network:  Naver TV Cast;;Content Rating: Not Yet Rated;
Title: Secret Crushes;Episodes: 21;2016;Aired: Oct 11, 2016 - Oct 21, 2016;Original Network:;;Content Rating: Not Yet Rated;
Title: The Facetale: Cinderia;Episodes: 10;2016;Aired: Oct 14, 2016 - Nov 17, 2016;Original Network:;;Content Rating: 13+ - Teens 13 or older;Apple TV Subscription            Viki Subscription (sub)
Title: 88 Street;Episodes: 12;2016;Aired: Oct 17, 2016 - Nov  4, 2016;Original Network:  Naver TV Cast;;Content Rating: Not Yet Rated;
Title: Secret Crushes Season 2;Episodes: 23;2016;Aired: Oct 18, 2016 - Nov 25, 2016;Original Network:  Naver TV Cast;;Content Rating: Not Yet Rated;
Title: Hot and Sweet;Episodes: 8;2016;Aired: Oct 20, 2016 - Nov  1, 2016;Original Network:  Naver TV Cast;;Content Rating: Not Yet Rated;Prime Video Ppv (sub)
Title: Clocking Out;Episodes: 4;2016;Aired: Oct 21, 2016 - Nov  1, 2016;Original Network:  Naver TV Cast;;Content Rating: Not Yet Rated;
Title: Sweet Stranger and Me;Episodes: 16;2016;Aired: Oct 24, 2016 - Dec 13, 2016;Original Network:  KBS2;;Content Rating: 15+ - Teens 15 or older;Viki Subscription (sub)           Prime Video Subscription (sub)           Roku Subscription            Kocowa Subscription (sub)
Title: One More Time;Episodes: 8;2016;Aired: Oct 26, 2016 - Dec 14, 2016;Original Network:  BS TV Tokyo,  Netflix;;Content Rating: 13+ - Teens 13 or older;Netflix Subscription (sub)
Title: My Wife’s Having an Affair This Week;Episodes: 12;2016;Aired: Oct 28, 2016 - Dec  3, 2016;Original Network:  jTBC;;Content Rating: 15+ - Teens 15 or older;Disney+ Hotstar Subscription (sub)
Title: Always Springtime;Episodes: 122;2016;Aired: Oct 31, 2016 - Apr 21, 2017;Original Network:  MBC;;Content Rating: 15+ - Teens 15 or older;
Title: Ugly Miss Young Ae Season 15;Episodes: 20;2016;Aired: Oct 31, 2016 - Jan  3, 2017;Original Network:  tvN;;Content Rating: 15+ - Teens 15 or older;
Title: Positive Physique;Episodes: 6;2016;Aired: Oct 31, 2016 - Nov  4, 2016;Original Network:;;Content Rating: 13+ - Teens 13 or older;
Title: Hello Busking;Episodes: 5;2016;Aired: Sep  1, 2016 - Sep 19, 2016;Original Network:;;Content Rating: Not Yet Rated;
Title: Fantastic;Episodes: 16;2016;Aired: Sep  2, 2016 - Oct 22, 2016;Original Network:  jTBC;;Content Rating: 15+ - Teens 15 or older;Disney+ Hotstar Subscription (sub)           Viki Free (sub)
Title: Three Kingdom Wars - Imjin War 1592;Episodes: 5;2016;Aired: Sep  3, 2016 - Sep 23, 2016;Original Network:  KBS1;;Content Rating: Not Yet Rated;
Title: Drinking Solo;Episodes: 16;2016;Aired: Sep  5, 2016 - Oct 25, 2016;Original Network:  tvN;;Content Rating: 15+ - Teens 15 or older;
Title: TV Novel: That Sun in the Sky;Episodes: 121;2016;Aired: Sep  7, 2016 - Feb 22, 2017;Original Network:  KBS2;;Content Rating: 15+ - Teens 15 or older;
Title: Haengbok 100 km;Episodes: 6;2016;Aired: Sep  8, 2016;Original Network:  Naver TV Cast;;Content Rating: Not Yet Rated;
Title: Work Hard;Episodes: 3;2016;Aired: Sep 13, 2016 - Dec  2, 2016;Original Network:;;Content Rating: Not Yet Rated;
Title: Green Light Briefing;Episodes: 14;2016;Aired: Sep 13, 2016 - Dec 22, 2016;Original Network:;;Content Rating: Not Yet Rated;
Title: Mr. Hashtag;Episodes: 6;2016;Aired: Sep 18, 2016 - Oct  5, 2016;Original Network:;;Content Rating: Not Yet Rated;AsianCrush Free (sub)           72sec TV Free (sub)
Title: On the Way to the Airport;Episodes: 16;2016;Aired: Sep 21, 2016 - Nov 10, 2016;Original Network:  KBS2;;Content Rating: 15+ - Teens 15 or older;
Title: Shopaholic Louis;Episodes: 16;2016;Aired: Sep 21, 2016 - Nov 10, 2016;Original Network:  MBC;;Content Rating: 15+ - Teens 15 or older;Netflix Subscription (sub)           Viki Subscription (sub)           Prime Video Subscription (sub)           Roku Subscription            Kocowa Subscription (sub)
Title: Speaking of Love;Episodes: 18;2016;Aired: Sep 23, 2016 - Dec 27, 2016;Original Network:;;Content Rating: Not Yet Rated;
Title: The K2;Episodes: 16;2016;Aired: Sep 23, 2016 - Nov 12, 2016;Original Network:  tvN;;Content Rating: 15+ - Teens 15 or older;Apple TV Free            WeTV Free (sub)           Viki Free (sub)           iQIYI Free (sub)           Tubi Free (sub)           Prime Video Subscription
Title: Thumping Spike 2;Episodes: 20;2016;Aired: Sep 24, 2016 - Dec 10, 2016;Original Network:  MBN;;Content Rating: Not Yet Rated;Viki Free (sub)
Title: Woman with a Suitcase;Episodes: 16;2016;Aired: Sep 26, 2016 - Nov 15, 2016;Original Network:  MBC;;Content Rating: 15+ - Teens 15 or older;
Title: Romantic Boss;Episodes: 12;2016;Aired: Aug, 2016;Original Network:;;Content Rating: Not Yet Rated;
Title: Ok Nyeo;Episodes: 21;2016;Aired: Nov 6, 2016;Original Network:  TBC;;Content Rating: Not Yet Rated;
Title: Power Rangers Dino Force Brave;Episodes: 12;2017;Aired: Apr  1, 2017 - Jun  3, 2017;Original Network:;;Content Rating: Not Yet Rated;TVING Subscription
Title: The Boy Next Door;Episodes: 15;2017;Aired: Apr  3, 2017 - Apr 28, 2017;Original Network:  Naver TV Cast;;Content Rating: 13+ - Teens 13 or older;Dingo K-Drama Free (sub)
Title: The Ordinary Life of Ms. 'O'! Season 3;Episodes: 8;2017;Aired: Apr  4, 2017 - Apr 27, 2017;Original Network:;;Content Rating: Not Yet Rated;72sec TV Free (sub)
Title: Queen of Mystery;Episodes: 16;2017;Aired: Apr  5, 2017 - May 25, 2017;Original Network:  KBS2;;Content Rating: 15+ - Teens 15 or older;Apple TV Free            Viki Subscription (sub)           KBS World Free (sub)           Kocowa Free (sub)
Title: Green Light Briefing Season 2;Episodes: 12;2017;Aired: Apr  6, 2017 - Jun 22, 2017;Original Network:;;Content Rating: Not Yet Rated;
Title: Chicago Typewriter;Episodes: 16;2017;Aired: Apr  7, 2017 - Jun  3, 2017;Original Network:  tvN;;Content Rating: 15+ - Teens 15 or older;Apple TV Subscription (sub)           WeTV Free (sub)           Viki Free (sub)           Tubi Free (sub)           Roku Free (sub)           Prime Video Subscription (sub)
Title: Poetry Story;Episodes: 10;2017;Aired: Apr 10, 2017 - May  9, 2017;Original Network:  Naver TV Cast;;Content Rating: 13+ - Teens 13 or older;Kocowa Free (sub)
Title: Band of Sisters;Episodes: 68;2017;Aired: Apr 15, 2017 - Oct 14, 2017;Original Network:  SBS;;Content Rating: 15+ - Teens 15 or older;Viki Subscription (sub)           SBS World Free (sub)           Prime Video Subscription (sub)           Kocowa Subscription (sub)
Title: My Secret Romance;Episodes: 13;2017;Aired: Apr 17, 2017 - May 30, 2017;Original Network:  OCN;;Content Rating: 15+ - Teens 15 or older;Apple TV Free (sub)           Netflix Subscription (sub)           Viki Free (sub)
Title: Sympathy;Episodes: 58;2017;Aired: Apr 17, 2017 - Nov 23, 2020;Original Network:;;Content Rating: Not Yet Rated;CheezeFilm Free (sub)
Title: Man to Man;Episodes: 16;2017;Aired: Apr 21, 2017 - Jun 10, 2017;Original Network:  jTBC;;Content Rating: 15+ - Teens 15 or older;Netflix Subscription (sub)           Viki Subscription (sub)           Prime Video Subscription (sub)
Title: Irish Uppercut;Episodes: 8;2017;Aired: Apr 24, 2017 - May 15, 2017;Original Network:  Naver TV Cast;;Content Rating: 13+ - Teens 13 or older;Viki Free (sub)           AsianCrush Free (sub)
Title: Teacher Oh Soon Nam;Episodes: 129;2017;Aired: Apr 24, 2017 - Oct 20, 2017;Original Network:  MBC;;Content Rating: 15+ - Teens 15 or older;
Title: Unknown Woman;Episodes: 102;2017;Aired: Apr 24, 2017 - Sep 15, 2017;Original Network:  KBS2;;Content Rating: 15+ - Teens 15 or older;KBS World Free
Title: Office Watch;Episodes: 8;2017;Aired: Apr 26, 2017 - May 14, 2017;Original Network:;;Content Rating: Not Yet Rated;WeTV Free (sub)           KOK TV Free            WHYNOT TV Free (sub)
Title: Seventeen;Episodes: 8;2017;Aired: Apr 27, 2017 - May 27, 2017;Original Network:  Naver TV Cast;;Content Rating: 13+ - Teens 13 or older;WeTV Free (sub)           PlayList Global Free
Title: Everyday Loves;Episodes: 10;2017;Aired: Apr 28, 2017 - May  7, 2017;Original Network:;;Content Rating: 15+ - Teens 15 or older;
Title: The IDOLM@STER.KR;Episodes: 24;2017;Aired: Apr 28, 2017 - Oct  6, 2017;Original Network:  SBS Plus;;Content Rating: 15+ - Teens 15 or older;Prime Video Subscription (sub)
Title: Bamboo: 9pm, Please Tell My Story;Episodes: 10;2017;Aired: Apr 30, 2017 - Mar 19, 2018;Original Network:;;Content Rating: Not Yet Rated;
Title: Let's Eat Something, Anna;Episodes: 5;2017;Aired: Aug  1, 2017;Original Network:  Naver TV Cast;;Content Rating: 15+ - Teens 15 or older;Viki Free (sub)           Kocowa Free (sub)
Title: Strongest Deliveryman;Episodes: 16;2017;Aired: Aug  4, 2017 - Sep 23, 2017;Original Network:  KBS2;;Content Rating: 15+ - Teens 15 or older;Netflix Subscription (sub)           Tubi Free (sub)           Kocowa Subscription (sub)
Title: Save Me;Episodes: 16;2017;Aired: Aug  5, 2017 - Sep 24, 2017;Original Network:  OCN;;Content Rating: 15+ - Teens 15 or older;Apple TV Subscription            iQIYI Free (sub)           Prime Video Subscription (sub)           Tubi Free (sub)           Roku Free
Title: Lies of Spring;Episodes: 4;2017;Aired: Aug  7, 2017;Original Network:;;Content Rating: Not Yet Rated;AsianCrush Free (sub)
Title: Dxyz;Episodes: 12;2017;Aired: Aug  8, 2017 - Jan 23, 2020;Original Network:;;Content Rating: Not Yet Rated;
Title: Manhole;Episodes: 16;2017;Aired: Aug  9, 2017 - Sep 28, 2017;Original Network:  KBS2;;Content Rating: 15+ - Teens 15 or older;Viki Subscription (sub)           Prime Video Subscription (sub)           Kocowa Subscription
Title: Secret Crushes: Special Edition;Episodes: 4;2017;Aired: Aug 11, 2017;Original Network:  Naver TV Cast;;Content Rating: Not Yet Rated;KOK TV Free (sub)
Title: Live Up to Your Name;Episodes: 16;2017;Aired: Aug 12, 2017 - Oct  1, 2017;Original Network:  tvN;;Content Rating: 15+ - Teens 15 or older;Netflix Subscription (sub)           Prime Video Subscription            Tubi Free (sub)           Roku Free (sub)           WeTV Free
Title: Hip Hop Teacher;Episodes: 10;2017;Aired: Aug 14, 2017 - Aug 25, 2017;Original Network:  jTBC,  Naver TV Cast;;Content Rating: 15+ - Teens 15 or older;
Title: TV Novel: Dal Soon's Spring;Episodes: 129;2017;Aired: Aug 14, 2017 - Feb  9, 2018;Original Network:  KBS2;;Content Rating: 15+ - Teens 15 or older;
Title: No Bad Days;Episodes: 10;2017;Aired: Aug 17, 2017;Original Network:;;Content Rating: Not Yet Rated;
Title: Between Friendship and Love Season 2;Episodes: 12;2017;Aired: Aug 18, 2017 - Sep 29, 2017;Original Network:;;Content Rating: Not Yet Rated;KOK TV Free (sub)
Title: First Love Story Season 2;Episodes: 6;2017;Aired: Aug 23, 2017 - Sep 13, 2017;Original Network:;;Content Rating: Not Yet Rated;
Title: Single Wife;Episodes: 12;2017;Aired: Aug 23, 2017 - Sep 28, 2017;Original Network:  DramaX;;Content Rating: 15+ - Teens 15 or older;Apple TV Subscription            Viki Free (sub)
Title: A Day for Romance;Episodes: 6;2017;Aired: Aug 25, 2017;Original Network:;;Content Rating: Not Yet Rated;
Title: Hello, My Twenties! Season 2;Episodes: 14;2017;Aired: Aug 25, 2017 - Oct  7, 2017;Original Network:  jTBC;;Content Rating: 15+ - Teens 15 or older;Netflix Subscription (sub)           Viki Subscription (sub)           Kocowa Subscription (sub)
Title: Barabom;Episodes: 3;2017;Aired: Aug 26, 2017 - Sep 17, 2017;Original Network:;;Content Rating: Not Yet Rated;
Title: Somehow 18;Episodes: 10;2017;Aired: Aug 28, 2017 - Sep  8, 2017;Original Network:  jTBC,  Naver TV Cast;;Content Rating: 15+ - Teens 15 or older;iflix Free (sub)
Title: All the Love in the World;Episodes: 5;2017;Aired: Aug 30, 2017;Original Network:  Naver TV Cast;;Content Rating: Not Yet Rated;
Title: All the Love in the World Season 3;Episodes: 5;2017;Aired: Aug 30, 2017;Original Network:;;Content Rating: Not Yet Rated;
Title: All the Love in the World Season 2;Episodes: 5;2017;Aired: Aug 30, 2017 - 2017;Original Network:;;Content Rating: Not Yet Rated;
Title: Hospital Ship;Episodes: 40;2017;Aired: Aug 30, 2017 - Nov  2, 2017;Original Network:  MBC;;Content Rating: 15+ - Teens 15 or older;Netflix Subscription (sub)           Kocowa Subscription (sub)
Title: Between;Episodes: 6;2017;Aired: Aug 31, 2017 - Sep 14, 2017;Original Network:;;Content Rating: Not Yet Rated;CheezeFilm Free (sub)
Title: I Want to Do It with You;Episodes: 8;2017;Aired: Dec  3, 2017 - Jan 21, 2018;Original Network:;;Content Rating: 15+ - Teens 15 or older;
Title: Three Sided Love;Episodes: 10;2017;Aired: Dec  4, 2017 - Jan  3, 2018;Original Network:;;Content Rating: Not Yet Rated;
Title: Ugly Miss Young Ae Season 16;Episodes: 16;2017;Aired: Dec  4, 2017 - Jan 23, 2018;Original Network:  tvN;;Content Rating: 15+ - Teens 15 or older;
Title: Jugglers;Episodes: 16;2017;Aired: Dec  4, 2017 - Jan 23, 2018;Original Network:  KBS2;;Content Rating: 15+ - Teens 15 or older;Viki Subscription (sub)           Wavve Subscription            Kocowa Subscription (sub)
Title: Smashing on Your Back;Episodes: 50;2017;Aired: Dec  4, 2017 - Mar  1, 2018;Original Network:  TV Chosun;;Content Rating: 15+ - Teens 15 or older;
Title: Happy Sisters;Episodes: 120;2017;Aired: Dec  4, 2017 - May 25, 2018;Original Network:  SBS;;Content Rating: 15+ - Teens 15 or older;
Title: Black Knight: The Man Who Guards Me;Episodes: 20;2017;Aired: Dec  6, 2017 - Feb  8, 2018;Original Network:  KBS2;;Content Rating: 15+ - Teens 15 or older;Netflix Subscription (sub)           Viki Subscription (sub)           Prime Video Subscription (sub)           Roku Subscription            Kocowa Subscription (sub)
Title: I'm Not a Robot;Episodes: 32;2017;Aired: Dec  6, 2017 - Jan 25, 2018;Original Network:  MBC;;Content Rating: 15+ - Teens 15 or older;Apple TV Free            Netflix Subscription (sub)           WeTV Free (sub)           Viki Subscription (sub)           HBO Max Subscription (sub)           Prime Video Subscription (sub)           Kocowa Subscription (sub)
Title: Luv Pub: Pilot;Episodes: 2;2017;Aired: Dec  7, 2017 - Dec  9, 2017;Original Network:;;Content Rating: Not Yet Rated;
Title: Oh My Grace;Episodes: 7;2017;Aired: Dec  8, 2017;Original Network:;;Content Rating: Not Yet Rated;
Title: The Most Beautiful Goodbye;Episodes: 4;2017;Aired: Dec  9, 2017 - Dec 17, 2017;Original Network:  tvN;;Content Rating: 15+ - Teens 15 or older;K-DRAMA Free (sub)
Title: The Best Moment to Quit Your Job;Episodes: 24;2017;Aired: Dec  9, 2017 - Jan 27, 2018;Original Network:  Oksusu,  Wavve;;Content Rating: 15+ - Teens 15 or older;
Title: Rain or Shine;Episodes: 16;2017;Aired: Dec 11, 2017 - Jan 30, 2018;Original Network:  jTBC;;Content Rating: 15+ - Teens 15 or older;Apple TV Subscription            Disney+ Hotstar Subscription (sub)           Netflix Subscription (sub)           WeTV Free (sub)           Viki Free (sub)           Prime Video Subscription (sub)           Kocowa Subscription (sub)
Title: Someday;Episodes: 10;2017;Aired: Dec 12, 2017 - Feb  6, 2018;Original Network:;;Content Rating: Not Yet Rated;AsianCrush Free (sub)
Title: Happy Talk Season 2;Episodes: 10;2017;Aired: Dec 12, 2017 - Jan 11, 2018;Original Network:  Naver TV Cast;;Content Rating: Not Yet Rated;
Title: Bad Guys: City of Evil;Episodes: 16;2017;Aired: Dec 16, 2017 - Feb  4, 2018;Original Network:  OCN;;Content Rating: 15+ - Teens 15 or older;Netflix Subscription (sub)           K-DRAMA Free (sub)
Title: Unexpected Heroes;Episodes: 10;2017;Aired: Dec 18, 2017 - Dec 29, 2017;Original Network:;;Content Rating: Not Yet Rated;Viki Subscription (sub)
Title: Hello, Stranger;Episodes: 2;2017;Aired: Dec 21, 2017 - Dec 23, 2017;Original Network:;;Content Rating: 13+ - Teens 13 or older;PlayList Global Free (sub)
Title: A Korean Odyssey;Episodes: 20;2017;Aired: Dec 23, 2017 - Mar  4, 2018;Original Network:  tvN;;Content Rating: 15+ - Teens 15 or older;Apple TV Free            Netflix Subscription (sub)           Viki Free (sub)           Tubi Free (sub)           Roku Free (sub)
Title: The Guys Who Dispose;Episodes: 8;2017;Aired: Dec 26, 2017 - Dec 29, 2017;Original Network:;;Content Rating: Not Yet Rated;
Title: Aim High;Episodes: 6;2017;Aired: Dec 28, 2017 - Jan  5, 2018;Original Network:  Naver TV Cast;;Content Rating: Not Yet Rated;
Title: 109 Strange Things;Episodes: 6;2017;Aired: Feb  1, 2017 - Feb 16, 2017;Original Network:  Naver TV Cast;;Content Rating: Not Yet Rated;
Title: Tomorrow with You;Episodes: 16;2017;Aired: Feb  3, 2017 - Mar 25, 2017;Original Network:  tvN;;Content Rating: 15+ - Teens 15 or older;Apple TV Subscription            Netflix Subscription (sub)           WeTV Free (sub)           Viki Free            iQIYI Free (sub)           Tubi Free (sub)           Roku Free (sub)           Prime Video Subscription (sub)
Title: The Woman Next Door, the Man Next Door;Episodes: 18;2017;Aired: Feb 10, 2017 - Apr 11, 2017;Original Network:;;Content Rating: Not Yet Rated;
Title: Vivid Romance;Episodes: 21;2017;Aired: Feb 16, 2017 - Mar  2, 2017;Original Network:  Naver TV Cast;;Content Rating: 15+ - Teens 15 or older;
Title: Super Family;Episodes: 40;2017;Aired: Feb 20, 2017 - Jul  3, 2017;Original Network:  SBS;;Content Rating: 13+ - Teens 13 or older;SBS World Free (sub)
Title: HOW-TO;Episodes: 12;2017;Aired: Feb 21, 2017 - Apr 27, 2017;Original Network:;;Content Rating: Not Yet Rated;
Title: Strong Girl Bong Soon;Episodes: 16;2017;Aired: Feb 24, 2017 - Apr 15, 2017;Original Network:  jTBC;;Content Rating: 15+ - Teens 15 or older;Apple TV Free            Disney+ Hotstar Subscription (sub)           Netflix Subscription (sub)           WeTV Free (sub)           Viki Subscription (sub)           iQIYI Free (sub)           Prime Video Subscription (sub)           TVING Subscription (sub)
Title: Trace of the Hand;Episodes: 17;2017;Aired: Feb 27, 2017;Original Network:  Naver TV Cast;;Content Rating: 13+ - Teens 13 or older;Viki Subscription (sub)
Title: TV Novel: A Sea of Her Own;Episodes: 120;2017;Aired: Feb 27, 2017 - Aug 12, 2017;Original Network:  KBS2;;Content Rating: 15+ - Teens 15 or older;
Title: Temperature: First;Episodes: 6;2017;Aired: Feb 27, 2017 - Mar 23, 2017;Original Network:;;Content Rating: Not Yet Rated;CheezeFilm Free (sub)
Title: Ms. Perfect;Episodes: 20;2017;Aired: Feb 27, 2017 - May  2, 2017;Original Network:  KBS2;;Content Rating: 15+ - Teens 15 or older;Viki Subscription (sub)           Kocowa Subscription
Title: Naked Fireman;Episodes: 4;2017;Aired: Jan 12, 2017 - Jan 19, 2017;Original Network:  KBS2;;Content Rating: 15+ - Teens 15 or older;Viki Free            Kocowa Subscription (sub)
Title: Voice;Episodes: 16;2017;Aired: Jan 14, 2017 - Mar 12, 2017;Original Network:  OCN;;Content Rating: 15+ - Teens 15 or older;Apple TV Subscription (sub)           iQIYI Free (sub)           Prime Video Subscription (sub)           Tubi Free (sub)           Roku Free (sub)
Title: Between Friends;Episodes: 8;2017;Aired: Jan 15, 2017 - 2017;Original Network:;;Content Rating: Not Yet Rated;
Title: Secret Crushes Season 3;Episodes: 22;2017;Aired: Jan 16, 2017 - Mar  6, 2017;Original Network:  Naver TV Cast;;Content Rating: Not Yet Rated;
Title: Introverted Boss;Episodes: 16;2017;Aired: Jan 16, 2017 - Mar 14, 2017;Original Network:  tvN;;Content Rating: 15+ - Teens 15 or older;Netflix Subscription (sub)           WeTV Free (sub)           Tubi Free (sub)
Title: A Touch on Your Cheek;Episodes: 12;2017;Aired: Jan 17, 2017 - Feb 10, 2017;Original Network:;;Content Rating: Not Yet Rated;
Title: Missing 9;Episodes: 16;2017;Aired: Jan 18, 2017 - Mar  9, 2017;Original Network:  MBC;;Content Rating: 15+ - Teens 15 or older;Netflix Subscription (sub)           Prime Video Subscription (sub)           Roku Subscription            Kocowa Subscription (sub)
Title: Moonlight Sonata;Episodes: 6;2017;Aired: Jan 21, 2017 - Feb  5, 2017;Original Network:;;Content Rating: Not Yet Rated;
Title: Defendant;Episodes: 18;2017;Aired: Jan 23, 2017 - Mar 21, 2017;Original Network:  SBS;;Content Rating: 15+ - Teens 15 or older;Netflix Subscription (sub)           Viki Subscription (sub)           SBS VOD Free            Kocowa Free (sub)
Title: Good Manager;Episodes: 20;2017;Aired: Jan 25, 2017 - Mar 30, 2017;Original Network:  KBS2;;Content Rating: 15+ - Teens 15 or older;Netflix Subscription (sub)           Viki Subscription (sub)           Prime Video Subscription (sub)           Roku Subscription            Kocowa Subscription (sub)
Title: The Universe’s Star;Episodes: 21;2017;Aired: Jan 26, 2017 - Feb  9, 2017;Original Network:  MBC,  Naver TV Cast;;Content Rating: 15+ - Teens 15 or older;
Title: Saimdang, Memoir of Colors;Episodes: 28;2017;Aired: Jan 26, 2017 - May  4, 2017;Original Network:  SBS;;Content Rating: 15+ - Teens 15 or older;Netflix Subscription (sub)           Viki Free (sub)           Prime Video Subscription (sub)           AsianCrush Free (sub)           Tubi Free (sub)           Roku Free (sub)
Title: The Rebel;Episodes: 30;2017;Aired: Jan 30, 2017 - May 16, 2017;Original Network:  MBC;;Content Rating: 15+ - Teens 15 or older;Netflix Subscription (sub)           Viki Subscription (sub)           Prime Video Subscription (sub)           Roku Subscription            Kocowa Subscription (sub)
Title: The Bride of Habaek;Episodes: 16;2017;Aired: Jul  3, 2017 - Aug 22, 2017;Original Network:  tvN;;Content Rating: 15+ - Teens 15 or older;Apple TV Free (sub)           Netflix Subscription (sub)           WeTV Free (sub)           Viki Free (sub)           iQIYI Free (sub)           K-DRAMA Free (sub)           Tubi Free (sub)           Roku Free (sub)           Prime Video Purchase (sub)
Title: First Love Story;Episodes: 6;2017;Aired: Jul  5, 2017 - Jul 23, 2017;Original Network:;;Content Rating: Not Yet Rated;
Title: Idol Fever;Episodes: 10;2017;Aired: Jul  7, 2017 - Jul 17, 2017;Original Network:;;Content Rating: Not Yet Rated;
Title: Flat;Episodes: 8;2017;Aired: Jul 14, 2017 - Aug 30, 2017;Original Network:;;Content Rating: G - All Ages;
Title: School 2017;Episodes: 16;2017;Aired: Jul 17, 2017 - Sep  5, 2017;Original Network:  KBS2;;Content Rating: 15+ - Teens 15 or older;Apple TV Subscription (sub)           Netflix Subscription (sub)           Viki Subscription (sub)           iQIYI Free (sub)           Kocowa Free (sub)
Title: The King in Love;Episodes: 40;2017;Aired: Jul 17, 2017 - Sep 19, 2017;Original Network:  MBC;;Content Rating: 15+ - Teens 15 or older;Apple TV Subscription (sub)           Viki Free (sub)           Kocowa Subscription (sub)
Title: Hong Ik Super;Episodes: 16;2017;Aired: Jul 18, 2017 - Aug  3, 2017;Original Network:  Naver TV Cast;;Content Rating: 15+ - Teens 15 or older;Apple TV Subscription            Viki Subscription (sub)           Kocowa Free (sub)
Title: Man Who Dies to Live;Episodes: 24;2017;Aired: Jul 19, 2017 - Aug 24, 2017;Original Network:  MBC;;Content Rating: 15+ - Teens 15 or older;Kocowa Subscription
Title: Reunited Worlds;Episodes: 40;2017;Aired: Jul 19, 2017 - Sep 21, 2017;Original Network:  SBS;;Content Rating: 15+ - Teens 15 or older;Apple TV Subscription (sub)           Netflix Subscription (sub)           Viki Subscription (sub)           SBS World Free            Prime Video Subscription (sub)           Kocowa Subscription
Title: Moment;Episodes: 10;2017;Aired: Jul 20, 2017 - Aug 20, 2017;Original Network:;;Content Rating: 13+ - Teens 13 or older;
Title: I Am...;Episodes: 6;2017;Aired: Jul 24, 2017 - Jul 29, 2017;Original Network:  Naver TV Cast;;Content Rating: 13+ - Teens 13 or older;Viki Subscription (sub)           Emotional Click Free (sub)           AsianCrush Subscription (sub)
Title: Distorted;Episodes: 32;2017;Aired: Jul 24, 2017 - Sep 12, 2017;Original Network:  SBS;;Content Rating: 15+ - Teens 15 or older;Netflix Subscription            SBS World Free (sub)           Kocowa Free (sub)
Title: Fork You Boss;Episodes: 7;2017;Aired: Jul 26, 2017 - Sep 10, 2017;Original Network:;;Content Rating: Not Yet Rated;Lululala Story Lab Free            Studio LuluLala Free (sub)
Title: Criminal Minds;Episodes: 20;2017;Aired: Jul 26, 2017 - Sep 28, 2017;Original Network:  tvN;;Content Rating: 15+ - Teens 15 or older;WeTV Free (sub)           iQIYI Free (sub)
Title: Brain, Your Choice of Romance;Episodes: 10;2017;Aired: Jul 29, 2017 - Aug 27, 2017;Original Network:  Naver TV Cast;;Content Rating: Not Yet Rated;
Title: People You May Know;Episodes: 10;2017;Aired: Jul 31, 2017 - Aug 11, 2017;Original Network:  jTBC,  Naver TV Cast;;Content Rating: 15+ - Teens 15 or older;iflix Free (sub)
Title: Love is Actually With You;Episodes: 4;2017;Aired: Jun  1, 2017;Original Network:;;Content Rating: 13+ - Teens 13 or older;AsianCrush Free (sub)
Title: Hit the Top;Episodes: 32;2017;Aired: Jun  2, 2017 - Jul 22, 2017;Original Network:  KBS2;;Content Rating: 15+ - Teens 15 or older;Apple TV Free            Netflix Subscription (sub)           Viki Free (sub)           Kocowa Subscription (sub)
Title: Duel;Episodes: 16;2017;Aired: Jun  3, 2017 - Jul 23, 2017;Original Network:  OCN;;Content Rating: Not Yet Rated;Apple TV Subscription (sub)           Tubi Free (sub)           Prime Video Subscription            Roku Free
Title: Monthly Sympathy;Episodes: 5;2017;Aired: Jun  4, 2017 - Jul 15, 2017;Original Network:;;Content Rating: Not Yet Rated;
Title: Sisters-in-Law;Episodes: 100;2017;Aired: Jun  5, 2017 - Nov 14, 2017;Original Network:  MBC;;Content Rating: 15+ - Teens 15 or older;
Title: My Only Love Song;Episodes: 20;2017;Aired: Jun  9, 2017;Original Network:;;Content Rating: 15+ - Teens 15 or older;Netflix Subscription (sub)
Title: Stranger;Episodes: 16;2017;Aired: Jun 10, 2017 - Jul 30, 2017;Original Network:  tvN;;Content Rating: 15+ - Teens 15 or older;Disney+ Hotstar Subscription (sub)           Netflix Subscription (sub)           iQIYI Free (sub)           Prime Video Subscription (sub)
Title: Sweet Enemy;Episodes: 124;2017;Aired: Jun 12, 2017 - Dec  1, 2017;Original Network:  SBS;;Content Rating: 15+ - Teens 15 or older;
Title: Supernatural;Episodes: 12;2017;Aired: Jun 14, 2017;Original Network:;;Content Rating: Not Yet Rated;
Title: The Lady in Dignity;Episodes: 20;2017;Aired: Jun 16, 2017 - Aug 19, 2017;Original Network:  jTBC;;Content Rating: 15+ - Teens 15 or older;Netflix Subscription (sub)           Prime Video Subscription (sub)           Roku Subscription            Kocowa Subscription (sub)
Title: If;Episodes: 7;2017;Aired: Jun 17, 2017 - Sep  1, 2018;Original Network:;;Content Rating: Not Yet Rated;
Title: Let's Only Walk The Flower Road;Episodes: 8;2017;Aired: Jun 26, 2017 - Jul  3, 2017;Original Network:;;Content Rating: Not Yet Rated;KBS World Free (sub)           Kocowa Subscription
Title: The Sensible Life of Director Shin;Episodes: 8;2017;Aired: Jun 26, 2017 - Jul 17, 2017;Original Network:;;Content Rating: Not Yet Rated;AsianCrush Free (sub)           72sec TV Free (sub)
Title: Love Playlist Season 2;Episodes: 12;2017;Aired: Jun 29, 2017 - Aug 12, 2017;Original Network:  Naver TV Cast,  vLive;;Content Rating: 15+ - Teens 15 or older;WeTV Free (sub)           PlayList Global Free
Title: First Love Story Pilot;Episodes: 2;2017;Aired: Jun 30, 2017;Original Network:;;Content Rating: Not Yet Rated;
Title: Swan;Episodes: 18;2017;Aired: Mar  1, 2017;Original Network:;;Content Rating: Not Yet Rated;
Title: You're Too Much;Episodes: 50;2017;Aired: Mar  4, 2017 - Aug 27, 2017;Original Network:  MBC;;Content Rating: 15+ - Teens 15 or older;Kocowa Free (sub)
Title: My Father Is Strange;Episodes: 52;2017;Aired: Mar  4, 2017 - Aug 27, 2017;Original Network:  KBS2;;Content Rating: 15+ - Teens 15 or older;Apple TV Free (sub)           Viki Subscription (sub)           KBS World Free (sub)           Prime Video Subscription (sub)           Roku Subscription            Kocowa Subscription (sub)
Title: Love Security;Episodes: 9;2017;Aired: Mar  5, 2017 - Mar 21, 2017;Original Network:  Naver TV Cast;;Content Rating: Not Yet Rated;AsianCrush Free (sub)
Title: Queen of the Ring;Episodes: 21;2017;Aired: Mar  6, 2017 - Mar 24, 2017;Original Network:  Naver TV Cast;;Content Rating: 15+ - Teens 15 or older;
Title: Love Playlist Pilot;Episodes: 2;2017;Aired: Mar  9, 2017;Original Network:;;Content Rating: 15+ - Teens 15 or older;PlayList Global Free (sub)
Title: Love Playlist;Episodes: 8;2017;Aired: Mar  9, 2017 - Apr  1, 2017;Original Network:  Naver TV Cast,  vLive;;Content Rating: 15+ - Teens 15 or older;WeTV Free (sub)           PlayList Global Free
Title: Our Love Story;Episodes: 8;2017;Aired: Mar 13, 2017 - Jun 16, 2017;Original Network:;;Content Rating: Not Yet Rated;Dingo K-Drama Free
Title: Radiant Office;Episodes: 16;2017;Aired: Mar 15, 2017 - May  4, 2017;Original Network:  MBC;;Content Rating: 15+ - Teens 15 or older;Kocowa Subscription (sub)
Title: My Neighbor Soo Jung;Episodes: 6;2017;Aired: Mar 16, 2017 - Apr  6, 2017;Original Network:  Naver TV Cast;;Content Rating: Not Yet Rated;
Title: 3 AM;Episodes: 6;2017;Aired: Mar 18, 2017 - Apr 22, 2017;Original Network:  Naver TV Cast;;Content Rating: Not Yet Rated;
Title: The Liar and His Lover;Episodes: 16;2017;Aired: Mar 20, 2017 - May  9, 2017;Original Network:  tvN;;Content Rating: 15+ - Teens 15 or older;WeTV Free (sub)           Viki Free (sub)           iQIYI Free (sub)           K-DRAMA Free (sub)           Tubi Free (sub)           Roku Free
Title: Drink, Sing and Dance;Episodes: 10;2017;Aired: Mar 24, 2017;Original Network:;;Content Rating: Not Yet Rated;
Title: Mask;Episodes: 10;2017;Aired: Mar 24, 2017 - Apr  5, 2017;Original Network:  Naver TV Cast;;Content Rating: Not Yet Rated;Apple TV Subscription            Kocowa Free (sub)
Title: Tunnel;Episodes: 16;2017;Aired: Mar 25, 2017 - May 21, 2017;Original Network:  OCN;;Content Rating: 15+ - Teens 15 or older;Apple TV Subscription (sub)           Netflix Subscription (sub)           WeTV Free (sub)           Viki Free            Tubi Free (sub)           Roku Free (sub)           Prime Video Subscription
Title: Girl’s War;Episodes: 14;2017;Aired: Mar 27, 2017;Original Network:;;Content Rating: 13+ - Teens 13 or older;Viki Subscription (sub)
Title: Green Fever;Episodes: 12;2017;Aired: Mar 27, 2017;Original Network:  Naver TV Cast;;Content Rating: Not Yet Rated;Kocowa Free (sub)
Title: Fortuneteller’s Secret Recipe;Episodes: 3;2017;Aired: Mar 27, 2017;Original Network:  Naver TV Cast;;Content Rating: 13+ - Teens 13 or older;Viki Subscription (sub)
Title: Whisper;Episodes: 17;2017;Aired: Mar 27, 2017 - May 23, 2017;Original Network:  SBS;;Content Rating: 15+ - Teens 15 or older;Viki Subscription (sub)           SBS World Free            Prime Video Subscription (sub)           Roku Subscription            Kocowa Subscription
Title: Please Find Her;Episodes: 14;2017;Aired: Mar 31, 2017 - Jun 30, 2017;Original Network:  KBS2;;Content Rating: G - All Ages;KBS World Free
Title: The Birth of a Pro;Episodes: 5;2017;Aired: May  8, 2017 - Jun 11, 2017;Original Network:;;Content Rating: Not Yet Rated;
Title: The Emperor: Owner of the Mask;Episodes: 40;2017;Aired: May 10, 2017 - Jul 13, 2017;Original Network:  MBC;;Content Rating: 15+ - Teens 15 or older;Netflix Subscription            Kocowa Subscription (sub)
Title: Suspicious Partner;Episodes: 40;2017;Aired: May 10, 2017 - Jul 13, 2017;Original Network:  SBS;;Content Rating: 15+ - Teens 15 or older;Apple TV Subscription (sub)           Netflix Subscription (sub)           WeTV Free (sub)           Viki Subscription (sub)           iQIYI Free (sub)           SBS World Free (sub)           Prime Video Subscription (sub)           Roku Subscription            Kocowa Subscription (sub)
Title: The Good Thieves;Episodes: 50;2017;Aired: May 13, 2017 - Nov  5, 2017;Original Network:  MBC;;Content Rating: 15+ - Teens 15 or older;Prime Video Subscription (sub)           Kocowa Subscription
Title: Return of Fortunate Bok;Episodes: 122;2017;Aired: May 15, 2017 - Nov 24, 2017;Original Network:  MBC;;Content Rating: 15+ - Teens 15 or older;
Title: Happy Talk;Episodes: 6;2017;Aired: May 18, 2017 - Jun  2, 2017;Original Network:  Naver TV Cast;;Content Rating: Not Yet Rated;
Title: The Guardians;Episodes: 32;2017;Aired: May 22, 2017 - Jul 11, 2017;Original Network:  MBC;;Content Rating: 15+ - Teens 15 or older;Netflix Subscription (sub)           Kocowa Free (sub)
Title: Fight for My Way;Episodes: 16;2017;Aired: May 22, 2017 - Jul 11, 2017;Original Network:  KBS2;;Content Rating: 15+ - Teens 15 or older;Apple TV Free            Netflix Subscription (sub)           WeTV Free (sub)           Viki Subscription (sub)           iflix Free            Prime Video Subscription (sub)           Roku Subscription            Kocowa Free (sub)
Title: Crow Building;Episodes: 11;2017;Aired: May 22, 2017 - Jun 14, 2017;Original Network:;;Content Rating: Not Yet Rated;
Title: Circle;Episodes: 12;2017;Aired: May 22, 2017 - Jun 27, 2017;Original Network:  tvN;;Content Rating: 15+ - Teens 15 or older;Apple TV Subscription (sub)           Tubi Free (sub)           Prime Video Subscription (sub)           Roku Free (sub)
Title: A Special Meal of the Weirdo 'Nara';Episodes: 4;2017;Aired: May 26, 2017 - Jun  7, 2017;Original Network:;;Content Rating: 13+ - Teens 13 or older;
Title: Wharf Roach;Episodes: 4;2017;Aired: May 26, 2017 - May 30, 2017;Original Network:;;Content Rating: Not Yet Rated;
Title: My Sassy Girl;Episodes: 32;2017;Aired: May 29, 2017 - Jul 18, 2017;Original Network:  SBS;;Content Rating: G - All Ages;Apple TV Subscription            Netflix Subscription (sub)           Viki Free (sub)           SBS World Free (sub)           Tubi Free (sub)           Roku Free (sub)           Prime Video Purchase (sub)           Kocowa Subscription (sub)
Title: Lovers in Bloom;Episodes: 120;2017;Aired: May 29, 2017 - Nov 10, 2017;Original Network:  KBS1;;Content Rating: 15+ - Teens 15 or older;KBS World Free (sub)
Title: Queen for Seven Days;Episodes: 20;2017;Aired: May 31, 2017 - Aug  3, 2017;Original Network:  KBS2;;Content Rating: 15+ - Teens 15 or older;Apple TV Free (sub)           Netflix Subscription (sub)           Viki Subscription (sub)           Prime Video Subscription (sub)           Roku Subscription (sub)           Kocowa Free (sub)
Title: Wednesday 3:30 PM;Episodes: 15;2017;Aired: May 31, 2017 - Jun 14, 2017;Original Network:  Oksusu;;Content Rating: 15+ - Teens 15 or older;Viki Free (sub)
Title: 10000 Ways to Become a Couple;Episodes: 5;2017;Aired: May 31, 2017 - Mar  7, 2018;Original Network:;;Content Rating: Not Yet Rated;Prime Video Purchase (sub)
Title: Yeonbalman;Episodes: 4;2017;Aired: May 31, 2017 - Mar 13, 2019;Original Network:;;Content Rating: Not Yet Rated;
Title: Love Intern Choi Woo Sung;Episodes: 6;2017;Aired: Nov  1, 2017 - Nov 16, 2017;Original Network:;;Content Rating: Not Yet Rated;Vanilasee Free (sub)
Title: Meloholic;Episodes: 10;2017;Aired: Nov  6, 2017 - Dec  5, 2017;Original Network:  OCN,  Oksusu;;Content Rating: 15+ - Teens 15 or older;
Title: Calm Down Cheon Doong;Episodes: 24;2017;Aired: Nov  8, 2017 - Jan  4, 2018;Original Network:;;Content Rating: Not Yet Rated;
Title: Money Flower;Episodes: 24;2017;Aired: Nov 11, 2017 - Feb  3, 2018;Original Network:  MBC;;Content Rating: 15+ - Teens 15 or older;Viki Subscription (sub)           Prime Video Subscription (sub)           Roku Subscription            Kocowa Free (sub)
Title: Mr. Hashtag Season 2;Episodes: 8;2017;Aired: Nov 12, 2017 - Nov 28, 2017;Original Network:;;Content Rating: Not Yet Rated;72sec TV Free (sub)
Title: Backflow;Episodes: 119;2017;Aired: Nov 13, 2017 - Apr 26, 2018;Original Network:  MBC;;Content Rating: 15+ - Teens 15 or older;
Title: Love Returns;Episodes: 120;2017;Aired: Nov 13, 2017 - May  4, 2018;Original Network:  KBS1;;Content Rating: 15+ - Teens 15 or older;KBS World Free (sub)
Title: Listen to Her Heart;Episodes: 5;2017;Aired: Nov 20, 2017 - Nov 24, 2017;Original Network:;;Content Rating: Not Yet Rated;
Title: Judge vs. Judge;Episodes: 32;2017;Aired: Nov 22, 2017 - Jan 11, 2018;Original Network:  SBS;;Content Rating: 15+ - Teens 15 or older;Netflix Subscription (sub)           Viki Subscription (sub)           SBS World Free (sub)           Prime Video Subscription (sub)           Roku Subscription            Kocowa Subscription (sub)
Title: Prison Playbook;Episodes: 16;2017;Aired: Nov 22, 2017 - Jan 18, 2018;Original Network:  tvN;;Content Rating: 15+ - Teens 15 or older;Disney+ Hotstar Subscription (sub)           Netflix Subscription (sub)           iQIYI Free (sub)           Prime Video Subscription (sub)
Title: Revive Hope, Mister Go Yong;Episodes: 5;2017;Aired: Nov 23, 2017 - Dec 19, 2017;Original Network:;;Content Rating: Not Yet Rated;
Title: Not Alright, But It's Alright: Pilot;Episodes: 2;2017;Aired: Nov 23, 2017 - Nov 25, 2017;Original Network:;;Content Rating: Not Yet Rated;
Title: Untouchable;Episodes: 16;2017;Aired: Nov 24, 2017 - Jan 20, 2018;Original Network:  jTBC;;Content Rating: 15+ - Teens 15 or older;Disney+ Hotstar Subscription (sub)           Viki Free (sub)
Title: Part-Time Idol;Episodes: 5;2017;Aired: Nov 27, 2017;Original Network:  SBS;;Content Rating: 15+ - Teens 15 or older;Netflix Subscription (sub)
Title: Two Cops;Episodes: 32;2017;Aired: Nov 27, 2017 - Jan 16, 2018;Original Network:  MBC;;Content Rating: 15+ - Teens 15 or older;Apple TV Subscription (sub)           Netflix Subscription (sub)           Kocowa Free (sub)
Title: Oh, the Mysterious;Episodes: 40;2017;Aired: Nov 27, 2017 - Jan 30, 2018;Original Network:  SBS;;Content Rating: 15+ - Teens 15 or older;SBS World Free (sub)           Kocowa Subscription (sub)
Title: Enemies from the Past;Episodes: 123;2017;Aired: Nov 27, 2017 - Jun  1, 2018;Original Network:  MBC;;Content Rating: 15+ - Teens 15 or older;
Title: Love after School;Episodes: 8;2017;Aired: Nov 28, 2017 - Jan 16, 2018;Original Network:;;Content Rating: 13+ - Teens 13 or older;STUDIO DIA Free (sub)
Title: Detective Gonhwan;Episodes: 7;2017;Aired: Oct  3, 2017 - Oct 28, 2017;Original Network:;;Content Rating: 13+ - Teens 13 or older;AsianCrush Free (sub)
Title: 20th Century Boy and Girl;Episodes: 32;2017;Aired: Oct  9, 2017 - Nov 28, 2017;Original Network:  MBC;;Content Rating: 15+ - Teens 15 or older;Kocowa Subscription (sub)
Title: Witch's Court;Episodes: 16;2017;Aired: Oct  9, 2017 - Nov 28, 2017;Original Network:  KBS2;;Content Rating: 15+ - Teens 15 or older;Apple TV Subscription (sub)           Netflix Subscription (sub)           KBS World Free (sub)           Kocowa Free (sub)
Title: Because This Is My First Life;Episodes: 16;2017;Aired: Oct  9, 2017 - Nov 28, 2017;Original Network:  tvN;;Content Rating: 15+ - Teens 15 or older;Apple TV Free            Disney+ Hotstar Subscription (sub)           Netflix Subscription (sub)           WeTV Free (sub)           Viki Free (sub)           iQIYI Free (sub)           K-DRAMA Free (sub)           Tubi Free (sub)           Roku Free (sub)           Prime Video Subscription (sub)
Title: The Blue Sea;Episodes: 5;2017;Aired: Oct  9, 2017 - Oct 13, 2017;Original Network:;;Content Rating: Not Yet Rated;Viki Subscription (sub)           AsianCrush Free (sub)           Kocowa Subscription
Title: Avengers Social Club;Episodes: 12;2017;Aired: Oct 11, 2017 - Nov 16, 2017;Original Network:  tvN;;Content Rating: 15+ - Teens 15 or older;Apple TV Subscription (sub)           Tubi Free (sub)
Title: Mad Dog;Episodes: 16;2017;Aired: Oct 11, 2017 - Nov 30, 2017;Original Network:  KBS2;;Content Rating: 15+ - Teens 15 or older;Apple TV Free            Netflix Subscription (sub)           Viki Subscription (sub)           Prime Video Subscription (sub)           Kocowa Free (sub)
Title: Fake: I Am Nothing, I Am Everything;Episodes: 9;2017;Aired: Oct 11, 2017 - Oct 30, 2017;Original Network:;;Content Rating: Not Yet Rated;
Title: The Package;Episodes: 12;2017;Aired: Oct 13, 2017 - Nov 18, 2017;Original Network:  jTBC;;Content Rating: 15+ - Teens 15 or older;Disney+ Hotstar Subscription (sub)           Netflix Subscription            WeTV Free            Viki Free (sub)           Tubi Free (sub)           TVING Subscription            Prime Video Subscription (sub)           Roku Subscription            Kocowa Subscription (sub)
Title: Couple on the Backtrack;Episodes: 12;2017;Aired: Oct 13, 2017 - Nov 18, 2017;Original Network:  KBS2;;Content Rating: 15+ - Teens 15 or older;Netflix Subscription (sub)           Viki Subscription (sub)           iQIYI Free (sub)           Prime Video Subscription (sub)           Kocowa Subscription (sub)
Title: Revolutionary Love;Episodes: 16;2017;Aired: Oct 14, 2017 - Dec  3, 2017;Original Network:  tvN;;Content Rating: 15+ - Teens 15 or older;Apple TV Free            Netflix Subscription (sub)           WeTV Free (sub)           iQIYI Free (sub)           iflix Subscription            Roku Free            Tubi Free
Title: Black;Episodes: 18;2017;Aired: Oct 14, 2017 - Dec 10, 2017;Original Network:  OCN;;Content Rating: 15+ - Teens 15 or older;Apple TV Subscription            iQIYI Free (sub)           Netflix Subscription            Roku Free            Tubi Free (sub)           Prime Video Subscription (sub)
Title: Oh! Dear Half-Basement Goddesses;Episodes: 10;2017;Aired: Oct 19, 2017 - Nov 16, 2017;Original Network:  On Style;;Content Rating: Not Yet Rated;iflix Subscription (sub)
Title: We Are Peaceful Brothers;Episodes: 15;2017;Aired: Oct 20, 2017 - Dec  8, 2017;Original Network:  Naver TV Cast;;Content Rating: Not Yet Rated;KOK TV Free
Title: Bravo My Life;Episodes: 56;2017;Aired: Oct 21, 2017 - Feb  3, 2018;Original Network:  SBS;;Content Rating: 15+ - Teens 15 or older;Apple TV Subscription (sub)           Viki Subscription (sub)           SBS World Free (sub)           Prime Video Subscription (sub)           Roku Subscription            Kocowa Subscription (sub)
Title: Why We Take Pictures;Episodes: 11;2017;Aired: Oct 21, 2017 - Jan  6, 2018;Original Network:;;Content Rating: Not Yet Rated;
Title: 3 AM Season 2;Episodes: 6;2017;Aired: Oct 22, 2017 - Nov 25, 2017;Original Network:  Naver TV Cast;;Content Rating: Not Yet Rated;
Title: Last Minute Romance;Episodes: 10;2017;Aired: Oct 23, 2017 - Nov  3, 2017;Original Network:  jTBC,  Naver TV Cast;;Content Rating: 15+ - Teens 15 or older;iflix Free
Title: Romance Special Law;Episodes: 6;2017;Aired: Oct 24, 2017 - Nov  9, 2017;Original Network:  Naver TV Cast;;Content Rating: 15+ - Teens 15 or older;Viki Subscription (sub)           Kocowa Free (sub)
Title: Some Light;Episodes: 6;2017;Aired: Oct 25, 2017 - Nov  2, 2017;Original Network:;;Content Rating: 15+ - Teens 15 or older;Kocowa Free (sub)
Title: Sweet Revenge;Episodes: 22;2017;Aired: Oct 27, 2017 - Jan  5, 2018;Original Network:  Oksusu;;Content Rating: 13+ - Teens 13 or older;Apple TV Free            Viki Free (sub)           AsianCrush Free (sub)           Tubi Free (sub)
Title: Goblin's Light;Episodes: 3;2017;Aired: Oct 30, 2017 - Nov 13, 2017;Original Network:  Naver TV Cast;;Content Rating: Not Yet Rated;
Title: My Golden Life;Episodes: 52;2017;Aired: Sep  2, 2017 - Mar 11, 2018;Original Network:  KBS2;;Content Rating: 15+ - Teens 15 or older;Apple TV Free            Netflix Subscription (sub)           Viki Subscription (sub)           KBS World Free            Prime Video Subscription (sub)           Roku Subscription            Kocowa Subscription (sub)
Title: Man Who Sets the Table;Episodes: 50;2017;Aired: Sep  2, 2017 - Mar 18, 2018;Original Network:  MBC;;Content Rating: 15+ - Teens 15 or older;Kocowa Free (sub)
Title: Unwrap the Age of 13;Episodes: 27;2017;Aired: Sep  4, 2017 - May 18, 2018;Original Network:  Naver TV Cast;;Content Rating: Not Yet Rated;
Title: Argon;Episodes: 8;2017;Aired: Sep  4, 2017 - Sep 26, 2017;Original Network:  tvN;;Content Rating: 15+ - Teens 15 or older;Netflix Subscription (sub)           Tubi Free            Roku Free
Title: Take Care Of The Goddess;Episodes: 8;2017;Aired: Sep  5, 2017;Original Network:  Naver TV Cast;;Content Rating: Not Yet Rated;
Title: Boys Dormitory;Episodes: 2;2017;Aired: Sep  6, 2017 - Sep  9, 2017;Original Network:;;Content Rating: G - All Ages;
Title: Girls' Generation 1979;Episodes: 8;2017;Aired: Sep 11, 2017 - Oct  3, 2017;Original Network:  KBS2;;Content Rating: 15+ - Teens 15 or older;KBS World Free (sub)           Kocowa Subscription
Title: Magic School;Episodes: 16;2017;Aired: Sep 11, 2017 - Oct  6, 2017;Original Network:  jTBC,  Naver TV Cast;;Content Rating: 15+ - Teens 15 or older;TVING Subscription
Title: Devil Inspector;Episodes: 9;2017;Aired: Sep 12, 2017 - Sep 28, 2017;Original Network:  Naver TV Cast;;Content Rating: Not Yet Rated;Viki Free (sub)
Title: Borg Mom;Episodes: 22;2017;Aired: Sep 15, 2017 - Dec  1, 2017;Original Network:  MBC;;Content Rating: 15+ - Teens 15 or older;Kocowa Subscription (sub)
Title: The Secret of My Love;Episodes: 100;2017;Aired: Sep 18, 2017 - Feb  9, 2018;Original Network:  KBS2;;Content Rating: 15+ - Teens 15 or older;KBS World Free
Title: Temperature of Love;Episodes: 40;2017;Aired: Sep 18, 2017 - Nov 21, 2017;Original Network:  SBS;;Content Rating: 15+ - Teens 15 or older;Apple TV Subscription (sub)           Netflix Subscription            Viki Subscription (sub)           SBS World Free (sub)           Kocowa Subscription (sub)
Title: Yellow;Episodes: 10;2017;Aired: Sep 21, 2017 - Oct 21, 2017;Original Network:  Naver TV Cast;;Content Rating: 13+ - Teens 13 or older;WeTV Free (sub)           PlayList Global Free            Viki Subscription (sub)           Kocowa Subscription
Title: Man in the Shower;Episodes: 8;2017;Aired: Sep 22, 2017 - Oct 12, 2017;Original Network:;;Content Rating: Not Yet Rated;AsianCrush Free (sub)           Tubi Free (sub)           72sec TV Free (sub)
Title: Andante;Episodes: 16;2017;Aired: Sep 24, 2017 - Jan  7, 2018;Original Network:  KBS1;;Content Rating: 15+ - Teens 15 or older;Viki Free (sub)           Tubi Free (sub)           Prime Video Subscription (sub)           Roku Free (sub)
Title: Dream Change Laundromat;Episodes: 10;2017;Aired: Sep 25, 2017 - Oct 26, 2017;Original Network:  Naver TV Cast;;Content Rating: 13+ - Teens 13 or older;Prime Video Ppv (sub)
Title: While You Were Sleeping;Episodes: 32;2017;Aired: Sep 27, 2017 - Nov 16, 2017;Original Network:  SBS;;Content Rating: 15+ - Teens 15 or older;Apple TV Free (sub)           Netflix Subscription (sub)           WeTV Free (sub)           Viki Subscription (sub)           iQIYI Free (sub)           Hulu Subscription (sub)           iflix Free (sub)           Kocowa Subscription (sub)
Title: Miracle That We Met;Episodes: 18;2018;Aired: Apr  2, 2018 - May 29, 2018;Original Network:  KBS2;;Content Rating: 15+ - Teens 15 or older;Viki Free (sub)           Kocowa Subscription
Title: Crushes Reverse;Episodes: 8;2018;Aired: Apr  4, 2018 - May 23, 2018;Original Network:  Naver TV Cast;;Content Rating: Not Yet Rated;
Title: Shall We Link Season 2;Episodes: 6;2018;Aired: Apr  7, 2018 - Apr 21, 2018;Original Network:;;Content Rating: Not Yet Rated;
Title: City's Night, Star;Episodes: 8;2018;Aired: Apr  7, 2018 - May 15, 2018;Original Network:;;Content Rating: G - All Ages;
Title: The Temperature of My House;Episodes: 3;2018;Aired: Apr 12, 2018 - Aug 10, 2018;Original Network:;;Content Rating: Not Yet Rated;
Title: Sweaty House;Episodes: 8;2018;Aired: Apr 12, 2018 - Jun 25, 2018;Original Network:;;Content Rating: Not Yet Rated;
Title: Best Teamwork;Episodes: 7;2018;Aired: Apr 13, 2018 - Apr 30, 2018;Original Network:;;Content Rating: Not Yet Rated;
Title: Room Of Her Own;Episodes: 9;2018;Aired: Apr 17, 2018 - May 11, 2018;Original Network:;;Content Rating: Not Yet Rated;
Title: Suits;Episodes: 16;2018;Aired: Apr 25, 2018 - Jun 14, 2018;Original Network:  KBS2;;Content Rating: 15+ - Teens 15 or older;Netflix Subscription (sub)           Tubi Free (sub)
Title: Mistress;Episodes: 12;2018;Aired: Apr 28, 2018 - Jun  3, 2018;Original Network:  OCN;;Content Rating: 18+ Restricted (violence & profanity);Apple TV Subscription            Viki Free
Title: Familiar Wife;Episodes: 16;2018;Aired: Aug  1, 2018 - Sep 20, 2018;Original Network:  tvN;;Content Rating: 15+ - Teens 15 or older;Apple TV Subscription            Netflix Subscription (sub)           WeTV Free (sub)           iQIYI Free (sub)           Prime Video Subscription (sub)           Viki Free (sub)           Tubi Free (sub)
Title: Remember, Hari;Episodes: 12;2018;Aired: Aug  2, 2018 - Sep  7, 2018;Original Network:  Tooniverse;;Content Rating: 13+ - Teens 13 or older;WeTV Free (sub)           Tooniverse Free (sub)
Title: Feel It, Genie;Episodes: 6;2018;Aired: Aug  3, 2018 - Sep  7, 2018;Original Network:  Genie TV;;Content Rating: Not Yet Rated;
Title: Doo Teob's Pretty Easy School Life;Episodes: 8;2018;Aired: Aug  9, 2018 - Sep  1, 2018;;;Content Rating: Not Yet Rated;Lululala Story Lab Free            Studio LuluLala Free
Title: No Time for Love;Episodes: 8;2018;Aired: Aug  9, 2018 - Sep  1, 2018;Original Network:  Naver TV Cast;;Content Rating: Not Yet Rated;Dingo K-Drama Free
Title: Travel Through Romance Season 2;Episodes: 8;2018;Aired: Aug 10, 2018 - Sep  4, 2018;Original Network:  Naver TV Cast;;Content Rating: Not Yet Rated;
Title: Voice Season 2: Generation of Disgust;Episodes: 12;2018;Aired: Aug 11, 2018 - Sep 16, 2018;Original Network:  OCN;;Content Rating: 15+ - Teens 15 or older;Apple TV Subscription (sub)           Netflix Subscription (sub)           Prime Video Subscription (sub)           Tubi Free (sub)           Roku Free (sub)
Title: Lovely Horribly;Episodes: 32;2018;Aired: Aug 13, 2018 - Oct  2, 2018;Original Network:  KBS2;;Content Rating: 15+ - Teens 15 or older;Netflix Subscription (sub)           Viki Subscription (sub)           Prime Video Subscription (sub)           Roku Subscription            Kocowa Subscription (sub)
Title: Sweet Revenge Season 2;Episodes: 32;2018;Aired: Aug 13, 2018 - Oct  9, 2018;Original Network:  XtvN;;Content Rating: 15+ - Teens 15 or older;Viki Free (sub)           AsianCrush Free (sub)           Tubi Free (sub)
Title: The Light of History, Youth;Episodes: 10;2018;Aired: Aug 15, 2018 - Nov  5, 2019;Original Network:  EBS;;Content Rating: Not Yet Rated;
Title: Society Obsessed with Love;Episodes: 5;2018;Aired: Aug 20, 2018 - Sep  4, 2018;Original Network:;;Content Rating: G - All Ages;tvN D STORY Free (sub)
Title: Hide and Seek;Episodes: 48;2018;Aired: Aug 25, 2018 - Nov 17, 2018;Original Network:  MBC;;Content Rating: 15+ - Teens 15 or older;Apple TV Subscription (sub)           Kocowa Subscription
Title: A Rainy Day;Episodes: 3;2018;Aired: Aug 28, 2018 - Sep  4, 2018;Original Network:;;Content Rating: Not Yet Rated;
Title: No Choice But To Meet You;Episodes: 18;2018;Aired: Aug 29, 2018 - Jan  2, 2019;Original Network:  Naver TV Cast;;Content Rating: Not Yet Rated;
Title: MU:D Vol. 1;Episodes: 4;2018;Aired: Aug 29, 2018 - Sep  3, 2018;Original Network:;;Content Rating: Not Yet Rated;
Title: Go, Back Diary;Episodes: 4;2018;Aired: Aug 30, 2018 - Sep  8, 2018;Original Network:  Naver TV Cast,  vLive;;Content Rating: Not Yet Rated;PlayList Global Free
Title: Login to You;Episodes: 3;2018;Aired: Dec  1, 2018 - Dec  8, 2018;Original Network:  Naver TV Cast;;Content Rating: 13+ - Teens 13 or older;
Title: Coffee, Do Me a Favor;Episodes: 12;2018;Aired: Dec  1, 2018 - Dec 30, 2018;Original Network:  Channel A;;Content Rating: 13+ - Teens 13 or older;Viki Free (sub)
Title: Fates & Furies;Episodes: 40;2018;Aired: Dec  1, 2018 - Feb  9, 2019;Original Network:  SBS;;Content Rating: 15+ - Teens 15 or older;Viki Free (sub)           Kocowa Subscription (sub)
Title: Memories of the Alhambra;Episodes: 16;2018;Aired: Dec  1, 2018 - Jan 20, 2019;Original Network:  tvN;;Content Rating: 15+ - Teens 15 or older;Netflix Subscription (sub)
Title: The Sound of Your Heart: Reboot Season 2;Episodes: 10;2018;Aired: Dec  3, 2018;Original Network:  Netflix;;Content Rating: 15+ - Teens 15 or older;Netflix Subscription
Title: Just Dance;Episodes: 16;2018;Aired: Dec  3, 2018 - Dec 25, 2018;Original Network:  KBS2;;Content Rating: 13+ - Teens 13 or older;KBS World Free (sub)           Kocowa Subscription
Title: Less Than Evil;Episodes: 32;2018;Aired: Dec  3, 2018 - Jan 29, 2019;Original Network:  MBC;;Content Rating: 18+ Restricted (violence & profanity);Viki Subscription (sub)           Kocowa Subscription
Title: Natural Romance;Episodes: 5;2018;Aired: Dec  4, 2018;Original Network:;;Content Rating: Not Yet Rated;
Title: When Life Gives You Lemons;Episodes: 6;2018;Aired: Dec  4, 2018 - Jan  8, 2019;Original Network:;;Content Rating: G - All Ages;
Title: Drama Made with You;Episodes: 4;2018;Aired: Dec  7, 2018 - Dec 28, 2018;Original Network:  Naver TV Cast;;Content Rating: Not Yet Rated;
Title: My Strange Hero;Episodes: 32;2018;Aired: Dec 10, 2018 - Feb  4, 2019;Original Network:  SBS;;Content Rating: 15+ - Teens 15 or older;Apple TV Free            Viki Subscription (sub)           SBS World Free (sub)           Prime Video Subscription (sub)           Roku Subscription            Kocowa Free (sub)
Title: Arim Inn the Forest;Episodes: 9;2018;Aired: Dec 18, 2018 - Jan 22, 2019;Original Network:;;Content Rating: 15+ - Teens 15 or older;Viki Subscription (sub)           Kocowa Subscription (sub)
Title: Discipline;Episodes: 6;2018;Aired: Dec 19, 2018 - Apr 11, 2019;Original Network:;;Content Rating: 15+ - Teens 15 or older;Kocowa Free (sub)
Title: Mysterious Nurse;Episodes: 6;2018;Aired: Dec 21, 2018;Original Network:  SBS;;Content Rating: 15+ - Teens 15 or older;Prime Video Purchase (sub)           Kocowa Free (sub)
Title: Number Six;Episodes: 8;2018;Aired: Dec 21, 2018;Original Network:;;Content Rating: 15+ - Teens 15 or older;Viki Free (sub)
Title: Calm Down;Episodes: 6;2018;Aired: Dec 24, 2018 - Dec 31, 2018;Original Network:;;Content Rating: Not Yet Rated;
Title: I Need Standards;Episodes: 5;2018;Aired: Dec 26, 2018 - Jan  9, 2019;Original Network:;;Content Rating: 13+ - Teens 13 or older;
Title: Moonlight Girls' High School;Episodes: 6;2018;Aired: Dec 27, 2018 - Jan  8, 2019;Original Network:;;Content Rating: Not Yet Rated;
Title: Short Paper Season 2;Episodes: 6;2018;Aired: Dec 28, 2018 - Feb 16, 2019;Original Network:  Naver TV Cast;;Content Rating: Not Yet Rated;
Title: Work & Love Balance;Episodes: 3;2018;Aired: Dec 31, 2018 - Jan 14, 2019;Original Network:;;Content Rating: Not Yet Rated;
Title: Woman Playbook;Episodes: 4;2018;Aired: Feb  2, 2018;Original Network:;;Content Rating: Not Yet Rated;
Title: Misty;Episodes: 16;2018;Aired: Feb  2, 2018 - Mar 24, 2018;Original Network:  jTBC;;Content Rating: 15+ - Teens 15 or older;Disney+ Hotstar Subscription (sub)           Netflix Subscription (sub)           Viki Free (sub)           iQIYI Free (sub)           Tubi Free (sub)           Prime Video Subscription (sub)           Roku Free (sub)           Kocowa Subscription (sub)
Title: Welcome to Waikiki;Episodes: 20;2018;Aired: Feb  5, 2018 - Apr 17, 2018;Original Network:  jTBC;;Content Rating: 15+ - Teens 15 or older;Netflix Subscription (sub)           WeTV Free (sub)           Viki Free (sub)           iflix Free            Prime Video Subscription            Tubi Free (sub)
Title: Everyday Radio;Episodes: 8;2018;Aired: Feb  6, 2018 - Mar  2, 2018;Original Network:;;Content Rating: Not Yet Rated;
Title: First Love Story Season 3;Episodes: 6;2018;Aired: Feb  7, 2018 - Mar 14, 2018;Original Network:;;Content Rating: Not Yet Rated;
Title: Drink, Sing and Dance Season 2;Episodes: 13;2018;Aired: Feb  7, 2018 - Mar 21, 2018;Original Network:  vLive;;Content Rating: Not Yet Rated;
Title: Report 2018;Episodes: 4;2018;Aired: Feb  8, 2018 - Mar  1, 2018;Original Network:;;Content Rating: Not Yet Rated;
Title: TV Novel: Waves, Waves;Episodes: 143;2018;Aired: Feb 12, 2018 - Aug 31, 2018;Original Network:  KBS2;;Content Rating: 15+ - Teens 15 or older;
Title: Short;Episodes: 4;2018;Aired: Feb 12, 2018 - Feb 20, 2018;Original Network:  OCN;;Content Rating: 15+ - Teens 15 or older;Viki Free (sub)
Title: Love in Memory;Episodes: 6;2018;Aired: Feb 14, 2018 - Feb 19, 2018;Original Network:;;Content Rating: G - All Ages;Viki Free (sub)           Prime Video Purchase (sub)           AsianCrush Free (sub)
Title: Cheol Soo And O2;Episodes: 2;2018;Aired: Feb 15, 2018 - Feb 16, 2018;Original Network:  MBN;;Content Rating: Not Yet Rated;
Title: Seasonal Love;Episodes: 10;2018;Aired: Feb 20, 2018 - Apr 24, 2018;Original Network:;;Content Rating: Not Yet Rated;
Title: Should We Kiss First?;Episodes: 40;2018;Aired: Feb 20, 2018 - Apr 24, 2018;Original Network:  SBS;;Content Rating: 15+ - Teens 15 or older;SBS World Free            Kocowa Subscription
Title: Lemon Car Video;Episodes: 9;2018;Aired: Feb 25, 2018 - May 31, 2018;Original Network:  Naver TV Cast,  tvN;;Content Rating: G - All Ages;tvN D STORY Free (sub)           TVING Subscription
Title: Mysterious Personal Shopper;Episodes: 103;2018;Aired: Feb 26, 2018 - Jul 20, 2018;Original Network:  KBS2;;Content Rating: 15+ - Teens 15 or older;KBS World Free
Title: Six Love Story;Episodes: 4;2018;Aired: Feb 26, 2018 - Mar  8, 2018;Original Network:;;Content Rating: 13+ - Teens 13 or older;
Title: Queen of Mystery Season 2;Episodes: 16;2018;Aired: Feb 28, 2018 - Apr 19, 2018;Original Network:  KBS2;;Content Rating: 15+ - Teens 15 or older;Apple TV Free            Viki Subscription (sub)           Kocowa Free (sub)
Title: Romance Written Differently;Episodes: 8;2018;Aired: Feb 28, 2018 - Mar 23, 2018;Original Network:;;Content Rating: Not Yet Rated;
Title: Office Watch Season 2;Episodes: 8;2018;Aired: Jan  3, 2018 - Jan 26, 2018;Original Network:;;Content Rating: Not Yet Rated;KBS World Free            KOK TV Free
Title: My First Love;Episodes: 10;2018;Aired: Jan  8, 2018 - Feb  6, 2018;Original Network:  OCN;;Content Rating: 15+ - Teens 15 or older;Viki Free (sub)           Tubi Free (sub)           Roku Free (sub)
Title: Yeonnamdong 539;Episodes: 12;2018;Aired: Jan 10, 2018 - Mar 28, 2018;Original Network:  MBN;;Content Rating: 13+ - Teens 13 or older;
Title: Flower Ever After;Episodes: 10;2018;Aired: Jan 11, 2018 - Feb 10, 2018;Original Network:  Naver TV Cast,  Oksusu;;Content Rating: 13+ - Teens 13 or older;WeTV Free (sub)           PlayList Global Free (sub)
Title: Just Too Bored;Episodes: 16;2018;Aired: Jan 16, 2018 - Mar  8, 2018;Original Network:;;Content Rating: Not Yet Rated;
Title: First Kiss;Episodes: 20;2018;Aired: Jan 16, 2018 - Mar 22, 2018;Original Network:;;Content Rating: Not Yet Rated;
Title: Lostbook;Episodes: 3;2018;Aired: Jan 17, 2018 - Jan 31, 2018;Original Network:;;Content Rating: Not Yet Rated;
Title: Return;Episodes: 34;2018;Aired: Jan 17, 2018 - Mar 22, 2018;Original Network:  SBS;;Content Rating: 15+ - Teens 15 or older;SBS World Free            Kocowa Free (sub)
Title: I Should Have Killed That Bastard;Episodes: 5;2018;Aired: Jan 23, 2018;Original Network:;;Content Rating: Not Yet Rated;
Title: Mother;Episodes: 16;2018;Aired: Jan 24, 2018 - Mar 15, 2018;Original Network:  tvN;;Content Rating: 15+ - Teens 15 or older;
Title: Twenty: Moon;Episodes: 7;2018;Aired: Jan 26, 2018 - Feb 16, 2018;Original Network:;;Content Rating: Not Yet Rated;CheezeFilm Free (sub)
Title: Paparazzi Girlfriend;Episodes: 5;2018;Aired: Jan 27, 2018 - Jan 31, 2018;Original Network:;;Content Rating: Not Yet Rated;AsianCrush Free (sub)
Title: 4 Kinds of House;Episodes: 4;2018;Aired: Jan 29, 2018 - Jan 31, 2018;Original Network:  MBC every1,  Naver TV Cast;;Content Rating: Not Yet Rated;AsianCrush Free (sub)
Title: Radio Romance;Episodes: 16;2018;Aired: Jan 29, 2018 - Mar 20, 2018;Original Network:  KBS2;;Content Rating: 15+ - Teens 15 or older;Netflix Subscription            Viki Subscription (sub)           Prime Video Subscription (sub)           Kocowa Subscription (sub)
Title: Cross;Episodes: 16;2018;Aired: Jan 29, 2018 - Mar 20, 2018;Original Network:  tvN;;Content Rating: 15+ - Teens 15 or older;Tubi Free (sub)           Roku Free (sub)
Title: A-Teen;Episodes: 24;2018;Aired: Jul  1, 2018 - Sep 16, 2018;Original Network:  Naver TV Cast,  vLive;;Content Rating: 13+ - Teens 13 or older;Netflix Subscription            WeTV Free (sub)           PlayList Global Free (sub)           Viki Free (sub)           Wavve Subscription            Kocowa Subscription (sub)
Title: Your House Helper;Episodes: 32;2018;Aired: Jul  4, 2018 - Aug 29, 2018;Original Network:  KBS2;;Content Rating: 15+ - Teens 15 or older;Viki Subscription (sub)           Kocowa Subscription (sub)
Title: Mr. Sunshine;Episodes: 24;2018;Aired: Jul  7, 2018 - Sep 30, 2018;Original Network:  tvN;;Content Rating: 15+ - Teens 15 or older;Netflix Subscription (sub)
Title: It's Okay to Be Sensitive;Episodes: 12;2018;Aired: Jul 12, 2018 - Aug 16, 2018;Original Network:  Naver TV Cast;;Content Rating: Not Yet Rated;tvN D STORY Free
Title: Naughty Boy;Episodes: 5;2018;Aired: Jul 13, 2018 - Aug 17, 2018;Original Network:;;Content Rating: 13+ - Teens 13 or older;AsianCrush Free (sub)           Viki Free (sub)
Title: Let Me Introduce Her;Episodes: 40;2018;Aired: Jul 14, 2018 - Sep 29, 2018;Original Network:  SBS;;Content Rating: 15+ - Teens 15 or older;Apple TV Free            Viki Subscription (sub)           SBS World Free            Prime Video Subscription (sub)           Roku Subscription            Kocowa Free (sub)
Title: Let's Eat Season 3;Episodes: 14;2018;Aired: Jul 16, 2018 - Aug 28, 2018;Original Network:  tvN;;Content Rating: 15+ - Teens 15 or older;Tubi Free (sub)           Roku Free (sub)
Title: Tofu Personified;Episodes: 8;2018;Aired: Jul 17, 2018 - Sep  4, 2018;Original Network:;;Content Rating: G - All Ages;
Title: Just One Bite;Episodes: 8;2018;Aired: Jul 19, 2018 - Aug 11, 2018;Original Network:  Naver TV Cast,  vLive;;Content Rating: 15+ - Teens 15 or older;WeTV Free (sub)           PlayList Global Free (sub)
Title: Oh My Captain;Episodes: 20;2018;Aired: Jul 20, 2018;Original Network:;;Content Rating: 15+ - Teens 15 or older;
Title: Between Friendship and Love Season 3;Episodes: 12;2018;Aired: Jul 20, 2018 - Aug 22, 2018;Original Network:  Naver TV Cast,  vLive;;Content Rating: 15+ - Teens 15 or older;
Title: Short Paper: Side Story;Episodes: 3;2018;Aired: Jul 20, 2018 - Jan 31, 2020;Original Network:  Naver TV Cast;;Content Rating: Not Yet Rated;
Title: Love to the End;Episodes: 104;2018;Aired: Jul 23, 2018 - Dec 31, 2018;Original Network:  KBS2;;Content Rating: 15+ - Teens 15 or older;KBS World Free (sub)
Title: Life;Episodes: 16;2018;Aired: Jul 23, 2018 - Sep 11, 2018;Original Network:  jTBC;;Content Rating: 15+ - Teens 15 or older;Netflix Subscription (sub)           Viki Free (sub)
Title: Risky Romance;Episodes: 32;2018;Aired: Jul 23, 2018 - Sep 17, 2018;Original Network:  MBC;;Content Rating: 15+ - Teens 15 or older;Apple TV Subscription (sub)           Viki Subscription (sub)           Prime Video Subscription (sub)           AsianCrush Free (sub)           Tubi Free (sub)           Kocowa Subscription (sub)
Title: Still 17;Episodes: 32;2018;Aired: Jul 23, 2018 - Sep 18, 2018;Original Network:  SBS;;Content Rating: 15+ - Teens 15 or older;Apple TV Subscription            Netflix Subscription (sub)           WeTV Free (sub)           Viki Free (sub)           SBS World Free (sub)           Tubi Free (sub)           Kocowa Subscription (sub)
Title: Witch's Love;Episodes: 12;2018;Aired: Jul 25, 2018 - Aug 30, 2018;Original Network:  MBN;;Content Rating: 15+ - Teens 15 or older;Viki Free (sub)
Title: Love in Time;Episodes: 6;2018;Aired: Jul 25, 2018 - Jul 30, 2018;Original Network:;;Content Rating: G - All Ages;Viki Free (sub)           Prime Video Purchase (sub)
Title: Time;Episodes: 32;2018;Aired: Jul 25, 2018 - Sep 20, 2018;Original Network:  MBC;;Content Rating: 15+ - Teens 15 or older;Apple TV Free            Viki Subscription (sub)           Prime Video Subscription (sub)           Kocowa Subscription (sub)
Title: Your Honor;Episodes: 32;2018;Aired: Jul 25, 2018 - Sep 20, 2018;Original Network:  SBS;;Content Rating: 15+ - Teens 15 or older;Apple TV Subscription (sub)           Viki Subscription (sub)           SBS World Free (sub)           Prime Video Subscription (sub)           Kocowa Free (sub)
Title: Taste of Cat;Episodes: 4;2018;Aired: Jul 26, 2018 - Aug  4, 2018;Original Network:;;Content Rating: G - All Ages;
Title: Love After School Season 2;Episodes: 7;2018;Aired: Jul 26, 2018 - Oct  2, 2018;Original Network:;;Content Rating: 13+ - Teens 13 or older;STUDIO DIA Free (sub)
Title: My ID Is Gangnam Beauty;Episodes: 16;2018;Aired: Jul 27, 2018 - Sep 15, 2018;Original Network:  jTBC;;Content Rating: 15+ - Teens 15 or older;Apple TV Free (sub)           Disney+ Hotstar Subscription (sub)           Netflix Subscription (sub)           WeTV Free (sub)           Viki Free (sub)           iQIYI Free (sub)           iflix Free            Prime Video Subscription            Tubi Free (sub)           Kocowa Subscription (sub)
Title: Lee Chae Eun Is on Air;Episodes: 8;2018;Aired: Jun  1, 2018 - Jun 23, 2018;Original Network:;;Content Rating: Not Yet Rated;
Title: Are You Human?;Episodes: 36;2018;Aired: Jun  4, 2018 - Aug  7, 2018;Original Network:  KBS2;;Content Rating: 15+ - Teens 15 or older;Netflix Subscription (sub)           Viki Free (sub)           iQIYI Free (sub)           Prime Video Subscription (sub)           Kocowa Subscription (sub)
Title: SURF 101: Intro to Romance;Episodes: 6;2018;Aired: Jun  5, 2018 - Jun 21, 2018;Original Network:;;Content Rating: 13+ - Teens 13 or older;
Title: What's Wrong with Secretary Kim;Episodes: 16;2018;Aired: Jun  6, 2018 - Jul 26, 2018;Original Network:  tvN;;Content Rating: 15+ - Teens 15 or older;Apple TV Free            Netflix Subscription (sub)           WeTV Free (sub)           Viki Subscription (sub)           iQIYI Free (sub)           Hulu Subscription (sub)
Title: Dog Boy Cat Girl;Episodes: 13;2018;Aired: Jun  7, 2018 - Aug 23, 2018;Original Network:;;Content Rating: Not Yet Rated;
Title: Afternoon in a Small City;Episodes: 2;2018;Aired: Jun  8, 2018 - Jun 15, 2018;Original Network:  Naver TV Cast;;Content Rating: Not Yet Rated;
Title: Life on Mars;Episodes: 16;2018;Aired: Jun  9, 2018 - Aug  5, 2018;Original Network:  OCN;;Content Rating: 15+ - Teens 15 or older;Disney+ Subscription
Title: Eat, Fight, and Live Together;Episodes: 7;2018;Aired: Jun 16, 2018 - Jul 26, 2018;Original Network:;;Content Rating: Not Yet Rated;
Title: Because It's My First Time;Episodes: 5;2018;Aired: Jun 20, 2018 - Jun 29, 2018;Original Network:  Naver TV Cast,  vLive;;Content Rating: Not Yet Rated;
Title: Secrets and Lies;Episodes: 122;2018;Aired: Jun 25, 2018 - Jan 11, 2019;Original Network:  MBC;;Content Rating: 15+ - Teens 15 or older;
Title: Just One Bite: Pilot;Episodes: 2;2018;Aired: Mar  1, 2018 - Mar  3, 2018;Original Network:;;Content Rating: Not Yet Rated;PlayList Global Free
Title: Bamboo Forest;Episodes: 7;2018;Aired: Mar  1, 2018 - Mar 22, 2018;Original Network:;;Content Rating: Not Yet Rated;
Title: Sure, Sure;Episodes: 5;2018;Aired: Mar  2, 2018 - Mar 30, 2018;Original Network:;;Content Rating: Not Yet Rated;AsianCrush Free (sub)
Title: Children of a Lesser God;Episodes: 16;2018;Aired: Mar  3, 2018 - Apr 22, 2018;Original Network:  OCN;;Content Rating: 15+ - Teens 15 or older;Apple TV Subscription            Roku Free            Tubi Free
Title: The Good Witch;Episodes: 40;2018;Aired: Mar  3, 2018 - May  5, 2018;Original Network:  SBS;;Content Rating: 15+ - Teens 15 or older;SBS World Free            Kocowa Free (sub)
Title: Grand Prince;Episodes: 20;2018;Aired: Mar  3, 2018 - May  6, 2018;Original Network:  TV Chosun;;Content Rating: 15+ - Teens 15 or older;Viki Free (sub)
Title: My Husband, Mr. Oh!;Episodes: 24;2018;Aired: Mar  3, 2018 - May 19, 2018;Original Network:  MBC;;Content Rating: 15+ - Teens 15 or older;Netflix Subscription            Kocowa Subscription
Title: That Man Oh Soo;Episodes: 16;2018;Aired: Mar  5, 2018 - Apr 24, 2018;Original Network:  OCN;;Content Rating: 15+ - Teens 15 or older;Kocowa Subscription (sub)
Title: Shall We Link;Episodes: 6;2018;Aired: Mar  7, 2018 - Mar 17, 2018;Original Network:;;Content Rating: Not Yet Rated;AsianCrush Free (sub)
Title: Live;Episodes: 18;2018;Aired: Mar 10, 2018 - May  6, 2018;Original Network:  tvN;;Content Rating: 15+ - Teens 15 or older;Netflix Subscription (sub)           iQIYI Free (sub)           Tubi Free (sub)           Roku Free
Title: Tempted;Episodes: 32;2018;Aired: Mar 12, 2018 - May  1, 2018;Original Network:  MBC;;Content Rating: 15+ - Teens 15 or older;Apple TV Free            Netflix Subscription            Viki Subscription (sub)           Prime Video Subscription (sub)           Kocowa Free (sub)
Title: To You Who Begins to Love;Episodes: 5;2018;Aired: Mar 13, 2018 - Mar 30, 2018;Original Network:;;Content Rating: Not Yet Rated;
Title: No Bad Days Season 2;Episodes: 9;2018;Aired: Mar 15, 2018;Original Network:;;Content Rating: Not Yet Rated;
Title: Campus Romance Today's Drinking Diary;Episodes: 2;2018;Aired: Mar 15, 2018 - Mar 22, 2018;Original Network:;;Content Rating: Not Yet Rated;Vanilasee Free (sub)
Title: Number Woman Gye Sook Ja;Episodes: 10;2018;Aired: Mar 15, 2018 - May 17, 2018;Original Network:  Oksusu;;Content Rating: Not Yet Rated;
Title: Marry Me Now?;Episodes: 50;2018;Aired: Mar 17, 2018 - Sep  9, 2018;Original Network:  KBS2;;Content Rating: 15+ - Teens 15 or older;Apple TV Subscription            KBS World Free (sub)           Prime Video Subscription (sub)           Roku Subscription            Kocowa Free (sub)
Title: Miss Independent Ji Eun;Episodes: 8;2018;Aired: Mar 21, 2018 - May  9, 2018;Original Network:;;Content Rating: Not Yet Rated;Dingo K-Drama Free
Title: Hold Me Tight;Episodes: 32;2018;Aired: Mar 21, 2018 - May 10, 2018;Original Network:  MBC;;Content Rating: 15+ - Teens 15 or older;Viki Subscription (sub)           Kocowa Subscription
Title: My Mister;Episodes: 16;2018;Aired: Mar 21, 2018 - May 17, 2018;Original Network:  tvN;;Content Rating: 15+ - Teens 15 or older;Apple TV Free            Disney+ Hotstar Subscription (sub)           Netflix Subscription (sub)           WeTV Free (sub)           Viki Free (sub)           iQIYI Free (sub)           Prime Video Subscription (sub)           Tubi Free (sub)
Title: Travel through Romance;Episodes: 8;2018;Aired: Mar 22, 2018 - Apr 17, 2018;Original Network:  Naver TV Cast;;Content Rating: Not Yet Rated;
Title: Luv Pub;Episodes: 10;2018;Aired: Mar 22, 2018 - Apr 21, 2018;Original Network:  Naver TV Cast,  vLive;;Content Rating: 13+ - Teens 13 or older;PlayList Global Free
Title: The Rich Son;Episodes: 100;2018;Aired: Mar 25, 2018 - Oct  7, 2018;Original Network:  MBC;;Content Rating: 15+ - Teens 15 or older;Apple TV Free            Kocowa Subscription
Title: A Poem a Day;Episodes: 16;2018;Aired: Mar 26, 2018 - May 15, 2018;Original Network:  tvN;;Content Rating: 15+ - Teens 15 or older;Tubi Free (sub)           Prime Video Subscription (sub)           Roku Free (sub)
Title: Fork You Boss Season 2;Episodes: 11;2018;Aired: Mar 27, 2018 - Jun 14, 2018;Original Network:  jTBC;;Content Rating: 15+ - Teens 15 or older;Lululala Story Lab Free            Studio LuluLala Free (sub)
Title: Switch;Episodes: 32;2018;Aired: Mar 28, 2018 - May 17, 2018;Original Network:  SBS;;Content Rating: 15+ - Teens 15 or older;Viki Subscription (sub)           SBS World Free (sub)           Kocowa Free (sub)
Title: Abnormal Status;Episodes: 4;2018;Aired: Mar 29, 2018 - Apr 20, 2018;Original Network:;;Content Rating: Not Yet Rated;
Title: Soul Driver;Episodes: 5;2018;Aired: Mar 30, 2018 - Apr  3, 2018;Original Network:;;Content Rating: 15+ - Teens 15 or older;Viki Subscription            Kocowa Free (sub)
Title: Something in the Rain;Episodes: 16;2018;Aired: Mar 30, 2018 - May 19, 2018;Original Network:  jTBC;;Content Rating: 15+ - Teens 15 or older;Netflix Subscription (sub)           Viki Free (sub)           Tubi Free (sub)           Prime Video Subscription (sub)           Roku Free (sub)           Kocowa Subscription (sub)
Title: Short Paper;Episodes: 8;2018;Aired: May  3, 2018 - Jun 21, 2018;Original Network:  Naver TV Cast;;Content Rating: Not Yet Rated;
Title: May 32nd;Episodes: 3;2018;Aired: May  3, 2018 - May 11, 2018;Original Network:;;Content Rating: Not Yet Rated;KOK TV Free
Title: My Ex Diary;Episodes: 8;2018;Aired: May  3, 2018 - May 26, 2018;Original Network:;;Content Rating: Not Yet Rated;
Title: Wok of Love;Episodes: 38;2018;Aired: May  7, 2018 - Jul 17, 2018;Original Network:  SBS;;Content Rating: 15+ - Teens 15 or older;Apple TV Subscription            Netflix Subscription (sub)           Viki Subscription (sub)           SBS World Free (sub)           Prime Video Subscription (sub)           Roku Subscription (sub)           Kocowa Free (sub)
Title: Sunny Again Tomorrow;Episodes: 121;2018;Aired: May  7, 2018 - Nov  2, 2018;Original Network:  KBS1;;Content Rating: 15+ - Teens 15 or older;KBS World Free (sub)
Title: Oh, Yeojeong;Episodes: 4;2018;Aired: May  9, 2018 - Jun  1, 2018;Original Network:  Naver TV Cast;;Content Rating: Not Yet Rated;
Title: Rich Man;Episodes: 16;2018;Aired: May  9, 2018 - Jun 28, 2018;Original Network:  DramaX;;Content Rating: 15+ - Teens 15 or older;Apple TV Subscription (sub)           Viki Free (sub)           Hulu Subscription (sub)
Title: Mother's Sea;Episodes: 12;2018;Aired: May  9, 2018 - Sep 12, 2018;Original Network:  KBS1;;Content Rating: Not Yet Rated;
Title: Lawless Lawyer;Episodes: 16;2018;Aired: May 12, 2018 - Jul  1, 2018;Original Network:  tvN;;Content Rating: 15+ - Teens 15 or older;Apple TV Free            Netflix Subscription (sub)           WeTV Free (sub)           Viki Free (sub)           iQIYI Free (sub)           Tubi Free (sub)
Title: Secret Mother;Episodes: 32;2018;Aired: May 12, 2018 - Jul  7, 2018;Original Network:  SBS;;Content Rating: 15+ - Teens 15 or older;Viki Subscription (sub)           SBS World Free            Prime Video Subscription (sub)           Roku Subscription            Kocowa Free (sub)
Title: Partners for Justice;Episodes: 32;2018;Aired: May 14, 2018 - Jul 17, 2018;Original Network:  MBC;;Content Rating: 15+ - Teens 15 or older;Apple TV Free (sub)           Netflix Subscription (sub)           Viki Subscription (sub)           Prime Video Subscription (sub)           Kocowa Subscription
Title: Come and Hug Me;Episodes: 32;2018;Aired: May 16, 2018 - Jul 19, 2018;Original Network:  MBC;;Content Rating: 15+ - Teens 15 or older;Netflix Subscription (sub)           Prime Video Subscription (sub)           Roku Subscription            Kocowa Free (sub)
Title: Room of Romance;Episodes: 5;2018;Aired: May 16, 2018 - Jun  1, 2018;Original Network:;;Content Rating: 15+ - Teens 15 or older;WHYNOT TV Free (sub)
Title: Not Alright, But It's Alright;Episodes: 10;2018;Aired: May 17, 2018 - Jun 16, 2018;Original Network:;;Content Rating: 15+ - Teens 15 or older;PlayList Global Free
Title: Do You Believe in Fairy Tales?;Episodes: 9;2018;Aired: May 17, 2018 - Jun 19, 2018;Original Network:;;Content Rating: Not Yet Rated;
Title: About Time;Episodes: 16;2018;Aired: May 21, 2018 - Jul 10, 2018;Original Network:  tvN;;Content Rating: 15+ - Teens 15 or older;Apple TV Free (sub)           Netflix Subscription (sub)           WeTV Free (sub)           iQIYI Free (sub)           Tubi Free (sub)           Roku Free (sub)           Viki Free
Title: Miss Hammurabi;Episodes: 16;2018;Aired: May 21, 2018 - Jul 16, 2018;Original Network:  jTBC;;Content Rating: 15+ - Teens 15 or older;Netflix Subscription (sub)           WeTV Free (sub)           Viki Free (sub)           Tubi Free (sub)           Prime Video Subscription (sub)           Roku Free (sub)           Kocowa Subscription (sub)
Title: The Undateables;Episodes: 32;2018;Aired: May 23, 2018 - Jul 19, 2018;Original Network:  SBS;;Content Rating: 15+ - Teens 15 or older;Viki Subscription (sub)           SBS World Free (sub)           Prime Video Subscription (sub)           Kocowa Subscription
Title: Sketch;Episodes: 16;2018;Aired: May 25, 2018 - Jul 14, 2018;Original Network:  jTBC;;Content Rating: 15+ - Teens 15 or older;Apple TV Free            Disney+ Hotstar Subscription (sub)           Viki Free (sub)
Title: Goodbye to Goodbye;Episodes: 40;2018;Aired: May 26, 2018 - Aug  4, 2018;Original Network:  MBC;;Content Rating: 15+ - Teens 15 or older;Kocowa Subscription (sub)
Title: I'm a Mother, Too;Episodes: 124;2018;Aired: May 28, 2018 - Nov 23, 2018;Original Network:  SBS;;Content Rating: 15+ - Teens 15 or older;
Title: My Woofy Poofy Love;Episodes: 8;2018;Aired: May 31, 2018 - Jul 19, 2018;Original Network:;;Content Rating: G - All Ages;STUDIO DIA Free (sub)
Title: I Picked Up a Star on the Road;Episodes: 10;2018;Aired: Nov  1, 2018 - Dec 14, 2018;Original Network:  Oksusu;;Content Rating: 13+ - Teens 13 or older;Apple TV Free            Viki Free (sub)
Title: Rocoyang;Episodes: 13;2018;Aired: Nov  1, 2018 - Dec 19, 2018;Original Network:;;Content Rating: Not Yet Rated;
Title: My Darling Boyfriend;Episodes: 8;2018;Aired: Nov  1, 2018 - Jan 24, 2019;Original Network:;;Content Rating: Not Yet Rated;
Title: Love Your Korea Glow;Episodes: 8;2018;Aired: Nov  1, 2018 - Nov 29, 2018;Original Network:  Naver TV Cast;;Content Rating: 13+ - Teens 13 or older;
Title: Your Imagination Becomes Reality;Episodes: 8;2018;Aired: Nov  2, 2018 - Dec 21, 2018;Original Network:;;Content Rating: Not Yet Rated;
Title: Mood Maker;Episodes: 4;2018;Aired: Nov  4, 2018 - Nov 25, 2018;Original Network:  Naver TV Cast,  vLive;;Content Rating: Not Yet Rated;
Title: It's My Life;Episodes: 124;2018;Aired: Nov  5, 2018 - Apr 26, 2019;Original Network:  KBS1;;Content Rating: 15+ - Teens 15 or older;KBS World Free (sub)
Title: Mama Fairy and the Woodcutter;Episodes: 16;2018;Aired: Nov  5, 2018 - Dec 25, 2018;Original Network:  tvN;;Content Rating: 15+ - Teens 15 or older;Apple TV Subscription            WeTV Free (sub)           iQIYI Free (sub)           Tubi Free (sub)
Title: A Madly Realistic Story;Episodes: 11;2018;Aired: Nov  6, 2018 - Dec 11, 2018;Original Network:;;Content Rating: Not Yet Rated;
Title: Dear My Room;Episodes: 12;2018;Aired: Nov  6, 2018 - Jan 22, 2019;Original Network:  O'live;;Content Rating: 15+ - Teens 15 or older;K-DRAMA Free (sub)
Title: Feel Good to Die;Episodes: 32;2018;Aired: Nov  7, 2018 - Dec 27, 2018;Original Network:  KBS2;;Content Rating: 15+ - Teens 15 or older;
Title: The Worst Break-up in My Life;Episodes: 8;2018;Aired: Nov  8, 2018 - Dec 27, 2018;Original Network:;;Content Rating: Not Yet Rated;
Title: Autumn Blossom;Episodes: 10;2018;Aired: Nov  9, 2018 - Dec 11, 2018;Original Network:  Naver TV Cast;;Content Rating: Not Yet Rated;
Title: W.H.Y.;Episodes: 10;2018;Aired: Nov 10, 2018 - Dec 13, 2018;Original Network:  Naver TV Cast,  vLive;;Content Rating: 13+ - Teens 13 or older;PlayList Global Free (sub)
Title: Laboratory of the Unexpected;Episodes: 8;2018;Aired: Nov 13, 2018 - Apr  5, 2019;Original Network:;;Content Rating: Not Yet Rated;
Title: God's Quiz: Reboot;Episodes: 16;2018;Aired: Nov 14, 2018 - Jan 10, 2019;Original Network:  OCN;;Content Rating: 15+ - Teens 15 or older;Apple TV Subscription (sub)           Prime Video Subscription
Title: Between Us;Episodes: 6;2018;Aired: Nov 15, 2018 - Dec 20, 2018;Original Network:;;Content Rating: Not Yet Rated;
Title: Top Star Yoo Baek;Episodes: 11;2018;Aired: Nov 16, 2018 - Jan 25, 2019;Original Network:  tvN;;Content Rating: 15+ - Teens 15 or older;Apple TV Subscription
Title: The Last Empress;Episodes: 52;2018;Aired: Nov 21, 2018 - Feb 21, 2019;Original Network:  SBS;;Content Rating: 15+ - Teens 15 or older;Apple TV Subscription            Netflix Subscription (sub)           Viki Subscription (sub)           iQIYI Free (sub)           SBS World Free (sub)           Prime Video Subscription (sub)           Kocowa Free (sub)
Title: Lemon Car Video Season 2;Episodes: 8;2018;Aired: Nov 21, 2018 - Jan  9, 2019;Original Network:;;Content Rating: Not Yet Rated;TVING Subscription
Title: Children of Nobody;Episodes: 32;2018;Aired: Nov 21, 2018 - Jan 16, 2019;Original Network:  MBC;;Content Rating: 15+ - Teens 15 or older;Kocowa Subscription (sub)
Title: SKY Castle;Episodes: 20;2018;Aired: Nov 23, 2018 - Feb  1, 2019;Original Network:  jTBC;;Content Rating: 15+ - Teens 15 or older;Disney+ Hotstar Subscription (sub)           Netflix Subscription (sub)           WeTV Free (sub)           Viki Free (sub)           iQIYI Free (sub)           Prime Video Subscription (sub)           TVer Free            TVING Subscription
Title: A Pledge to God;Episodes: 48;2018;Aired: Nov 24, 2018 - Feb 16, 2019;Original Network:  MBC;;Content Rating: 15+ - Teens 15 or older;Kocowa Free (sub)
Title: Priest;Episodes: 16;2018;Aired: Nov 24, 2018 - Jan 20, 2019;Original Network:  OCN;;Content Rating: 15+ - Teens 15 or older;Apple TV Subscription (sub)           Tubi Free (sub)           Roku Free            Prime Video Subscription (sub)
Title: Clean with Passion for Now;Episodes: 16;2018;Aired: Nov 26, 2018 - Feb  4, 2019;Original Network:  jTBC;;Content Rating: 15+ - Teens 15 or older;Apple TV Free (sub)           Netflix Subscription (sub)           WeTV Free (sub)           Viki Free (sub)           iQIYI Free (sub)           iflix Free            Prime Video Subscription (sub)           Roku Subscription            Kocowa Subscription (sub)
Title: Gangnam Scandal;Episodes: 123;2018;Aired: Nov 26, 2018 - May 17, 2019;Original Network:  SBS;;Content Rating: 15+ - Teens 15 or older;
Title: The Hymn of Death;Episodes: 6;2018;Aired: Nov 27, 2018 - Dec  4, 2018;Original Network:  SBS;;Content Rating: 15+ - Teens 15 or older;Netflix Subscription (sub)
Title: When You Love Yourself;Episodes: 6;2018;Aired: Nov 28, 2018 - Dec 14, 2018;Original Network:  On Style,  vLive;;Content Rating: G - All Ages;tvN D STORY Free
Title: Encounter;Episodes: 16;2018;Aired: Nov 28, 2018 - Jan 24, 2019;Original Network:  tvN;;Content Rating: 15+ - Teens 15 or older;Apple TV Free (sub)           Netflix Subscription (sub)           Viki Free (sub)           iQIYI Free (sub)           Hulu Subscription (sub)
Title: The Beauty Inside;Episodes: 16;2018;Aired: Oct  1, 2018 - Nov 20, 2018;Original Network:  jTBC;;Content Rating: 15+ - Teens 15 or older;Apple TV Free            Disney+ Hotstar Subscription (sub)           Netflix Subscription (sub)           WeTV Free (sub)           Viki Free (sub)           iQIYI Free (sub)           iflix Free            Kocowa Subscription (sub)
Title: Where Stars Land;Episodes: 32;2018;Aired: Oct  1, 2018 - Nov 26, 2018;Original Network:  SBS;;Content Rating: 15+ - Teens 15 or older;Apple TV Free            Netflix Subscription (sub)           Viki Free (sub)           SBS World Free (sub)           Kocowa Subscription
Title: Bad Papa;Episodes: 32;2018;Aired: Oct  1, 2018 - Nov 27, 2018;Original Network:  MBC;;Content Rating: 13+ - Teens 13 or older;Kocowa Subscription (sub)
Title: Stray Directors;Episodes: 2;2018;Aired: Oct  1, 2018 - Oct  4, 2018;Original Network:  SBS,  vLive;;Content Rating: Not Yet Rated;
Title: The Smile Has Left Your Eyes;Episodes: 16;2018;Aired: Oct  3, 2018 - Nov 22, 2018;Original Network:  tvN;;Content Rating: 15+ - Teens 15 or older;Apple TV Free (sub)           iQIYI Free (sub)           Viki Free (sub)           Prime Video Subscription (sub)           Tubi Free (sub)           Roku Free (sub)
Title: Ms. Ma, Nemesis;Episodes: 32;2018;Aired: Oct  6, 2018 - Nov 24, 2018;Original Network:  SBS;;Content Rating: 15+ - Teens 15 or older;Apple TV Subscription (sub)           Viki Subscription (sub)           Kocowa Subscription
Title: Room No. 9;Episodes: 16;2018;Aired: Oct  6, 2018 - Nov 25, 2018;Original Network:  tvN;;Content Rating: 15+ - Teens 15 or older;Roku Free (sub)           Tubi Free (sub)           Viki Subscription (sub)           Prime Video Subscription (sub)
Title: Matrimonial Chaos;Episodes: 32;2018;Aired: Oct  8, 2018 - Nov 27, 2018;Original Network:  KBS2;;Content Rating: 15+ - Teens 15 or older;Viki Subscription (sub)           Netflix Subscription (sub)           Prime Video Subscription (sub)           Roku Subscription            Kocowa Free (sub)
Title: Top Secret Agent;Episodes: 12;2018;Aired: Oct 11, 2018 - Dec 27, 2018;Original Network:;;Content Rating: Not Yet Rated;
Title: Jang Geum, Oh My Grandma;Episodes: 16;2018;Aired: Oct 11, 2018 - Jan 24, 2019;Original Network:  MBC;;Content Rating: 15+ - Teens 15 or older;Viki Subscription (sub)           Prime Video Subscription (sub)           Kocowa Subscription
Title: Twelve Nights;Episodes: 12;2018;Aired: Oct 12, 2018 - Dec 28, 2018;Original Network:  Channel A;;Content Rating: 15+ - Teens 15 or older;Viki Free (sub)
Title: My Healing Love;Episodes: 80;2018;Aired: Oct 14, 2018 - Mar  3, 2019;Original Network:  MBC;;Content Rating: Not Yet Rated;Kocowa Subscription
Title: Fall In Love With Your Coffee;Episodes: 4;2018;Aired: Oct 15, 2018 - Nov 22, 2018;Original Network:  Naver TV Cast;;Content Rating: Not Yet Rated;
Title: Welcome to Heal Inn;Episodes: 4;2018;Aired: Oct 15, 2018 - Oct 20, 2018;Original Network:  vLive;;Content Rating: Not Yet Rated;
Title: Govengers;Episodes: 12;2018;Aired: Oct 17, 2018 - Nov 25, 2018;Original Network:  Naver TV Cast,  vLive;;Content Rating: G - All Ages;Kocowa Subscription (sub)
Title: Love Is Jungle;Episodes: 9;2018;Aired: Oct 19, 2018 - Dec 14, 2018;Original Network:  Oksusu;;Content Rating: Not Yet Rated;
Title: Want More 19;Episodes: 7;2018;Aired: Oct 24, 2018 - Nov 14, 2018;Original Network:  Naver TV Cast,  vLive;;Content Rating: Not Yet Rated;WeTV Free (sub)           PlayList Global Free (sub)
Title: Instant Romance;Episodes: 10;2018;Aired: Oct 24, 2018 - Nov 23, 2018;Original Network:;;Content Rating: 13+ - Teens 13 or older;
Title: When Time Stopped;Episodes: 12;2018;Aired: Oct 24, 2018 - Nov 29, 2018;Original Network:  KBS1;;Content Rating: 15+ - Teens 15 or older;Viki Free (sub)
Title: Someday Season 2;Episodes: 10;2018;Aired: Oct 25, 2018 - Dec 27, 2018;Original Network:;;Content Rating: Not Yet Rated;
Title: The Sound of Your Heart: Reboot;Episodes: 10;2018;Aired: Oct 29, 2018;Original Network:  Netflix;;Content Rating: 15+ - Teens 15 or older;Netflix Subscription (sub)
Title: Do Dream;Episodes: 5;2018;Aired: Oct 29, 2018 - Nov  3, 2018;Original Network:  vLive;;Content Rating: G - All Ages;Apple TV Subscription (sub)           Viki Free (sub)           AsianCrush Free (sub)
Title: Love Alert;Episodes: 16;2018;Aired: Oct 31, 2018 - Dec 20, 2018;Original Network:  MBN;;Content Rating: 15+ - Teens 15 or older;Apple TV Subscription            Viki Free (sub)
Title: Top Management;Episodes: 16;2018;Aired: Oct 31, 2018 - Nov 16, 2018;Original Network:;;Content Rating: G - All Ages;
Title: Madam Cha Dal Rae's Love;Episodes: 100;2018;Aired: Sep  3, 2018 - Jan 18, 2019;Original Network:  KBS2;;Content Rating: 15+ - Teens 15 or older;
Title: Devilish Joy;Episodes: 16;2018;Aired: Sep  5, 2018 - Oct 25, 2018;Original Network:  DramaX,  MBN;;Content Rating: 15+ - Teens 15 or older;Apple TV Subscription (sub)           Viki Free (sub)           Prime Video Purchase (sub)
Title: The Ghost Detective;Episodes: 32;2018;Aired: Sep  5, 2018 - Oct 31, 2018;Original Network:  KBS2;;Content Rating: 15+ - Teens 15 or older;Apple TV Subscription (sub)           Viki Subscription (sub)           Prime Video Subscription (sub)           Roku Subscription            Kocowa Free (sub)
Title: Dokgo Rewind;Episodes: 20;2018;Aired: Sep  7, 2018;Original Network:  Oksusu;;Content Rating: 15+ - Teens 15 or older;Viki Subscription (sub)
Title: Big Forest;Episodes: 10;2018;Aired: Sep  7, 2018 - Nov  9, 2018;Original Network:  tvN;;Content Rating: 15+ - Teens 15 or older;Apple TV Subscription (sub)           Tubi Free (sub)           Prime Video Subscription (sub)           Roku Free
Title: A Guy Friend 14 Days Before;Episodes: 14;2018;Aired: Sep  7, 2018 - Oct 27, 2018;Original Network:  Naver TV Cast;;Content Rating: Not Yet Rated;
Title: Miss Kim's Secret Life;Episodes: 3;2018;Aired: Sep  9, 2018 - Dec 23, 2018;Original Network:  Naver TV Cast;;Content Rating: Not Yet Rated;
Title: 100 Days My Prince;Episodes: 16;2018;Aired: Sep 10, 2018 - Oct 30, 2018;Original Network:  tvN;;Content Rating: 15+ - Teens 15 or older;Apple TV Free            Netflix Subscription (sub)           WeTV Free (sub)           Viki Free (sub)           iQIYI Free (sub)           Prime Video Subscription
Title: Oh, Yeojeong: Summer;Episodes: 2;2018;Aired: Sep 10, 2018 - Sep 18, 2018;Original Network:  Naver TV Cast;;Content Rating: Not Yet Rated;
Title: The Birth of a Pro Season 2;Episodes: 10;2018;Aired: Sep 12, 2018;Original Network:;;Content Rating: Not Yet Rated;
Title: The Guest;Episodes: 16;2018;Aired: Sep 12, 2018 - Nov  1, 2018;Original Network:  OCN;;Content Rating: 18+ Restricted (violence & profanity);Apple TV Subscription            Netflix Subscription (sub)           WeTV Free (sub)           Tubi Free (sub)           Roku Free (sub)
Title: Sleepless in Love;Episodes: 6;2018;Aired: Sep 12, 2018 - Sep 28, 2018;Original Network:;;Content Rating: Not Yet Rated;
Title: My Only One;Episodes: 106;2018;Aired: Sep 15, 2018 - Mar 17, 2019;Original Network:  KBS2;;Content Rating: 15+ - Teens 15 or older;Netflix Subscription (sub)           Viki Subscription (sub)           KBS World Free            Kocowa Free (sub)
Title: Monkey and Dog Romance;Episodes: 10;2018;Aired: Sep 17, 2018 - Nov 19, 2018;Original Network:;;Content Rating: 15+ - Teens 15 or older;Viki Subscription (sub)           Kocowa Subscription
Title: Pack to the Future;Episodes: 4;2018;Aired: Sep 18, 2018 - Sep 27, 2018;Original Network:;;Content Rating: Not Yet Rated;
Title: Devil Inspector Season 2;Episodes: 18;2018;Aired: Sep 20, 2018 - Oct 26, 2018;Original Network:  Naver TV Cast;;Content Rating: 15+ - Teens 15 or older;Viki Free (sub)
Title: Love Playlist Season 3;Episodes: 12;2018;Aired: Sep 20, 2018 - Oct 27, 2018;Original Network:  Naver TV Cast,  vLive;;Content Rating: 15+ - Teens 15 or older;WeTV Free (sub)           PlayList Global Free
Title: Heart Surgeons;Episodes: 32;2018;Aired: Sep 27, 2018 - Nov 15, 2018;Original Network:  SBS;;Content Rating: 15+ - Teens 15 or older;Viki Subscription (sub)           SBS World Free (sub)
Title: My Secret Terrius;Episodes: 32;2018;Aired: Sep 27, 2018 - Nov 15, 2018;Original Network:  MBC;;Content Rating: 15+ - Teens 15 or older;WeTV Free            Kocowa Free (sub)
Title: The Third Charm;Episodes: 16;2018;Aired: Sep 28, 2018 - Nov 17, 2018;Original Network:  jTBC;;Content Rating: 15+ - Teens 15 or older;Netflix Subscription            WeTV Free (sub)           iflix Free            Viki Free            Prime Video Subscription (sub)           Kocowa Subscription (sub)
Title: Sweet and Salty Office;Episodes: 10;2018;Aired: Sep 28, 2018 - Nov 30, 2018;Original Network:  MBC every1;;Content Rating: 15+ - Teens 15 or older;
Title: The Player;Episodes: 14;2018;Aired: Sep 29, 2018 - Nov 11, 2018;Original Network:  OCN;;Content Rating: 15+ - Teens 15 or older;Apple TV Subscription            WeTV Free (sub)           Viki Free (sub)           iQIYI Free (sub)           TVING Subscription
Title: College Students Who Started School;Episodes: 8;2018;Aired: Sep 30, 2018 - Nov 18, 2018;Original Network:;;Content Rating: Not Yet Rated;
Title: How to Hate You;Episodes: 6;2019;Aired: Apr  1, 2019 - Apr  2, 2019;Original Network:  jTBC;;Content Rating: G - All Ages;Lululala Story Lab Free (sub)
Title: My Fellow Citizens!;Episodes: 36;2019;Aired: Apr  1, 2019 - May 28, 2019;Original Network:  KBS2;;Content Rating: 15+ - Teens 15 or older;Apple TV Free (sub)           Netflix Subscription (sub)           Viki Subscription (sub)           Prime Video Subscription (sub)           Roku Subscription            Kocowa Free (sub)
Title: 63 Feet Between You and Me;Episodes: 6;2019;Aired: Apr  4, 2019 - Apr 20, 2019;Original Network:;;Content Rating: Not Yet Rated;
Title: All-Boys High;Episodes: 10;2019;Aired: Apr  4, 2019 - May  9, 2019;Original Network:;;Content Rating: Not Yet Rated;
Title: Motae Solo;Episodes: 2;2019;Aired: Apr  5, 2019 - Jun 13, 2019;Original Network:;;Content Rating: Not Yet Rated;
Title: Beautiful World;Episodes: 16;2019;Aired: Apr  5, 2019 - May 25, 2019;Original Network:  jTBC;;Content Rating: 15+ - Teens 15 or older;Disney+ Hotstar Subscription (sub)           Netflix Subscription (sub)
Title: Special Labor Inspector Jo;Episodes: 32;2019;Aired: Apr  8, 2019 - May 28, 2019;Original Network:  MBC;;Content Rating: 15+ - Teens 15 or older;Kocowa Subscription
Title: I Hate Going to Work;Episodes: 12;2019;Aired: Apr  9, 2019 - Jul  2, 2019;Original Network:  KBS2;;Content Rating: Not Yet Rated;
Title: Camellia;Episodes: 5;2019;Aired: Apr  9, 2019 - May  7, 2019;Original Network:;;Content Rating: G - All Ages;
Title: Her Private Life;Episodes: 16;2019;Aired: Apr 10, 2019 - May 30, 2019;Original Network:  tvN;;Content Rating: 15+ - Teens 15 or older;Apple TV Free            Netflix Subscription (sub)           WeTV Free (sub)           Viki Free (sub)           iQIYI Free (sub)           Prime Video Subscription (sub)           Tubi Free (sub)           Roku Free (sub)
Title: When the Apple of Eye Shattered;Episodes: 1;2019;Aired: Apr 11, 2019;Original Network:;;Content Rating: Not Yet Rated;
Title: Persona;Episodes: 4;2019;Aired: Apr 11, 2019;Original Network:;;Content Rating: 18+ Restricted (violence & profanity);Netflix Subscription (sub)
Title: My First First Love;Episodes: 8;2019;Aired: Apr 18, 2019;Original Network:;;Content Rating: 13+ - Teens 13 or older;Netflix Subscription (sub)
Title: A-Teen Season 2;Episodes: 20;2019;Aired: Apr 21, 2019 - Jun 27, 2019;Original Network:  Naver TV Cast,  vLive;;Content Rating: 15+ - Teens 15 or older;WeTV Free (sub)           PlayList Global Free (sub)           Viki Free (sub)           Wavve Subscription
Title: The Nokdu Flower;Episodes: 48;2019;Aired: Apr 26, 2019 - Jul 13, 2019;Original Network:  SBS;;Content Rating: 15+ - Teens 15 or older;Netflix Subscription (sub)           Viki Free (sub)           SBS World Free (sub)           Tubi Free (sub)           Prime Video Free (sub)           Roku Free (sub)           Kocowa Subscription (sub)
Title: Home for Summer;Episodes: 128;2019;Aired: Apr 29, 2019 - Oct 25, 2019;Original Network:  KBS1;;Content Rating: 15+ - Teens 15 or older;KBS World Free (sub)
Title: X-Garion;Episodes: 44;2019;Aired: Aug  1, 2019 - Dec 26, 2019;Original Network:  Tooniverse;;Content Rating: Not Yet Rated;
Title: Triple Fling Season 2;Episodes: 8;2019;Aired: Aug  1, 2019 - Sep 19, 2019;Original Network:;;Content Rating: 13+ - Teens 13 or older;
Title: TAT;Episodes: 14;2019;Aired: Aug  3, 2019 - Oct 19, 2019;Original Network:;;Content Rating: Not Yet Rated;
Title: Everything and Nothing;Episodes: 4;2019;Aired: Aug  5, 2019 - Aug  6, 2019;Original Network:  SBS;;Content Rating: 15+ - Teens 15 or older;Viki Subscription (sub)           Prime Video Subscription (sub)           Roku Subscription            Kocowa Free (sub)
Title: I Wanna Hear Your Song;Episodes: 32;2019;Aired: Aug  5, 2019 - Sep 24, 2019;Original Network:  KBS2;;Content Rating: 15+ - Teens 15 or older;Viki Subscription (sub)           Prime Video Subscription (sub)           Roku Subscription            Kocowa Subscription
Title: Welcome 2 Life;Episodes: 32;2019;Aired: Aug  5, 2019 - Sep 24, 2019;Original Network:  MBC;;Content Rating: 15+ - Teens 15 or older;Apple TV Subscription            Viki Subscription (sub)           Prime Video Subscription (sub)           Kocowa Subscription (sub)
Title: My YouTube Diary;Episodes: 14;2019;Aired: Aug  9, 2019 - Nov 15, 2019;Original Network:  Tooniverse;;Content Rating: G - All Ages;Tooniverse Free (sub)
Title: Perhaps Love?;Episodes: 11;2019;Aired: Aug  9, 2019 - Sep  6, 2019;Original Network:;;Content Rating: Not Yet Rated;
Title: Summer Vacation;Episodes: 6;2019;Aired: Aug  9, 2019 - Sep 13, 2019;Original Network:  Naver TV Cast,  vLive;;Content Rating: 15+ - Teens 15 or older;
Title: Hip Hop King: Nassna Street;Episodes: 6;2019;Aired: Aug  9, 2019 - Sep 13, 2019;Original Network:  SBS;;Content Rating: 15+ - Teens 15 or older;Apple TV Subscription            AsianCrush Subscription (sub)           Tubi Free (sub)
Title: Be Melodramatic;Episodes: 16;2019;Aired: Aug  9, 2019 - Sep 28, 2019;Original Network:  jTBC;;Content Rating: 15+ - Teens 15 or older;Apple TV Free (sub)           Disney+ Hotstar Subscription (sub)           Netflix Subscription (sub)           WeTV Free (sub)           Viki Free (sub)           Kocowa Subscription (sub)
Title: Rumor;Episodes: 8;2019;Aired: Aug 10, 2019 - Sep 26, 2019;Original Network:  Genie TV;;Content Rating: 15+ - Teens 15 or older;STUDIO DIA Free (sub)           Kocowa Free (sub)
Title: Horror Monday;Episodes: 5;2019;Aired: Aug 12, 2019 - Aug 16, 2019;Original Network:;;Content Rating: Not Yet Rated;
Title: Issue Makers;Episodes: 10;2019;Aired: Aug 16, 2019 - Sep  6, 2019;Original Network:  SBS Plus;;Content Rating: 13+ - Teens 13 or older;Viki Subscription (sub)           Kocowa Subscription
Title: Alive;Episodes: 8;2019;Aired: Aug 17, 2019 - Aug 28, 2019;Original Network:  Naver TV Cast;;Content Rating: 15+ - Teens 15 or older;Viki Subscription (sub)           Lululala Story Lab Free            Kocowa Subscription (sub)
Title: Office Record;Episodes: 8;2019;Aired: Aug 17, 2019 - Feb  8, 2020;Original Network:;;Content Rating: 15+ - Teens 15 or older;
Title: Little Lovers Street;Episodes: 4;2019;Aired: Aug 20, 2019 - Aug 29, 2019;Original Network:;;Content Rating: Not Yet Rated;
Title: Graceful Family;Episodes: 16;2019;Aired: Aug 21, 2019 - Oct 17, 2019;Original Network:  MBN;;Content Rating: 15+ - Teens 15 or older;Viki Free (sub)
Title: Love Alarm;Episodes: 8;2019;Aired: Aug 22, 2019;Original Network:  Netflix;;Content Rating: 13+ - Teens 13 or older;Netflix Subscription (sub)
Title: The Great Show;Episodes: 16;2019;Aired: Aug 26, 2019 - Oct 15, 2019;Original Network:  tvN;;Content Rating: 15+ - Teens 15 or older;Roku Free            Tubi Free
Title: Cat's Bar;Episodes: 10;2019;Aired: Aug 26, 2019 - Oct 28, 2019;Original Network:;;Content Rating: G - All Ages;
Title: Real:Time:Love;Episodes: 15;2019;Aired: Aug 26, 2019 - Sep 27, 2019;Original Network:  vLive;;Content Rating: 15+ - Teens 15 or older;WeTV Free (sub)
Title: My Ghost Brother;Episodes: 10;2019;Aired: Aug 27, 2019 - Oct 29, 2019;Original Network:  Naver TV Cast;;Content Rating: 15+ - Teens 15 or older;
Title: Strangers from Hell;Episodes: 10;2019;Aired: Aug 31, 2019 - Oct  6, 2019;Original Network:  OCN;;Content Rating: 15+ - Teens 15 or older;Apple TV Subscription (sub)           Prime Video Subscription (sub)           Roku Free (sub)           Tubi Free
Title: Bad Love;Episodes: 129;2019;Aired: Dec  2, 2019 - May 29, 2020;Original Network:  MBC;;Content Rating: 15+ - Teens 15 or older;
Title: Stranger Kim;Episodes: 6;2019;Aired: Dec  3, 2019 - Dec 19, 2019;Original Network:  Naver TV Cast,  vLive;;Content Rating: Not Yet Rated;Viki Free (sub)           KOK TV Free
Title: Woman of 9.9 Billion;Episodes: 32;2019;Aired: Dec  4, 2019 - Jan 23, 2020;Original Network:  KBS2;;Content Rating: 15+ - Teens 15 or older;Viki Subscription (sub)           Prime Video Subscription (sub)           Roku Subscription            Kocowa Subscription (sub)
Title: 4 Reasons Why I Hate Christmas;Episodes: 6;2019;Aired: Dec  7, 2019 - Dec 25, 2019;Original Network:  Naver TV Cast,  vLive;;Content Rating: 15+ - Teens 15 or older;PlayList Global Free
Title: Miracle Girl;Episodes: 6;2019;Aired: Dec  9, 2019 - Dec 25, 2019;Original Network:  Naver TV Cast,  vLive;;Content Rating: 13+ - Teens 13 or older;
Title: Hot Stove League;Episodes: 16;2019;Aired: Dec 13, 2019 - Feb 14, 2020;Original Network:  SBS;;Content Rating: 15+ - Teens 15 or older;Netflix Subscription (sub)           Viki Subscription (sub)           Prime Video Subscription (sub)           Kocowa Free (sub)
Title: Queen: Love and War;Episodes: 16;2019;Aired: Dec 14, 2019 - Feb  9, 2020;Original Network:  TV Chosun;;Content Rating: 15+ - Teens 15 or older;Viki Subscription (sub)           iQIYI Free (sub)
Title: Crash Landing on You;Episodes: 16;2019;Aired: Dec 14, 2019 - Feb 16, 2020;Original Network:  tvN;;Content Rating: 15+ - Teens 15 or older;Netflix Subscription (sub)           TVING Subscription
Title: Black Dog;Episodes: 16;2019;Aired: Dec 16, 2019 - Feb  4, 2020;Original Network:  tvN;;Content Rating: 15+ - Teens 15 or older;Netflix Subscription (sub)
Title: Diary of a Prosecutor;Episodes: 16;2019;Aired: Dec 16, 2019 - Feb 11, 2020;Original Network:  jTBC;;Content Rating: 15+ - Teens 15 or older;Disney+ Hotstar Subscription (sub)           Hulu Subscription (sub)           iflix Free (sub)           Netflix Subscription (sub)
Title: Ghost VRos;Episodes: 8;2019;Aired: Dec 16, 2019 - Jan  2, 2020;Original Network:  tvN;;Content Rating: Not Yet Rated;Viki Free (sub)           tvN D STORY Free            Kocowa Free (sub)
Title: Farming Academy Season 2;Episodes: 4;2019;Aired: Dec 16, 2019 - Jan  6, 2020;Original Network:  SBS;;Content Rating: 15+ - Teens 15 or older;Kocowa Free (sub)
Title: The Secret of Secret;Episodes: 4;2019;Aired: Dec 18, 2019 - Dec 27, 2019;Original Network:  Naver TV Cast;;Content Rating: 13+ - Teens 13 or older;
Title: Do You Want to Play the Truth or Dare with Me? Reboot;Episodes: 2;2019;Aired: Dec 20, 2019 - Dec 27, 2019;Original Network:;;Content Rating: Not Yet Rated;
Title: Genome’s Romance;Episodes: 8;2019;Aired: Dec 20, 2019 - Jan 22, 2020;Original Network:  Seezn;;Content Rating: 13+ - Teens 13 or older;Viki Subscription (sub)           Kocowa Free (sub)
Title: Wish Woosh Season 2;Episodes: 10;2019;Aired: Dec 24, 2019 - Jan 23, 2020;Original Network:  vLive;;Content Rating: 15+ - Teens 15 or older;WeTV Free (sub)           KOK TV Free (sub)           Tubi Free (sub)
Title: LOVE-Imong;Episodes: 6;2019;Aired: Dec 24, 2019 - Jan 28, 2020;Original Network:;;Content Rating: Not Yet Rated;
Title: Worth Love, Bo Ram;Episodes: 2;2019;Aired: Dec 27, 2019 - Dec 28, 2019;Original Network:  MBC Dramanet;;Content Rating: Not Yet Rated;
Title: Confession Company;Episodes: 4;2019;Aired: Dec 28, 2019 - Dec 31, 2019;Original Network:;;Content Rating: Not Yet Rated;
Title: Worth Love, Bo Ram;Episodes: 10;2019;Aired: Dec 30, 2019 - Feb 24, 2020;Original Network:  Naver TV Cast;;Content Rating: 15+ - Teens 15 or older;
Title: Suddenly, Mood, First Love;Episodes: 7;2019;Aired: Feb  1, 2019 - Feb 22, 2019;Original Network:  Naver TV Cast;;Content Rating: Not Yet Rated;
Title: My Heart Flutters;Episodes: 8;2019;Aired: Feb  1, 2019 - Mar  2, 2019;Original Network:  Naver TV Cast;;Content Rating: Not Yet Rated;
Title: It's Okay to Be Sensitive Season 2;Episodes: 10;2019;Aired: Feb  1, 2019 - Mar  5, 2019;Original Network:  Naver TV Cast,  vLive;;Content Rating: Not Yet Rated;tvN D STORY Free
Title: Love as You Taste;Episodes: 10;2019;Aired: Feb  2, 2019 - Apr  3, 2019;Original Network:;;Content Rating: 13+ - Teens 13 or older;Viki Subscription (sub)           Prime Video Purchase            Kocowa Subscription (sub)
Title: Fancafe;Episodes: 7;2019;Aired: Feb  4, 2019 - Feb 12, 2019;Original Network:;;Content Rating: G - All Ages;AsianCrush Free (sub)
Title: Touch Your Heart;Episodes: 16;2019;Aired: Feb  6, 2019 - Mar 28, 2019;Original Network:  tvN;;Content Rating: 15+ - Teens 15 or older;Apple TV Subscription            Netflix Subscription (sub)           WeTV Subscription (sub)           Viki Free (sub)           iQIYI Free (sub)           iWant TFC Free            Prime Video Subscription (sub)
Title: Ugly Miss Young Ae Season 17;Episodes: 12;2019;Aired: Feb  8, 2019 - Apr 26, 2019;Original Network:  tvN;;Content Rating: 15+ - Teens 15 or older;
Title: Legal High;Episodes: 16;2019;Aired: Feb  8, 2019 - Mar 30, 2019;Original Network:  jTBC;;Content Rating: 15+ - Teens 15 or older;Netflix Subscription (sub)           Viki Free (sub)
Title: Trap;Episodes: 7;2019;Aired: Feb  9, 2019 - Mar  3, 2019;Original Network:  OCN;;Content Rating: 15+ - Teens 15 or older;Apple TV Subscription (sub)           Tubi Free (sub)
Title: Snow Blossom;Episodes: 6;2019;Aired: Feb  9, 2019 - Mar 16, 2019;Original Network:;;Content Rating: Not Yet Rated;
Title: The Item;Episodes: 32;2019;Aired: Feb 11, 2019 - Apr  2, 2019;Original Network:  MBC;;Content Rating: 15+ - Teens 15 or older;Apple TV Subscription            Viki Subscription (sub)           Prime Video Subscription (sub)           Kocowa Subscription
Title: Haechi;Episodes: 48;2019;Aired: Feb 11, 2019 - Apr 30, 2019;Original Network:  SBS;;Content Rating: 15+ - Teens 15 or older;Netflix Subscription (sub)           Viki Subscription (sub)           SBS World Free            Prime Video Subscription (sub)           Kocowa Subscription (sub)
Title: The Light in Your Eyes;Episodes: 12;2019;Aired: Feb 11, 2019 - Mar 19, 2019;Original Network:  jTBC;;Content Rating: 15+ - Teens 15 or older;Apple TV Subscription (sub)           Disney+ Hotstar Subscription (sub)           Netflix Subscription (sub)           Viki Free (sub)           iQIYI Free (sub)           Hulu Subscription (sub)           Tubi Free (sub)           Prime Video Subscription (sub)           Kocowa Subscription (sub)
Title: Loss Time Life;Episodes: 2;2019;Aired: Feb 13, 2019 - Feb 14, 2019;Original Network:;;Content Rating: 15+ - Teens 15 or older;Kocowa Free (sub)
Title: We See Winter;Episodes: 2;2019;Aired: Feb 13, 2019 - Feb 20, 2019;Original Network:  vLive;;Content Rating: Not Yet Rated;
Title: Travelogue;Episodes: 3;2019;Aired: Feb 13, 2019 - Feb 27, 2019;Original Network:;;Content Rating: Not Yet Rated;
Title: 20+1;Episodes: 6;2019;Aired: Feb 13, 2019 - Mar  2, 2019;Original Network:  Naver TV Cast;;Content Rating: Not Yet Rated;
Title: About Youth;Episodes: 8;2019;Aired: Feb 14, 2019 - Apr  4, 2019;Original Network:;;Content Rating: Not Yet Rated;Vanilasee Free (sub)
Title: I Hate You, Juliet!;Episodes: 18;2019;Aired: Feb 14, 2019 - May  1, 2019;Original Network:  Oksusu;;Content Rating: 13+ - Teens 13 or older;Viki Free (sub)
Title: Office Watch Season 3;Episodes: 14;2019;Aired: Feb 15, 2019 - Apr  3, 2019;Original Network:  Naver TV Cast,  vLive;;Content Rating: Not Yet Rated;KOK TV Free (sub)           Kocowa Subscription (sub)
Title: Remember, Hari 2;Episodes: 8;2019;Aired: Feb 15, 2019 - Apr  5, 2019;Original Network:  Tooniverse;;Content Rating: 15+ - Teens 15 or older;Tooniverse Free (sub)
Title: The Fiery Priest;Episodes: 40;2019;Aired: Feb 15, 2019 - Apr 20, 2019;Original Network:  SBS;;Content Rating: 15+ - Teens 15 or older;Apple TV Free            Netflix Subscription (sub)           Viki Subscription (sub)           SBS World Free (sub)           Prime Video Subscription (sub)           Roku Subscription            Kocowa Free (sub)
Title: Chairman Park's Picture Warehouse;Episodes: 9;2019;Aired: Feb 15, 2019 - Mar  8, 2019;Original Network:;;Content Rating: Not Yet Rated;
Title: Things That May Occur to You Today;Episodes: 3;2019;Aired: Feb 21, 2019 - Mar  7, 2019;Original Network:;;Content Rating: 13+ - Teens 13 or older;
"Title: Do You ""Truth or Dare"" with Me?";Episodes: 2;2019;Aired: Feb 22, 2019;Original Network:;;Content Rating: Not Yet Rated;
Title: Love in Sadness;Episodes: 40;2019;Aired: Feb 23, 2019 - Apr 27, 2019;Original Network:  MBC;;Content Rating: Not Yet Rated;Kocowa Subscription
Title: Can Love Be Refunded;Episodes: 12;2019;Aired: Feb 25, 2019 - Apr  2, 2019;Original Network:  Naver TV Cast,  vLive;;Content Rating: Not Yet Rated;Viki Free (sub)           Kocowa Free (sub)
Title: My Dear Friend;Episodes: 4;2019;Aired: Feb 28, 2019 - Apr  3, 2019;Original Network:;;Content Rating: 13+ - Teens 13 or older;CheezeFilm Free (sub)
Title: The Best Chicken;Episodes: 12;2019;Aired: Jan  2, 2019 - Feb  7, 2019;Original Network:  DramaX,  MBN;;Content Rating: 15+ - Teens 15 or older;Viki Free (sub)
Title: Left-Handed Wife;Episodes: 103;2019;Aired: Jan  2, 2019 - May 31, 2019;Original Network:  KBS2;;Content Rating: 15+ - Teens 15 or older;KBS World Free (sub)
Title: Our Friendship 0.5cm;Episodes: 4;2019;Aired: Jan  3, 2019 - Jan 17, 2019;Original Network:;;Content Rating: Not Yet Rated;
Title: 380,000 km Between You and Me;Episodes: 9;2019;Aired: Jan  4, 2019 - Mar  1, 2019;Original Network:  vLive;;Content Rating: G - All Ages;
Title: The Crowned Clown;Episodes: 16;2019;Aired: Jan  7, 2019 - Mar  4, 2019;Original Network:  tvN;;Content Rating: 15+ - Teens 15 or older;Netflix Subscription (sub)           WeTV Free (sub)           iQIYI Free (sub)           Prime Video Subscription (sub)           Viki Subscription (sub)           Tubi Free (sub)           Roku Free (sub)
Title: My Lawyer, Mr. Joe 2: Crime and Punishment;Episodes: 40;2019;Aired: Jan  7, 2019 - Mar 26, 2019;Original Network:  KBS2;;Content Rating: 15+ - Teens 15 or older;Viki Subscription (sub)           Prime Video Subscription (sub)           Kocowa Free (sub)
Title: Liver or Die;Episodes: 40;2019;Aired: Jan  9, 2019 - Mar 14, 2019;Original Network:  KBS2;;Content Rating: 15+ - Teens 15 or older;Netflix Subscription (sub)           Prime Video Subscription (sub)           Roku Subscription            Kocowa Subscription
Title: Re-Feel;Episodes: 8;2019;Aired: Jan 10, 2019 - Feb  2, 2019;Original Network:  Naver TV Cast,  vLive;;Content Rating: Not Yet Rated;WeTV Free (sub)           PlayList Global Free (sub)
Title: High School Romance;Episodes: 7;2019;Aired: Jan 14, 2019 - Feb 11, 2019;Original Network:;;Content Rating: Not Yet Rated;CheezeFilm Free (sub)
Title: Blessing of the Sea;Episodes: 121;2019;Aired: Jan 14, 2019 - Jul 12, 2019;Original Network:  MBC;;Content Rating: 15+ - Teens 15 or older;
Title: Coffee Love Coffee;Episodes: 8;2019;Aired: Jan 17, 2019 - Mar 20, 2019;Original Network:  Naver TV Cast;;Content Rating: Not Yet Rated;
Title: Wind-Bell;Episodes: 10;2019;Aired: Jan 18, 2019 - Jan 27, 2019;Original Network:  Naver TV Cast;;Content Rating: 13+ - Teens 13 or older;Viki Free (sub)
Title: Spring Turns to Spring;Episodes: 32;2019;Aired: Jan 23, 2019 - Mar 21, 2019;Original Network:  MBC;;Content Rating: 15+ - Teens 15 or older;Apple TV Subscription            Viki Subscription (sub)           Prime Video Subscription (sub)           Roku Subscription            Kocowa Free (sub)
Title: Kingdom;Episodes: 6;2019;Aired: Jan 25, 2019;Original Network:  Netflix;;Content Rating: 18+ Restricted (violence & profanity);Netflix Subscription (sub)
Title: Romance Is a Bonus Book;Episodes: 16;2019;Aired: Jan 26, 2019 - Mar 17, 2019;Original Network:  tvN;;Content Rating: 15+ - Teens 15 or older;Netflix Subscription (sub)
Title: Tower of Babel;Episodes: 16;2019;Aired: Jan 27, 2019 - Mar 24, 2019;Original Network:  TV Chosun;;Content Rating: 18+ Restricted (violence & profanity);Viki Free (sub)
Title: Designated Survivor: 60 Days;Episodes: 16;2019;Aired: Jul  1, 2019 - Aug 20, 2019;Original Network:  tvN;;Content Rating: 15+ - Teens 15 or older;Netflix Subscription (sub)
Title: I Have Three Boyfriends;Episodes: 10;2019;Aired: Jul  3, 2019 - Aug  3, 2019;Original Network:  Naver TV Cast;;Content Rating: Not Yet Rated;Lululala Story Lab Free
Title: When You Love Yourself Season 2;Episodes: 10;2019;Aired: Jul  5, 2019 - Aug  7, 2019;Original Network:  vLive;;Content Rating: G - All Ages;tvN D STORY Free
Title: Love Affairs in the Afternoon;Episodes: 16;2019;Aired: Jul  5, 2019 - Aug 24, 2019;Original Network:  Channel A;;Content Rating: 15+ - Teens 15 or older;Viki Subscription (sub)           Kocowa Subscription (sub)
Title: Watcher;Episodes: 16;2019;Aired: Jul  6, 2019 - Aug 25, 2019;Original Network:  OCN;;Content Rating: 15+ - Teens 15 or older;Apple TV Subscription            Disney+ Hotstar Subscription (sub)           Viki Free (sub)
Title: Level Up;Episodes: 12;2019;Aired: Jul 10, 2019 - Aug 15, 2019;Original Network:  DramaX,  MBN;;Content Rating: 13+ - Teens 13 or older;Apple TV Free            Viki Free (sub)
Title: Wild Guys;Episodes: 10;2019;Aired: Jul 12, 2019 - Aug 16, 2019;Original Network:  tvN;;Content Rating: Not Yet Rated;tvN D STORY Free (sub)
Title: Hotel del Luna;Episodes: 16;2019;Aired: Jul 13, 2019 - Sep  1, 2019;Original Network:  tvN;;Content Rating: 15+ - Teens 15 or older;Apple TV Free (sub)           Disney+ Hotstar Subscription (sub)           Netflix Subscription (sub)           WeTV Free (sub)           Viki Free (sub)           iQIYI Free (sub)           Prime Video Subscription
Title: Everybody Say Kungdari;Episodes: 99;2019;Aired: Jul 15, 2019 - Nov 29, 2019;Original Network:  MBC;;Content Rating: 15+ - Teens 15 or older;
Title: Our Baseball;Episodes: 10;2019;Aired: Jul 16, 2019 - Aug 13, 2019;Original Network:  Naver TV Cast;;Content Rating: 15+ - Teens 15 or older;
Title: Jal Pa Gin Love;Episodes: 3;2019;Aired: Jul 16, 2019 - Jul 18, 2019;Original Network:  Naver TV Cast,  tvN;;Content Rating: Not Yet Rated;
Title: Miss Independent Ji Eun Season 2;Episodes: 16;2019;Aired: Jul 16, 2019 - Sep  6, 2019;Original Network:  vLive;;Content Rating: Not Yet Rated;Dingo K-Drama Free
Title: Doctor Detective;Episodes: 32;2019;Aired: Jul 17, 2019 - Sep  5, 2019;Original Network:  SBS;;Content Rating: 15+ - Teens 15 or older;Apple TV Subscription (sub)           Prime Video Subscription (sub)           Roku Subscription            Kocowa Subscription
Title: Justice;Episodes: 32;2019;Aired: Jul 17, 2019 - Sep  5, 2019;Original Network:  KBS2;;Content Rating: 15+ - Teens 15 or older;Apple TV Free (sub)           Viki Subscription (sub)           KBS World Free (sub)           Prime Video Subscription (sub)           Kocowa Free (sub)
Title: Class of Lies;Episodes: 16;2019;Aired: Jul 17, 2019 - Sep  5, 2019;Original Network:  OCN;;Content Rating: 15+ - Teens 15 or older;Apple TV Subscription            Tubi Free (sub)
Title: Rookie Historian Goo Hae Ryung;Episodes: 40;2019;Aired: Jul 17, 2019 - Sep 26, 2019;Original Network:  MBC;;Content Rating: 15+ - Teens 15 or older;Netflix Subscription (sub)
Title: Daily FIFA;Episodes: 4;2019;Aired: Jul 18, 2019 - Aug 13, 2019;Original Network:;;Content Rating: Not Yet Rated;
Title: Doctor John;Episodes: 32;2019;Aired: Jul 19, 2019 - Sep  7, 2019;Original Network:  SBS;;Content Rating: 15+ - Teens 15 or older;Apple TV Free            Netflix Subscription (sub)           Viki Subscription (sub)           SBS World Free (sub)           Prime Video Subscription (sub)           Kocowa Subscription (sub)
Title: Golden Garden;Episodes: 60;2019;Aired: Jul 20, 2019 - Oct 26, 2019;Original Network:  MBC;;Content Rating: 15+ - Teens 15 or older;Apple TV Subscription            Viki Subscription (sub)           Prime Video Subscription (sub)           Kocowa Free (sub)
Title: Moment at Eighteen;Episodes: 16;2019;Aired: Jul 22, 2019 - Sep 10, 2019;Original Network:  jTBC;;Content Rating: 15+ - Teens 15 or older;Netflix Subscription (sub)           WeTV Free (sub)           Viki Free (sub)           Prime Video Subscription (sub)           Roku Free            Kocowa Subscription (sub)
Title: Kazua Library;Episodes: 10;2019;Aired: Jul 25, 2019 - Aug 29, 2019;Original Network:  Naver TV Cast;;Content Rating: Not Yet Rated;
Title: Best Mistake;Episodes: 15;2019;Aired: Jul 25, 2019 - Sep 12, 2019;Original Network:  vLive;;Content Rating: 13+ - Teens 13 or older;WeTV Free (sub)           Viki Free (sub)           KOK TV Free            Kocowa Subscription (sub)
Title: My First First Love Season 2;Episodes: 8;2019;Aired: Jul 26, 2019;Original Network:;;Content Rating: 15+ - Teens 15 or older;Netflix Subscription (sub)
Title: IN-SEOUL;Episodes: 15;2019;Aired: Jul 29, 2019 - Sep 16, 2019;Original Network:  jTBC,  vLive;;Content Rating: Not Yet Rated;PlayList Global Free
Title: When the Devil Calls Your Name;Episodes: 16;2019;Aired: Jul 31, 2019 - Sep 19, 2019;Original Network:  tvN;;Content Rating: 15+ - Teens 15 or older;iQIYI Free (sub)           Tubi Free (sub)           Roku Free (sub)
Title: Arthdal Chronicles Part 1: The Children of Prophecy;Episodes: 6;2019;Aired: Jun  1, 2019 - Jun 16, 2019;Original Network:  tvN;;Content Rating: 15+ - Teens 15 or older;Netflix Subscription (sub)
Title: Perfume;Episodes: 32;2019;Aired: Jun  3, 2019 - Jul 23, 2019;Original Network:  KBS2;;Content Rating: 15+ - Teens 15 or older;Apple TV Subscription            Viki Subscription (sub)           Prime Video Subscription (sub)           Kocowa Free (sub)
Title: What Sins Did You Commit in Your Previous Life?;Episodes: 16;2019;Aired: Jun  3, 2019 - Jul 24, 2019;Original Network:;;Content Rating: Not Yet Rated;
Title: Partners for Justice Season 2;Episodes: 32;2019;Aired: Jun  3, 2019 - Jul 29, 2019;Original Network:  MBC;;Content Rating: 15+ - Teens 15 or older;Netflix Subscription (sub)           Viki Subscription (sub)           Kocowa Subscription
Title: A Place in the Sun;Episodes: 102;2019;Aired: Jun  3, 2019 - Nov  1, 2019;Original Network:  KBS2;;Content Rating: 15+ - Teens 15 or older;KBS World Free
Title: Search: WWW;Episodes: 16;2019;Aired: Jun  5, 2019 - Jul 25, 2019;Original Network:  tvN;;Content Rating: 15+ - Teens 15 or older;Apple TV Free (sub)           Disney+ Hotstar Subscription (sub)           Netflix Subscription (sub)           WeTV Free (sub)           Viki Free (sub)           iflix Free            Prime Video Subscription (sub)           Tubi Free (sub)           Roku Free (sub)
Title: Joseon Survival;Episodes: 16;2019;Aired: Jun  8, 2019 - Aug 17, 2019;Original Network:  TV Chosun;;Content Rating: 15+ - Teens 15 or older;
Title: Transformation;Episodes: 6;2019;Aired: Jun 10, 2019 - Jul 18, 2019;Original Network:;;Content Rating: Not Yet Rated;
Title: Chief of Staff;Episodes: 10;2019;Aired: Jun 14, 2019 - Jul 13, 2019;Original Network:  jTBC;;Content Rating: 15+ - Teens 15 or older;Netflix Subscription (sub)
Title: Biggest Fan;Episodes: 6;2019;Aired: Jun 16, 2019 - Jul  7, 2019;Original Network:  vLive;;Content Rating: Not Yet Rated;
Title: Multi Personality Girl;Episodes: 6;2019;Aired: Jun 17, 2019 - Jan 23, 2020;Original Network:;;Content Rating: Not Yet Rated;CheezeFilm Free (sub)
Title: Love Playlist Season 4;Episodes: 16;2019;Aired: Jun 19, 2019 - Aug 10, 2019;Original Network:  Naver TV Cast,  vLive;;Content Rating: 15+ - Teens 15 or older;WeTV Free (sub)           PlayList Global Free
Title: Clumsy Love;Episodes: 7;2019;Aired: Jun 20, 2019 - Jul 11, 2019;Original Network:;;Content Rating: Not Yet Rated;
Title: Short Paper Season 3;Episodes: 7;2019;Aired: Jun 21, 2019 - Oct 31, 2019;Original Network:  Naver TV Cast;;Content Rating: Not Yet Rated;
Title: Arthdal Chronicles Part 2: The Sky Turning Inside Out, Rising Land;Episodes: 6;2019;Aired: Jun 22, 2019 - Jul  7, 2019;Original Network:  tvN;;Content Rating: 15+ - Teens 15 or older;Netflix Subscription (sub)
Title: Will Be Okay, Never Die;Episodes: 6;2019;Aired: Jun 25, 2019 - Jul 30, 2019;Original Network:;;Content Rating: Not Yet Rated;STUDIO DIA Free (sub)
Title: Coffee Love Coffee Season 2;Episodes: 8;2019;Aired: Jun 27, 2019 - Aug 15, 2019;Original Network:;;Content Rating: Not Yet Rated;
Title: Feel It, Genie Season 2;Episodes: 6;2019;Aired: Mar  1, 2019 - Apr  5, 2019;Original Network:  Genie TV;;Content Rating: Not Yet Rated;
Title: Possessed;Episodes: 16;2019;Aired: Mar  6, 2019 - Apr 25, 2019;Original Network:  OCN;;Content Rating: 15+ - Teens 15 or older;Netflix Subscription (sub)
Title: Big Issue;Episodes: 32;2019;Aired: Mar  6, 2019 - May  2, 2019;Original Network:  SBS;;Content Rating: 15+ - Teens 15 or older;Apple TV Subscription (sub)           Viki Subscription (sub)           SBS World Free            Prime Video Subscription (sub)           Kocowa Subscription (sub)
Title: Oh, Yeojeong: Busan;Episodes: 4;2019;Aired: Mar  7, 2019 - Mar 28, 2019;Original Network:  Naver TV Cast;;Content Rating: Not Yet Rated;
Title: Just One Bite Season 2;Episodes: 10;2019;Aired: Mar  8, 2019;Original Network:  Naver TV Cast,  vLive;;Content Rating: 15+ - Teens 15 or older;WeTV Free (sub)           PlayList Global Free
Title: Benton;Episodes: 3;2019;Aired: Mar  8, 2019 - Mar 29, 2019;Original Network:;;Content Rating: Not Yet Rated;
Title: Romantic Witch's Starlight Sonata;Episodes: 2;2019;Aired: Mar  9, 2019;Original Network:;;Content Rating: Not Yet Rated;
Title: He Is Psychometric;Episodes: 16;2019;Aired: Mar 11, 2019 - Apr 30, 2019;Original Network:  tvN;;Content Rating: 15+ - Teens 15 or older;Apple TV Free (sub)           WeTV Free (sub)           Viki Free (sub)           iQIYI Free (sub)           Prime Video Subscription (sub)           Tubi Free (sub)           Roku Free
Title: Maybe, Maybe Not;Episodes: 8;2019;Aired: Mar 12, 2019 - May  7, 2019;Original Network:;;Content Rating: G - All Ages;STUDIO DIA Free (sub)
Title: Let's Have a Drink;Episodes: 6;2019;Aired: Mar 13, 2019 - Mar 30, 2019;Original Network:  Naver TV Cast;;Content Rating: Not Yet Rated;
Title: Fight Hard, Love Harder;Episodes: 4;2019;Aired: Mar 14, 2019 - Apr  4, 2019;Original Network:;;Content Rating: Not Yet Rated;
Title: Triple Fling;Episodes: 8;2019;Aired: Mar 14, 2019 - May  2, 2019;Original Network:;;Content Rating: 13+ - Teens 13 or older;
Title: My Life Is Like a Webso;Episodes: 3;2019;Aired: Mar 15, 2019 - Mar 23, 2019;Original Network:;;Content Rating: Not Yet Rated;
Title: Doctor Prisoner;Episodes: 32;2019;Aired: Mar 20, 2019 - May 15, 2019;Original Network:  KBS2;;Content Rating: 15+ - Teens 15 or older;Apple TV Free (sub)           Netflix Subscription (sub)           Viki Subscription (sub)           Prime Video Subscription (sub)           Roku Subscription            Kocowa Subscription (sub)
Title: Nineteen;Episodes: 8;2019;Aired: Mar 21, 2019 - May  9, 2019;Original Network:;;Content Rating: Not Yet Rated;
Title: On the Campus;Episodes: 5;2019;Aired: Mar 23, 2019 - Apr 20, 2019;Original Network:;;Content Rating: Not Yet Rated;
Title: Freshman;Episodes: 12;2019;Aired: Mar 23, 2019 - Apr 28, 2019;Original Network:  Naver TV Cast,  vLive;;Content Rating: G - All Ages;
Title: Kill It;Episodes: 12;2019;Aired: Mar 23, 2019 - Apr 28, 2019;Original Network:  OCN;;Content Rating: 15+ - Teens 15 or older;WeTV Free (sub)           Viki Free (sub)           iQIYI Free (sub)           Tubi Free (sub)
Title: Confession;Episodes: 16;2019;Aired: Mar 23, 2019 - May 12, 2019;Original Network:  tvN;;Content Rating: 15+ - Teens 15 or older;Apple TV Subscription (sub)           Tubi Free (sub)           Roku Free
Title: Mother of Mine;Episodes: 108;2019;Aired: Mar 23, 2019 - Sep 22, 2019;Original Network:  KBS2;;Content Rating: 15+ - Teens 15 or older;KBS World Free (sub)           Viki Subscription (sub)           Prime Video Subscription (sub)           Kocowa Subscription
Title: Welcome to Waikiki Season 2;Episodes: 16;2019;Aired: Mar 25, 2019 - May 14, 2019;Original Network:  jTBC;;Content Rating: 15+ - Teens 15 or older;Netflix Subscription (sub)           WeTV Free (sub)           Viki Free (sub)           Prime Video Subscription
Title: What a Wonderful World;Episodes: 8;2019;Aired: Mar 26, 2019 - Apr 18, 2019;Original Network:;;Content Rating: Not Yet Rated;
Title: The Banker;Episodes: 32;2019;Aired: Mar 27, 2019 - May 16, 2019;Original Network:  MBC;;Content Rating: 15+ - Teens 15 or older;Viki Subscription (sub)           Kocowa Free (sub)
Title: Jo, Director;Episodes: 2;2019;Aired: Mar 28, 2019 - Apr  6, 2019;Original Network:;;Content Rating: Not Yet Rated;
Title: The Sorrow of Parting;Episodes: 5;2019;Aired: Mar 28, 2019 - Apr 26, 2019;Original Network:;;Content Rating: Not Yet Rated;
Title: There Is No Such Unrequited Love Under the Sky;Episodes: 6;2019;Aired: Mar 28, 2019 - May  3, 2019;Original Network:;;Content Rating: Not Yet Rated;
Title: Shall We Go to a Party?;Episodes: 9;2019;Aired: Mar 28, 2019 - May 22, 2019;Original Network:;;Content Rating: Not Yet Rated;
Title: Good Person Complex;Episodes: 3;2019;Aired: Mar 29, 2019 - Apr 12, 2019;Original Network:;;Content Rating: Not Yet Rated;
Title: I Started Following Romance;Episodes: 10;2019;Aired: Mar 29, 2019 - Apr 30, 2019;Original Network:;;Content Rating: Not Yet Rated;Viki Subscription (sub)           Kocowa Subscription (sub)
Title: Jeju Sea Water;Episodes: 2;2019;Aired: Mar 30, 2019 - Apr  3, 2019;Original Network:;;Content Rating: Not Yet Rated;
Title: Two Hearts;Episodes: 6;2019;Aired: Mar 30, 2019 - Apr 16, 2019;Original Network:  Naver TV Cast;;Content Rating: G - All Ages;
Title: Farming Academy;Episodes: 4;2019;Aired: Mar 31, 2019 - Apr  7, 2019;Original Network:  SBS;;Content Rating: 15+ - Teens 15 or older;Kocowa Free (sub)
Title: The Best Ending;Episodes: 8;2019;Aired: May  3, 2019;Original Network:  Naver TV Cast;;Content Rating: Not Yet Rated;WeTV Free (sub)           PlayList Global Free            Viki Free (sub)
Title: Love Is Possible;Episodes: 5;2019;Aired: May  3, 2019 - May 17, 2019;Original Network:;;Content Rating: Not Yet Rated;
Title: Yum Yum, How Tasty!;Episodes: 4;2019;Aired: May  3, 2019 - May 24, 2019;Original Network:;;Content Rating: Not Yet Rated;Vanilasee Free (sub)
Title: Actress, An Sa Rang;Episodes: 4;2019;Aired: May  4, 2019 - Jul  8, 2019;Original Network:;;Content Rating: Not Yet Rated;
Title: Different Dreams;Episodes: 40;2019;Aired: May  4, 2019 - Jul 13, 2019;Original Network:  MBC;;Content Rating: 15+ - Teens 15 or older;Prime Video Subscription (sub)           Roku Subscription            Kocowa Subscription (sub)
Title: Abyss;Episodes: 16;2019;Aired: May  6, 2019 - Jun 25, 2019;Original Network:  tvN;;Content Rating: 15+ - Teens 15 or older;Netflix Subscription (sub)
Title: The Secret Life of My Secretary;Episodes: 32;2019;Aired: May  6, 2019 - Jun 25, 2019;Original Network:  SBS;;Content Rating: 15+ - Teens 15 or older;Netflix Subscription (sub)           WeTV Free (sub)           Viki Subscription (sub)           SBS World Free (sub)           Prime Video Subscription (sub)           Roku Subscription            Kocowa Free (sub)
Title: Save Me Season 2;Episodes: 16;2019;Aired: May  8, 2019 - Jun 27, 2019;Original Network:  OCN;;Content Rating: 15+ - Teens 15 or older;Prime Video Subscription (sub)           Roku Free
Title: Sweat Romance;Episodes: 5;2019;Aired: May  8, 2019 - May 22, 2019;Original Network:;;Content Rating: Not Yet Rated;
Title: Dating Class;Episodes: 16;2019;Aired: May 10, 2019 - Jun 29, 2019;Original Network:  Naver TV Cast;;Content Rating: 15+ - Teens 15 or older;tvN D STORY Free (sub)
Title: Voice Season 3: City of Accomplices;Episodes: 16;2019;Aired: May 11, 2019 - Jun 30, 2019;Original Network:  OCN;;Content Rating: 15+ - Teens 15 or older;Apple TV Subscription (sub)           Roku Free (sub)           Tubi Free (sub)
Title: My Absolute Boyfriend;Episodes: 40;2019;Aired: May 15, 2019 - Jul 11, 2019;Original Network:  SBS;;Content Rating: 15+ - Teens 15 or older;Apple TV Subscription (sub)           Netflix Subscription (sub)           Viki Free (sub)           Hulu Subscription (sub)
Title: To My Beautiful Woo Ri;Episodes: 3;2019;Aired: May 16, 2019 - May 30, 2019;Original Network:;;Content Rating: Not Yet Rated;
Title: Dance No.15;Episodes: 14;2019;Aired: May 17, 2019 - Jul 12, 2019;Original Network:  Naver TV Cast;;Content Rating: Not Yet Rated;
Title: Kim Is a Genius;Episodes: 10;2019;Aired: May 17, 2019 - Jul 19, 2019;Original Network:  jTBC;;Content Rating: 13+ - Teens 13 or older;
Title: Shady Mom-in-Law;Episodes: 123;2019;Aired: May 20, 2019 - Nov  8, 2019;Original Network:  SBS;;Content Rating: 15+ - Teens 15 or older;
Title: Anniversary Anyway;Episodes: 14;2019;Aired: May 21, 2019 - Jul  5, 2019;Original Network:;;Content Rating: Not Yet Rated;
Title: Engineering Sensibility;Episodes: 6;2019;Aired: May 21, 2019 - Jun  7, 2019;Original Network:;;Content Rating: Not Yet Rated;
Title: One Spring Night;Episodes: 32;2019;Aired: May 22, 2019 - Jul 11, 2019;Original Network:  MBC;;Content Rating: 15+ - Teens 15 or older;Netflix Subscription (sub)
Title: Angel's Last Mission: Love;Episodes: 32;2019;Aired: May 22, 2019 - Jul 11, 2019;Original Network:  KBS2;;Content Rating: 15+ - Teens 15 or older;Apple TV Free (sub)           Netflix Subscription (sub)           Viki Subscription (sub)           iQIYI Free (sub)           Prime Video Purchase (sub)           KBS World Free (sub)           Kocowa Subscription (sub)
Title: Not a Robot;Episodes: 12;2019;Aired: May 27, 2019 - Jul  3, 2019;Original Network:  Naver TV Cast;;Content Rating: 13+ - Teens 13 or older;Dingo K-Drama Free (sub)
Title: The Wind Blows;Episodes: 16;2019;Aired: May 27, 2019 - Jul 16, 2019;Original Network:  jTBC;;Content Rating: 15+ - Teens 15 or older;Netflix Subscription (sub)
Title: Love Vlog;Episodes: 6;2019;Aired: May 28, 2019 - Jul 25, 2019;Original Network:;;Content Rating: Not Yet Rated;
Title: In-Out Sider;Episodes: 8;2019;Aired: May 28, 2019 - Jun 19, 2019;Original Network:  vLive;;Content Rating: 15+ - Teens 15 or older;
Title: Travel Through Romance Season 1.5;Episodes: 10;2019;Aired: May 29, 2019 - Jun 29, 2019;Original Network:  Naver TV Cast;;Content Rating: Not Yet Rated;
Title: What Happened to Mirae?;Episodes: 9;2019;Aired: May 31, 2019 - Sep 13, 2019;Original Network:;;Content Rating: 13+ - Teens 13 or older;
Title: Welcome to Amazon;Episodes: 8;2019;Aired: Nov  1, 2019 - Nov 26, 2019;Original Network:;;Content Rating: Not Yet Rated;
Title: Never Twice;Episodes: 72;2019;Aired: Nov  2, 2019 - Mar  7, 2020;Original Network:  MBC;;Content Rating: 15+ - Teens 15 or older;Viki Subscription (sub)           Prime Video Subscription (sub)           Roku Subscription            Kocowa Subscription (sub)
Title: Dear My Name;Episodes: 6;2019;Aired: Nov  2, 2019 - Nov 20, 2019;Original Network:  Naver TV Cast,  vLive;;Content Rating: 15+ - Teens 15 or older;WeTV Free (sub)           PlayList Global Free (sub)
Title: Connect;Episodes: 5;2019;Aired: Nov  2, 2019 - Nov 30, 2019;Original Network:  OBS;;Content Rating: G - All Ages;
Title: Gracious Revenge;Episodes: 103;2019;Aired: Nov  4, 2019 - Mar 27, 2020;Original Network:  KBS2;;Content Rating: 15+ - Teens 15 or older;KBS World Free
Title: 22 Flower Road;Episodes: 12;2019;Aired: Nov  5, 2019 - Jan 21, 2020;Original Network:;;Content Rating: Not Yet Rated;
Title: I Love You, Loser!;Episodes: 6;2019;Aired: Nov  5, 2019 - Nov 22, 2019;Original Network:  Channel A;;Content Rating: 15+ - Teens 15 or older;
Title: Monchouchou Globalhouse;Episodes: 12;2019;Aired: Nov  9, 2019 - Nov 14, 2019;Original Network:  SBS,  vLive;;Content Rating: 15+ - Teens 15 or older;Kocowa Free (sub)
Title: Chief of Staff Season 2;Episodes: 10;2019;Aired: Nov 11, 2019 - Dec 10, 2019;Original Network:  jTBC;;Content Rating: 15+ - Teens 15 or older;Netflix Subscription (sub)
Title: Want a Taste?;Episodes: 124;2019;Aired: Nov 12, 2019 - May  1, 2020;Original Network:  SBS;;Content Rating: 15+ - Teens 15 or older;
Title: Sandwich Theory;Episodes: 4;2019;Aired: Nov 15, 2019 - Dec  6, 2019;Original Network:;;Content Rating: Not Yet Rated;
Title: The Pure Memories of My Heart;Episodes: 6;2019;Aired: Nov 15, 2019 - Nov 29, 2019;Original Network:  Naver TV Cast;;Content Rating: Not Yet Rated;Tubi Free (sub)           Prime Video Free
Title: Fall In Mulberry;Episodes: 9;2019;Aired: Nov 20, 2019 - Dec  8, 2019;Original Network:  Genie TV;;Content Rating: Not Yet Rated;
Title: Psychopath Diary;Episodes: 16;2019;Aired: Nov 20, 2019 - Jan  9, 2020;Original Network:  tvN;;Content Rating: 15+ - Teens 15 or older;Viki Free (sub)           Tubi Free (sub)           Roku Free (sub)           Prime Video Subscription (sub)
Title: True Ending;Episodes: 10;2019;Aired: Nov 21, 2019 - Jan 23, 2020;Original Network:  vLive;;Content Rating: Not Yet Rated;
Title: Trust Us and Be Patient;Episodes: 10;2019;Aired: Nov 22, 2019;Original Network:;;Content Rating: Not Yet Rated;
Title: Yeonnam Family;Episodes: 8;2019;Aired: Nov 22, 2019 - Dec 14, 2019;Original Network:  Genie TV;;Content Rating: Not Yet Rated;Kocowa Free (sub)
Title: Love with Flaws;Episodes: 32;2019;Aired: Nov 27, 2019 - Jan 16, 2020;Original Network:  MBC;;Content Rating: 15+ - Teens 15 or older;Apple TV Free (sub)           Viki Subscription (sub)           iQIYI Free (sub)           Prime Video Subscription (sub)           Kocowa Subscription (sub)
Title: Kiss Scene in Yeonnamdong;Episodes: 12;2019;Aired: Nov 29, 2019 - Feb 14, 2020;Original Network:;;Content Rating: 15+ - Teens 15 or older;
Title: Chocolate;Episodes: 16;2019;Aired: Nov 29, 2019 - Jan 18, 2020;Original Network:  jTBC;;Content Rating: 15+ - Teens 15 or older;Netflix Subscription (sub)
Title: Do With All Your Heart Today;Episodes: 4;2019;Aired: Nov 30, 2019 - Dec 10, 2019;Original Network:;;Content Rating: Not Yet Rated;
Title: Youths of the Red Periscope;Episodes: 6;2019;Aired: Oct  1, 2019 - Nov  5, 2019;Original Network:;;Content Rating: Not Yet Rated;
Title: Extraordinary You;Episodes: 32;2019;Aired: Oct  2, 2019 - Nov 21, 2019;Original Network:  MBC;;Content Rating: 13+ - Teens 13 or older;WeTV Free (sub)           Viki Subscription (sub)           iQIYI Free (sub)           Prime Video Subscription (sub)           Kocowa Subscription (sub)
Title: Uigeumbu;Episodes: 15;2019;Aired: Oct  3, 2019 - Nov 19, 2019;Original Network:  Naver TV Cast;;Content Rating: 13+ - Teens 13 or older;
Title: My Country: The New Age;Episodes: 16;2019;Aired: Oct  4, 2019 - Nov 23, 2019;Original Network:  jTBC;;Content Rating: 15+ - Teens 15 or older;Netflix Subscription (sub)
Title: One Fine Week;Episodes: 10;2019;Aired: Oct  8, 2019 - Nov  7, 2019;Original Network:  Naver TV Cast,  vLive;;Content Rating: 15+ - Teens 15 or older;Viki Subscription (sub)           KOK TV Free (sub)           Kocowa Free (sub)
Title: SPUNK;Episodes: 13;2019;Aired: Oct  8, 2019 - Nov 12, 2019;Original Network:;;Content Rating: G - All Ages;
Title: Teacher, Would You Like to Date Me?;Episodes: 3;2019;Aired: Oct 11, 2019 - Oct 25, 2019;Original Network:;;Content Rating: G - All Ages;
Title: The Lies Within;Episodes: 16;2019;Aired: Oct 12, 2019 - Dec  1, 2019;Original Network:  OCN;;Content Rating: 15+ - Teens 15 or older;Netflix Subscription (sub)
Title: Leverage;Episodes: 16;2019;Aired: Oct 13, 2019 - Dec  8, 2019;Original Network:  TV Chosun;;Content Rating: 15+ - Teens 15 or older;iQIYI Free (sub)
Title: Crash! Insignificant Roommates;Episodes: 8;2019;Aired: Oct 16, 2019 - Nov  9, 2019;Original Network:  Naver TV Cast;;Content Rating: 15+ - Teens 15 or older;Lululala Story Lab Free (sub)
Title: Fashionista;Episodes: 10;2019;Aired: Oct 16, 2019 - Nov 15, 2019;Original Network:  Naver TV Cast;;Content Rating: Not Yet Rated;
Title: The Price of a Life;Episodes: 10;2019;Aired: Oct 18, 2019 - Dec 20, 2019;Original Network:;;Content Rating: Not Yet Rated;
Title: Miss Kim's Secret Life Season 2: Consumption;Episodes: 7;2019;Aired: Oct 20, 2019 - Dec  1, 2019;Original Network:  Naver TV Cast;;Content Rating: Not Yet Rated;
Title: My Daughter's Just Like Me;Episodes: 6;2019;Aired: Oct 20, 2019 - Nov  6, 2019;Original Network:;;Content Rating: Not Yet Rated;
Title: Catch the Ghost;Episodes: 16;2019;Aired: Oct 21, 2019 - Dec 10, 2019;Original Network:  tvN;;Content Rating: 15+ - Teens 15 or older;Prime Video Subscription (sub)           Roku Free (sub)           Tubi Free (sub)
Title: Farewell, Mo Mo;Episodes: 5;2019;Aired: Oct 22, 2019 - Nov  9, 2019;Original Network:;;Content Rating: Not Yet Rated;
Title: Ours;Episodes: 10;2019;Aired: Oct 25, 2019 - Dec 27, 2019;Original Network:;;Content Rating: Not Yet Rated;
Title: Soul Plate;Episodes: 6;2019;Aired: Oct 25, 2019 - Nov 29, 2019;Original Network:;;Content Rating: 15+ - Teens 15 or older;
Title: Unasked Family;Episodes: 123;2019;Aired: Oct 28, 2019 - Apr 17, 2020;Original Network:  KBS1;;Content Rating: 15+ - Teens 15 or older;KBS World Free (sub)
Title: VIP;Episodes: 32;2019;Aired: Oct 28, 2019 - Dec 24, 2019;Original Network:  SBS;;Content Rating: 15+ - Teens 15 or older;Netflix Subscription (sub)           Viki Subscription (sub)           SBS World Free (sub)           Kocowa Free (sub)
Title: FAILing in Love;Episodes: 10;2019;Aired: Oct 28, 2019 - Nov 26, 2019;Original Network:  MBC,  vLive;;Content Rating: 15+ - Teens 15 or older;KOK TV Free            Prime Video Subscription (sub)           Roku Subscription            Kocowa Subscription
Title: Smart and Safe Life;Episodes: 3;2019;Aired: Sep  5, 2019;Original Network:;;Content Rating: Not Yet Rated;
Title: Fantasy Timing;Episodes: 16;2019;Aired: Sep  6, 2019 - Jan 30, 2020;Original Network:;;Content Rating: 15+ - Teens 15 or older;
Title: Arthdal Chronicles Part 3: The Prelude to All Legends;Episodes: 6;2019;Aired: Sep  7, 2019 - Sep 22, 2019;Original Network:  tvN;;Content Rating: 15+ - Teens 15 or older;Netflix Subscription (sub)
Title: The Guilty Secret;Episodes: 12;2019;Aired: Sep  8, 2019 - Oct 17, 2019;Original Network:  Naver TV Cast,  vLive;;Content Rating: 15+ - Teens 15 or older;WeTV Free (sub)           PlayList Global Free            Viki Free (sub)
Title: You Don’t Even Know The Taste of Americano;Episodes: 8;2019;Aired: Sep  9, 2019 - Jul 23, 2020;Original Network:;;Content Rating: Not Yet Rated;
Title: The Witch Store;Episodes: 12;2019;Aired: Sep 10, 2019 - Oct 17, 2019;Original Network:  vLive;;Content Rating: 15+ - Teens 15 or older;Viki Free (sub)
Title: Flower Crew: Joseon Marriage Agency;Episodes: 16;2019;Aired: Sep 16, 2019 - Nov  5, 2019;Original Network:  jTBC;;Content Rating: 15+ - Teens 15 or older;Disney+ Hotstar Subscription (sub)           Netflix Subscription (sub)           WeTV Free (sub)           Viki Free (sub)           iQIYI Free (sub)           Prime Video Free (sub)           Kocowa Subscription (sub)
Title: Fool And Idiot;Episodes: 8;2019;Aired: Sep 17, 2019 - Oct 11, 2019;Original Network:;;Content Rating: Not Yet Rated;
Title: When the Camellia Blooms;Episodes: 40;2019;Aired: Sep 18, 2019 - Nov 21, 2019;Original Network:  KBS2;;Content Rating: 15+ - Teens 15 or older;Netflix Subscription (sub)
Title: Secret Boutique;Episodes: 32;2019;Aired: Sep 18, 2019 - Nov 28, 2019;Original Network:  SBS;;Content Rating: 15+ - Teens 15 or older;Prime Video Subscription (sub)           Roku Subscription            Kocowa Subscription
Title: The Running Mates: Human Rights;Episodes: 14;2019;Aired: Sep 18, 2019 - Oct 31, 2019;Original Network:  OCN;;Content Rating: 15+ - Teens 15 or older;Viki Subscription (sub)
Title: Pegasus Market;Episodes: 12;2019;Aired: Sep 20, 2019 - Dec  6, 2019;Original Network:  tvN;;Content Rating: 15+ - Teens 15 or older;Apple TV Subscription            TVING Subscription
Title: One-Dimensional;Episodes: 14;2019;Aired: Sep 20, 2019 - Nov  9, 2019;Original Network:  Naver TV Cast;;Content Rating: Not Yet Rated;
Title: Vagabond;Episodes: 16;2019;Aired: Sep 20, 2019 - Nov 23, 2019;Original Network:  SBS;;Content Rating: 15+ - Teens 15 or older;Netflix Subscription (sub)
Title: As Your Heart Tells;Episodes: 8;2019;Aired: Sep 21, 2019 - Nov  9, 2019;Original Network:  Naver TV Cast,  vLive;;Content Rating: 15+ - Teens 15 or older;
Title: Miss Lee;Episodes: 16;2019;Aired: Sep 25, 2019 - Nov 14, 2019;Original Network:  tvN;;Content Rating: 15+ - Teens 15 or older;Apple TV Subscription            Tubi Free (sub)
Title: Beautiful Love, Wonderful Life;Episodes: 100;2019;Aired: Sep 28, 2019 - Mar 22, 2020;Original Network:  KBS2;;Content Rating: 13+ - Teens 13 or older;Viki Subscription (sub)           KBS World Free (sub)           Prime Video Subscription (sub)           Roku Subscription            Kocowa Subscription (sub)
Title: Melting Me Softly;Episodes: 16;2019;Aired: Sep 28, 2019 - Nov 17, 2019;Original Network:  tvN;;Content Rating: 15+ - Teens 15 or older;Apple TV Free            Viki Free (sub)           iQIYI Free (sub)           K-DRAMA Free (sub)           Prime Video Subscription (sub)           Tubi Free            Roku Free (sub)
Title: Like;Episodes: 24;2019;Aired: Sep 30, 2019 - Dec 19, 2019;Original Network:  Naver TV Cast,  vLive;;Content Rating: Not Yet Rated;Dingo K-Drama Free
Title: The Tale of Nokdu;Episodes: 32;2019;Aired: Sep 30, 2019 - Nov 25, 2019;Original Network:  KBS2;;Content Rating: 15+ - Teens 15 or older;Apple TV Free            Netflix Subscription (sub)           WeTV Free (sub)           Viki Free (sub)           iQIYI Free (sub)           iflix Free            Kocowa Subscription (sub)
Title: Jo Mi Ryo;Episodes: 4;2019;Aired: Sep 30, 2019 - Oct  8, 2019;Original Network:  FTV;;Content Rating: Not Yet Rated;
Title: How to Buy a Friend;Episodes: 8;2020;Aired: Apr  6, 2020 - Apr 14, 2020;Original Network:  KBS2;;Content Rating: 15+ - Teens 15 or older;Viki Free (sub)           Prime Video Subscription (sub)           Roku Subscription            Kocowa Subscription (sub)
Title: Ask Miss Shin;Episodes: 3;2020;Aired: Apr  6, 2020 - Apr 20, 2020;Original Network:  Naver TV Cast;;Content Rating: Not Yet Rated;
Title: Ordinary but Special;Episodes: 6;2020;Aired: Apr  8, 2020 - May 13, 2020;Original Network:  vLive;;Content Rating: Not Yet Rated;
Title: ShorTest;Episodes: 2;2020;Aired: Apr 10, 2020 - Apr 17, 2020;Original Network:;;Content Rating: Not Yet Rated;
Title: 187 cm Male Friend vs 155 cm Female Friend;Episodes: 3;2020;Aired: Apr 11, 2020 - Dec  5, 2020;Original Network:  CheezeFilm;;Content Rating: Not Yet Rated;CheezeFilm Free (sub)
Title: The Female Friend among Guys;Episodes: 5;2020;Aired: Apr 16, 2020 - May 12, 2020;Original Network:  CheezeFilm;;Content Rating: Not Yet Rated;CheezeFilm Free (sub)
Title: The King: Eternal Monarch;Episodes: 16;2020;Aired: Apr 17, 2020 - Jun 12, 2020;Original Network:  SBS;;Content Rating: 15+ - Teens 15 or older;Netflix Subscription (sub)
Title: Crash! Insignificant Reunion;Episodes: 4;2020;Aired: Apr 17, 2020 - May  8, 2020;Original Network:  vLive;;Content Rating: 15+ - Teens 15 or older;
Title: Mute;Episodes: 4;2020;Aired: Apr 19, 2020 - Apr 26, 2020;Original Network:  jTBC;;Content Rating: 13+ - Teens 13 or older;Viki Free (sub)
Title: Timing;Episodes: 4;2020;Aired: Apr 19, 2020 - Apr 26, 2020;Original Network:  Naver TV Cast, jTBC;;Content Rating: G - All Ages;Viki Free (sub)
Title: Born Again;Episodes: 32;2020;Aired: Apr 20, 2020 - Jun  9, 2020;Original Network:  KBS2;;Content Rating: 15+ - Teens 15 or older;Viki Subscription (sub)           iQIYI Subscription (sub)           KBS World Free (sub)           Prime Video Subscription (sub)           Kocowa Subscription (sub)
Title: Brilliant Heritage;Episodes: 122;2020;Aired: Apr 20, 2020 - Oct  9, 2020;Original Network:  KBS1;;Content Rating: 15+ - Teens 15 or older;Viki Subscription (sub)           Kocowa Subscription (sub)
Title: My Wonderful Roommate;Episodes: 8;2020;Aired: Apr 22, 2020 - Jun 10, 2020;Original Network:;;Content Rating: G - All Ages;
Title: The World of My 17;Episodes: 12;2020;Aired: Apr 22, 2020 - May 29, 2020;Original Network:  Naver TV Cast,  vLive;;Content Rating: 15+ - Teens 15 or older;Apple TV Subscription (sub)           WeTV Free (sub)           Viki Free (sub)           tvN D STORY Free (sub)
Title: Mermaid Prince;Episodes: 6;2020;Aired: Apr 24, 2020 - May 29, 2020;Original Network:  Naver TV Cast;;Content Rating: 15+ - Teens 15 or older;Kocowa Free (sub)
Title: When My Love Blooms;Episodes: 16;2020;Aired: Apr 25, 2020 - Jun 14, 2020;Original Network:  tvN;;Content Rating: 15+ - Teens 15 or older;Netflix Subscription (sub)           WeTV Free (sub)           iQIYI Subscription (sub)           Tubi Free (sub)           Roku Free (sub)           Viki Subscription (sub)           Prime Video Subscription (sub)
Title: Shall We That’s;Episodes: 6;2020;Aired: Apr 27, 2020 - Jul  9, 2020;Original Network:  jTBC;;Content Rating: 15+ - Teens 15 or older;
Title: Good Casting;Episodes: 16;2020;Aired: Apr 27, 2020 - Jun 16, 2020;Original Network:  SBS;;Content Rating: 15+ - Teens 15 or older;Viki Subscription (sub)           SBS World Free (sub)           Prime Video Subscription (sub)           Roku Subscription            Kocowa Subscription (sub)
Title: Between Us;Episodes: 3;2020;Aired: Apr 28, 2020 - May 12, 2020;Original Network:;;Content Rating: Not Yet Rated;
Title: Extracurricular;Episodes: 10;2020;Aired: Apr 29, 2020;Original Network:  Netflix;;Content Rating: 18+ Restricted (violence & profanity);Netflix Subscription (sub)
Title: My Mukbang Diary;Episodes: 8;2020;Aired: Aug  7, 2020 - Sep 25, 2020;Original Network:  Tooniverse;;Content Rating: G - All Ages;Tooniverse Free (sub)
Title: Pure Melo District;Episodes: 4;2020;Aired: Aug  9, 2020 - Aug 30, 2020;Original Network:  vLive;;Content Rating: 15+ - Teens 15 or older;KOK TV Free (sub)
Title: Something Music Season 2;Episodes: 9;2020;Aired: Aug 10, 2020 - Oct 12, 2020;Original Network:  Naver TV Cast;;Content Rating: Not Yet Rated;
Title: Lonely Enough to Love;Episodes: 10;2020;Aired: Aug 11, 2020 - Oct 13, 2020;Original Network:  MBC every1;;Content Rating: 15+ - Teens 15 or older;Viki Free (sub)           iQIYI Free (sub)           AsianCrush Free (sub)
Title: You I Didn't Know;Episodes: 3;2020;Aired: Aug 12, 2020 - Sep  2, 2020;Original Network:  Bamboo;;Content Rating: Not Yet Rated;Viki Free (sub)           Kocowa Free (sub)
Title: Café Kilimanjaro;Episodes: 10;2020;Aired: Aug 13, 2020;Original Network:  Naver TV Cast;;Content Rating: 15+ - Teens 15 or older;Viki Free            Tubi Free (sub)           Prime Video Subscription
Title: Real:Time:Love Season 3;Episodes: 8;2020;Aired: Aug 14, 2020 - Oct  2, 2020;Original Network:  Naver TV Cast,  vLive;;Content Rating: 15+ - Teens 15 or older;WeTV Free (sub)
Title: Stranger Season 2;Episodes: 16;2020;Aired: Aug 15, 2020 - Oct  4, 2020;Original Network:  tvN;;Content Rating: 15+ - Teens 15 or older;Netflix Subscription (sub)
Title: Twenty-Twenty;Episodes: 20;2020;Aired: Aug 15, 2020 - Oct 21, 2020;Original Network:  jTBC,  Naver TV Cast,  vLive;;Content Rating: 15+ - Teens 15 or older;WeTV Free (sub)           PlayList Global Free (sub)           Viki Free (sub)
Title: When I Was the Most Beautiful;Episodes: 32;2020;Aired: Aug 19, 2020 - Oct 15, 2020;Original Network:  MBC;;Content Rating: 15+ - Teens 15 or older;Viki Subscription (sub)           Kocowa Subscription (sub)
Title: Goedam;Episodes: 8;2020;Aired: Aug 20, 2020;Original Network:  Netflix;;Content Rating: 18+ Restricted (violence & profanity);Netflix Subscription (sub)
Title: New Learn;Episodes: 8;2020;Aired: Aug 21, 2020 - Oct  3, 2020;Original Network:  Naver TV Cast;;Content Rating: Not Yet Rated;
Title: Wannabe U;Episodes: 6;2020;Aired: Aug 26, 2020 - Oct  7, 2020;Original Network:  Naver TV Cast;;Content Rating: 13+ - Teens 13 or older;
Title: Legally, Dad;Episodes: 6;2020;Aired: Aug 27, 2020 - Oct  1, 2020;Original Network:;;Content Rating: Not Yet Rated;STUDIO DIA Free (sub)
Title: Dok Go Bin Is Updating;Episodes: 12;2020;Aired: Aug 28, 2020 - Oct  4, 2020;Original Network:;;Content Rating: 15+ - Teens 15 or older;AsianCrush Free (sub)
Title: Alice;Episodes: 16;2020;Aired: Aug 28, 2020 - Oct 24, 2020;Original Network:  SBS,  Wavve;;Content Rating: 15+ - Teens 15 or older;Netflix Subscription (sub)           Viki Subscription (sub)           SBS World Free (sub)           Prime Video Subscription (sub)           Kocowa Subscription (sub)
Title: Missing: The Other Side;Episodes: 12;2020;Aired: Aug 29, 2020 - Oct 11, 2020;Original Network:  OCN;;Content Rating: 15+ - Teens 15 or older;Viki Free (sub)           iQIYI Subscription (sub)           Netflix Subscription (sub)           Tubi Free (sub)           Roku Free (sub)
Title: Do You Like Brahms?;Episodes: 16;2020;Aired: Aug 31, 2020 - Oct 20, 2020;Original Network:  SBS;;Content Rating: 15+ - Teens 15 or older;Netflix Subscription (sub)           Viki Subscription (sub)           SBS World Free (sub)           Prime Video Subscription (sub)           Kocowa Free (sub)
Title: Cheat On Me, if You Can;Episodes: 16;2020;Aired: Dec  2, 2020 - Jan 28, 2021;Original Network:  KBS2,  Wavve;;Content Rating: 15+ - Teens 15 or older;Apple TV Subscription            Viki Subscription (sub)           Prime Video Subscription (sub)           Kocowa Free (sub)
Title: It's Okay to Be Sensitive Season 3;Episodes: 8;2020;Aired: Dec  3, 2020 - Dec 26, 2020;Original Network:  Naver TV Cast,  tvN;;Content Rating: 15+ - Teens 15 or older;tvN D STORY Free (sub)
Title: Wish You: Your Melody From My Heart;Episodes: 8;2020;Aired: Dec  4, 2020 - Dec 25, 2020;Original Network:  Viki;;Content Rating: 13+ - Teens 13 or older;WeTV Free (sub)           Viki Free (sub)
Title: No Going Back Romance;Episodes: 10;2020;Aired: Dec  8, 2020 - Jan 13, 2021;Original Network:  Naver TV Cast,  vLive;;Content Rating: 15+ - Teens 15 or older;
Title: True Beauty;Episodes: 16;2020;Aired: Dec  9, 2020 - Feb  4, 2021;Original Network:  tvN;;Content Rating: 15+ - Teens 15 or older;Apple TV Subscription (sub)           Viki Subscription (sub)           Prime Video Subscription (sub)           Netflix Subscription (sub)
Title: Still You;Episodes: 5;2020;Aired: Dec  9, 2020 - Jan  6, 2021;Content Rating: Not Yet Rated;;Content Rating: Not Yet Rated;
Title: Growing Season;Episodes: 12;2020;Aired: Dec 10, 2020 - Jan 15, 2021;Original Network:  Naver TV Cast,  vLive;;Content Rating: 15+ - Teens 15 or older;WeTV Free (sub)           PlayList Global Free (sub)           Viki Free (sub)           Wavve Subscription
Title: Hush;Episodes: 16;2020;Aired: Dec 11, 2020 - Feb  6, 2021;Original Network:  iQiyi,  jTBC;;Content Rating: 15+ - Teens 15 or older;iQIYI Subscription (sub)           Prime Video Purchase (sub)
Title: Color Prison;Episodes: 9;2020;Aired: Dec 12, 2020;Original Network:;;Content Rating: 15+ - Teens 15 or older;
Title: Mr. Queen;Episodes: 20;2020;Aired: Dec 12, 2020 - Feb 14, 2021;Original Network:  tvN;;Content Rating: 15+ - Teens 15 or older;Viki Free (sub)           Hulu Subscription (sub)           Prime Video Subscription (sub)           Netflix Subscription (sub)
Title: Run On;Episodes: 16;2020;Aired: Dec 16, 2020 - Feb  4, 2021;Original Network:  jTBC;;Content Rating: 15+ - Teens 15 or older;Netflix Subscription (sub)
Title: The Dolphin in the Little Mermaid;Episodes: 10;2020;Aired: Dec 16, 2020 - Feb 17, 2021;Original Network:;;Content Rating: G - All Ages;
Title: Love Teenager;Episodes: 8;2020;Aired: Dec 17, 2020 - Feb  4, 2021;Original Network:;;Content Rating: Not Yet Rated;
Title: Sweet Home;Episodes: 10;2020;Aired: Dec 18, 2020;Original Network:  Netflix;;Content Rating: 18+ Restricted (violence & profanity);Netflix Subscription (sub)
Title: Once Again;Episodes: 8;2020;Aired: Dec 19, 2020 - Feb  6, 2021;Original Network:  MBC;;Content Rating: 13+ - Teens 13 or older;
Title: Lululala Pawn Shop;Episodes: 7;2020;Aired: Dec 20, 2020;Original Network:;;Content Rating: 15+ - Teens 15 or older;
Title: 300 Year-Old Class of 2020;Episodes: 6;2020;Aired: Dec 21, 2020 - Dec 28, 2020;Original Network:  Daum Kakao TV,  Naver TV Cast;;Content Rating: 15+ - Teens 15 or older;Kakao TV Free
Title: Secret Royal Inspector;Episodes: 16;2020;Aired: Dec 21, 2020 - Feb  9, 2021;Original Network:  iQiyi,  KBS2;;Content Rating: 15+ - Teens 15 or older;iQIYI Subscription (sub)           Prime Video Subscription (sub)
Title: Lovestruck in the City;Episodes: 17;2020;Aired: Dec 22, 2020 - Feb 16, 2021;Original Network:  Daum Kakao TV;;Content Rating: 15+ - Teens 15 or older;Netflix Subscription (sub)           Kakao TV Purchase
Title: One Fine Week Season 2;Episodes: 10;2020;Aired: Dec 22, 2020 - Jan 20, 2021;Original Network:  Naver TV Cast,  vLive;;Content Rating: 15+ - Teens 15 or older;WeTV Free (sub)           Viki Free            KOK TV Free
Title: Half-Fifty;Episodes: 8;2020;Aired: Dec 23, 2020;Original Network:;;Content Rating: 15+ - Teens 15 or older;
Title: Can I Step In?;Episodes: 10;2020;Aired: Dec 23, 2020 - Jan 21, 2021;Original Network:;;Content Rating: Not Yet Rated;
Title: D+day;Episodes: 7;2020;Aired: Dec 24, 2020 - Feb  4, 2021;Original Network:;;Content Rating: Not Yet Rated;
Title: Star With a Secret;Episodes: 5;2020;Aired: Dec 27, 2020 - Dec 31, 2020;Original Network:;;Content Rating: Not Yet Rated;Viki Free (sub)           ARIRANG K-POP Free (sub)
Title: Youtuber Class;Episodes: 4;2020;Aired: Dec 27, 2020 - Jan 17, 2021;Original Network:  Naver TV Cast,  vLive;;Content Rating: Not Yet Rated;KOK TV Free (sub)
Title: A Love So Beautiful;Episodes: 24;2020;Aired: Dec 28, 2020 - Feb 20, 2021;Original Network:  Daum Kakao TV;;Content Rating: 13+ - Teens 13 or older;Netflix Subscription            Kakao TV Purchase
Title: The Man of My Life;Episodes: 6;2020;Aired: Dec 30, 2020 - Feb  3, 2021;Original Network:  Naver TV Cast;;Content Rating: 15+ - Teens 15 or older;KIK TV Free (sub)
Title: Color Rush;Episodes: 8;2020;Aired: Dec 30, 2020 - Jan 21, 2021;Original Network:  LINE TV;;Content Rating: 15+ - Teens 15 or older;Apple TV Subscription (sub)           Viki Free (sub)
Title: Tell Me What You Saw;Episodes: 16;2020;Aired: Feb  1, 2020 - Mar 22, 2020;Original Network:  OCN;;Content Rating: 15+ - Teens 15 or older;Viki Free (sub)           Tubi Free (sub)
Title: Living with a Ghost;Episodes: 16;2020;Aired: Feb  6, 2020 - May 21, 2020;Original Network:  Naver TV Cast;;Content Rating: 15+ - Teens 15 or older;
Title: My Holo Love;Episodes: 12;2020;Aired: Feb  7, 2020;Original Network:  Netflix;;Content Rating: 15+ - Teens 15 or older;Netflix Subscription (sub)
Title: Ending Again;Episodes: 12;2020;Aired: Feb  8, 2020 - Mar 15, 2020;Original Network:  Naver TV Cast;;Content Rating: 15+ - Teens 15 or older;WeTV Free (sub)           PlayList Global Free            Viki Free            Wavve Subscription
Title: The Cursed;Episodes: 12;2020;Aired: Feb 10, 2020 - Mar 17, 2020;Original Network:  tvN;;Content Rating: 15+ - Teens 15 or older;Apple TV Subscription (sub)           Netflix Subscription (sub)           WeTV Free (sub)           iQIYI Subscription (sub)           Tubi Free (sub)           Prime Video Subscription (sub)           Roku Free (sub)
Title: Jump! Jump! Jump!;Episodes: 15;2020;Aired: Feb 12, 2020 - Apr  1, 2020;Original Network:  Naver TV Cast;;Content Rating: Not Yet Rated;Tubi Free (sub)
Title: The Temperature of Language: Our Nineteen;Episodes: 16;2020;Aired: Feb 13, 2020 - Apr  4, 2020;Original Network:  tvN,  vLive;;Content Rating: 15+ - Teens 15 or older;Apple TV Subscription            tvN D STORY Free (sub)
Title: Sungkyunkwan Romance;Episodes: 3;2020;Aired: Feb 14, 2020;Original Network:;;Content Rating: Not Yet Rated;
Title: Sweat Romance Season 2;Episodes: 9;2020;Aired: Feb 15, 2020 - Mar 14, 2020;Original Network:;;Content Rating: Not Yet Rated;
Title: Campus Remake;Episodes: 4;2020;Aired: Feb 16, 2020 - Mar 16, 2020;Original Network:;;Content Rating: Not Yet Rated;
Title: Memoria Tempus;Episodes: 5;2020;Aired: Feb 18, 2020;Original Network:;;Content Rating: Not Yet Rated;
Title: One Fun Girl;Episodes: 10;2020;Aired: Feb 18, 2020 - Apr 28, 2020;Original Network:;;Content Rating: Not Yet Rated;
Title: Hyena;Episodes: 16;2020;Aired: Feb 21, 2020 - Apr 11, 2020;Original Network:  SBS;;Content Rating: 15+ - Teens 15 or older;Netflix Subscription (sub)
Title: Hi Bye, Mama!;Episodes: 16;2020;Aired: Feb 22, 2020 - Apr 19, 2020;Original Network:  tvN;;Content Rating: 15+ - Teens 15 or older;Netflix Subscription (sub)
Title: When the Weather Is Fine;Episodes: 16;2020;Aired: Feb 24, 2020 - Apr 21, 2020;Original Network:  jTBC;;Content Rating: 15+ - Teens 15 or older;Apple TV Subscription            Disney+ Hotstar Subscription (sub)           WeTV Free (sub)           Viki Free (sub)           iQIYI Free (sub)           Hulu Subscription (sub)           iflix Free            Netflix Subscription (sub)
Title: Touch;Episodes: 16;2020;Aired: Jan  3, 2020 - Feb 22, 2020;Original Network:  Channel A;;Content Rating: 15+ - Teens 15 or older;Viki Free (sub)           Kocowa Free (sub)
Title: Lover of the Palace;Episodes: 10;2020;Aired: Jan  3, 2020 - Jan 17, 2020;Original Network:;;Content Rating: Not Yet Rated;Viki Free (sub)
Title: Dr. Romantic Season 2;Episodes: 16;2020;Aired: Jan  6, 2020 - Feb 25, 2020;Original Network:  SBS;;Content Rating: 15+ - Teens 15 or older;Apple TV Free (sub)           Netflix Subscription (sub)           WeTV Free (sub)           Viki Subscription (sub)           Prime Video Subscription (sub)           Kocowa Subscription (sub)
Title: A Twist Girl;Episodes: 3;2020;Aired: Jan  9, 2020 - Feb  8, 2020;Original Network:;;Content Rating: Not Yet Rated;
Title: Winter Vacation;Episodes: 6;2020;Aired: Jan 10, 2020 - Feb 14, 2020;Original Network:  vLive;;Content Rating: 15+ - Teens 15 or older;
Title: Painless Youth;Episodes: 2;2020;Aired: Jan 10, 2020 - Jan 24, 2020;Original Network:;;Content Rating: 15+ - Teens 15 or older;
Title: I Need Standards 2;Episodes: 4;2020;Aired: Jan 14, 2020 - Feb  4, 2020;Original Network:;;Content Rating: 13+ - Teens 13 or older;
Title: Night of Love;Episodes: 6;2020;Aired: Jan 14, 2020 - Mar  6, 2020;Original Network:;;Content Rating: G - All Ages;
Title: Money Game;Episodes: 16;2020;Aired: Jan 15, 2020 - Mar  5, 2020;Original Network:  tvN;;Content Rating: 15+ - Teens 15 or older;Apple TV Subscription            WeTV Free (sub)           Prime Video Subscription (sub)           Roku Free
Title: How Are You Bread;Episodes: 5;2020;Aired: Jan 17, 2020 - Feb 15, 2020;Original Network:  Seezn;;Content Rating: 13+ - Teens 13 or older;Viki Free (sub)
Title: Hearts and Hari;Episodes: 12;2020;Aired: Jan 17, 2020 - Mar 21, 2020;Original Network:  Tooniverse;;Content Rating: 13+ - Teens 13 or older;Tooniverse Free (sub)
Title: Studio Call;Episodes: 6;2020;Aired: Jan 22, 2020 - Feb  6, 2020;Original Network:;;Content Rating: Not Yet Rated;
Title: The Game: Towards Zero;Episodes: 32;2020;Aired: Jan 22, 2020 - Mar 12, 2020;Original Network:  MBC;;Content Rating: 15+ - Teens 15 or older;Viki Subscription (sub)           Prime Video Subscription (sub)           Roku Subscription            Kocowa Free (sub)
Title: XX;Episodes: 10;2020;Aired: Jan 24, 2020 - Feb 21, 2020;Original Network:  MBC,  Naver TV Cast,  vLive;;Content Rating: 15+ - Teens 15 or older;PlayList Global Free            Viki Subscription (sub)           Prime Video Subscription (sub)           Kocowa Subscription (sub)
Title: Real:Time:Love Season 2;Episodes: 8;2020;Aired: Jan 24, 2020 - Mar 13, 2020;Original Network:  vLive;;Content Rating: 15+ - Teens 15 or older;WeTV Free (sub)
Title: Forest;Episodes: 32;2020;Aired: Jan 29, 2020 - Mar 19, 2020;Original Network:  KBS2;;Content Rating: 15+ - Teens 15 or older;Apple TV Free            Viki Free (sub)
Title: Itaewon Class;Episodes: 16;2020;Aired: Jan 31, 2020 - Mar 21, 2020;Original Network:  jTBC;;Content Rating: 15+ - Teens 15 or older;Netflix Subscription (sub)
Title: Today Office Tomorrow Romance;Episodes: 10;2020;Aired: Jul  1, 2020 - Aug  5, 2020;Original Network:;;Content Rating: 15+ - Teens 15 or older;Emotional Click Free (sub)
Title: Into the Ring;Episodes: 32;2020;Aired: Jul  1, 2020 - Aug 20, 2020;Original Network:  KBS2;;Content Rating: 15+ - Teens 15 or older;Apple TV Subscription (sub)           Netflix Subscription (sub)           Viki Subscription (sub)           Prime Video Subscription (sub)           Kocowa Subscription (sub)
Title: The Good Detective;Episodes: 16;2020;Aired: Jul  6, 2020 - Aug 25, 2020;Original Network:  jTBC;;Content Rating: 15+ - Teens 15 or older;Disney+ Hotstar Subscription (sub)           Netflix Subscription (sub)           Viki Free (sub)           Tubi Free (sub)
Title: To All the Guys Who Loved Me;Episodes: 32;2020;Aired: Jul  6, 2020 - Sep  1, 2020;Original Network:  KBS2;;Content Rating: 15+ - Teens 15 or older;Apple TV Subscription (sub)           Netflix Subscription (sub)           Viki Subscription (sub)           Prime Video Subscription (sub)           Kocowa Free (sub)
Title: Almost Famous;Episodes: 16;2020;Aired: Jul  7, 2020 - Aug 27, 2020;Original Network:  Naver TV Cast;;Content Rating: 15+ - Teens 15 or older;
Title: She Knows Everything;Episodes: 4;2020;Aired: Jul  8, 2020 - Jul 16, 2020;Original Network:  MBC;;Content Rating: 15+ - Teens 15 or older;Viki Subscription (sub)           Kocowa Subscription (sub)
Title: The Reason I Hate You;Episodes: 3;2020;Aired: Jul  8, 2020 - Jul 22, 2020;Original Network:;;Content Rating: Not Yet Rated;Kocowa Free (sub)
Title: Was It Love?;Episodes: 16;2020;Aired: Jul  8, 2020 - Sep  2, 2020;Original Network:  jTBC;;Content Rating: 15+ - Teens 15 or older;Netflix Subscription (sub)
Title: SF8;Episodes: 8;2020;Aired: Jul 10, 2020;Original Network:  MBC,  Wavve;;Content Rating: 15+ - Teens 15 or older;Wavve Subscription            Kocowa Subscription (sub)
Title: Graceful Friends;Episodes: 17;2020;Aired: Jul 10, 2020 - Sep  5, 2020;Original Network:  jTBC;;Content Rating: 18+ Restricted (violence & profanity);Disney+ Hotstar Subscription (sub)           Netflix Subscription (sub)           iQIYI Free (sub)
Title: Train;Episodes: 12;2020;Aired: Jul 11, 2020 - Aug 16, 2020;Original Network:  OCN;;Content Rating: 15+ - Teens 15 or older;Viki Free (sub)           iQIYI Free (sub)           Tubi Free (sub)           Roku Free            Prime Video Subscription (sub)
Title: Trap;Episodes: 12;2020;Aired: Jul 15, 2020 - Sep 30, 2020;Original Network:  tvN;;Content Rating: 15+ - Teens 15 or older;tvN D STORY Free
Title: Chip In;Episodes: 8;2020;Aired: Jul 22, 2020 - Aug 13, 2020;Original Network:  MBC;;Content Rating: 15+ - Teens 15 or older;Viki Subscription (sub)           Kocowa Subscription (sub)
Title: Kiss Goblin;Episodes: 12;2020;Aired: Jul 28, 2020 - Sep  3, 2020;Original Network:  Naver TV Cast,  vLive;;Content Rating: 15+ - Teens 15 or older;Apple TV Free            Viki Free (sub)           KOK TV Free (sub)
Title: Flower of Evil;Episodes: 16;2020;Aired: Jul 29, 2020 - Sep 23, 2020;Original Network:  tvN;;Content Rating: 15+ - Teens 15 or older;Apple TV Purchase (sub)           Netflix Subscription (sub)           WeTV Free (sub)           Viki Free (sub)           iQIYI Free (sub)           Hulu Subscription (sub)           Prime Video Subscription (sub)           Wavve Subscription
Title: The Colors of Our Time;Episodes: 4;2020;Aired: Jul 30, 2020 - Aug 20, 2020;Original Network:  Naver TV Cast;;Content Rating: 15+ - Teens 15 or older;Vanilasee Free (sub)
Title: Hanging On;Episodes: 10;2020;Aired: Jul 31, 2020 - Aug 29, 2020;Original Network:  jTBC;;Content Rating: 15+ - Teens 15 or older;Lululala Story Lab Free
Title: My Unfamiliar Family;Episodes: 16;2020;Aired: Jun  1, 2020 - Jul 21, 2020;Original Network:  tvN;;Content Rating: 15+ - Teens 15 or older;Apple TV Free (sub)           Netflix Subscription (sub)           Viki Free (sub)           iQIYI Free (sub)           Tubi Free (sub)           Roku Free (sub)
Title: My Boss Is a Million YouTuber;Episodes: 11;2020;Aired: Jun  3, 2020 - Jul  9, 2020;Original Network:  Naver TV Cast;;Content Rating: Not Yet Rated;
Title: Thumbs Up Feeds Me;Episodes: 10;2020;Aired: Jun  4, 2020 - Aug 13, 2020;Original Network:  Naver TV Cast;;Content Rating: 15+ - Teens 15 or older;Lululala Story Lab Free
Title: Phantom the Secret Agent;Episodes: 4;2020;Aired: Jun  4, 2020 - Jun 25, 2020;Original Network:  Naver TV Cast;;Content Rating: 15+ - Teens 15 or older;
Title: Ssul's Day Lounge;Episodes: 9;2020;Aired: Jun  4, 2020 - Oct 22, 2020;Original Network:;;Content Rating: Not Yet Rated;
Title: LOVE up-date;Episodes: 8;2020;Aired: Jun  5, 2020 - Jul  4, 2020;Original Network:;;Content Rating: Not Yet Rated;
Title: Ga Doo Ri’s Sushi Restaurant;Episodes: 12;2020;Aired: Jun  9, 2020 - Jul 16, 2020;Original Network:  Naver TV Cast,  vLive;;Content Rating: 15+ - Teens 15 or older;Viki Free (sub)           KOK TV Free            Wavve Subscription            Prime Video Subscription (sub)           Kocowa Subscription (sub)
Title: IN-SEOUL Season 2;Episodes: 12;2020;Aired: Jun 12, 2020 - Jul 21, 2020;Original Network:  jTBC,  Naver TV Cast,  vLive;;Content Rating: 15+ - Teens 15 or older;PlayList Global Free
Title: In Your Dream;Episodes: 8;2020;Aired: Jun 15, 2020 - Aug  3, 2020;Original Network:  Genie TV;;Content Rating: 15+ - Teens 15 or older;Prime Video Purchase (sub)           Tubi Free (sub)           Kocowa Free (sub)
Title: Between Us Season 2;Episodes: 5;2020;Aired: Jun 16, 2020 - Jul 14, 2020;Original Network:;;Content Rating: Not Yet Rated;
Title: Sometoon 2020;Episodes: 10;2020;Aired: Jun 16, 2020 - Jul 15, 2020;Original Network:  Seezn;;Content Rating: 15+ - Teens 15 or older;
Title: Backstreet Rookie;Episodes: 16;2020;Aired: Jun 19, 2020 - Aug  8, 2020;Original Network:  SBS;;Content Rating: 15+ - Teens 15 or older;Apple TV Subscription            Netflix Subscription (sub)           Viki Subscription (sub)           iQIYI Subscription (sub)           Prime Video Subscription (sub)
Title: It's Okay to Not Be Okay;Episodes: 16;2020;Aired: Jun 20, 2020 - Aug  9, 2020;Original Network:  tvN;;Content Rating: 15+ - Teens 15 or older;Netflix Subscription (sub)
Title: How to Deal With First Love;Episodes: 12;2020;Aired: Jun 22, 2020 - Aug 13, 2020;Original Network:  Naver TV Cast;;Content Rating: G - All Ages;
Title: Something Music;Episodes: 7;2020;Aired: Jun 23, 2020 - Jul 14, 2020;Original Network:;;Content Rating: Not Yet Rated;
Title: Pop Out Boy!;Episodes: 10;2020;Aired: Jun 25, 2020 - Jul 26, 2020;Original Network:  MBC;;Content Rating: 15+ - Teens 15 or older;WeTV Free (sub)           PlayList Global Free (sub)           Viki Free (sub)
Title: My Wonderful Life;Episodes: 127;2020;Aired: Jun 29, 2020 - Jan  8, 2021;Original Network:  MBC;;Content Rating: 15+ - Teens 15 or older;Kocowa Subscription (sub)
Title: King of Convenience;Episodes: 11;2020;Aired: Jun 30, 2020 - Sep  8, 2020;Original Network:;;Content Rating: Not Yet Rated;
Title: Scene Number Paran;Episodes: 3;2020;Aired: Mar  1, 2020 - Mar  8, 2020;Original Network:;;Content Rating: 13+ - Teens 13 or older;Viki Subscription (sub)           Kocowa Free (sub)
Title: Nobody Knows;Episodes: 16;2020;Aired: Mar  2, 2020 - Apr 21, 2020;Original Network:  SBS;;Content Rating: 15+ - Teens 15 or older;SBS World Free (sub)           Prime Video Subscription (sub)           Kocowa Subscription (sub)
Title: Sweet and Salty Fairy;Episodes: 5;2020;Aired: Mar  5, 2020 - Mar 19, 2020;Original Network:;;Content Rating: 15+ - Teens 15 or older;
Title: Memorist;Episodes: 16;2020;Aired: Mar 11, 2020 - Apr 30, 2020;Original Network:  tvN;;Content Rating: 15+ - Teens 15 or older;WeTV Free (sub)           Viki Free (sub)           iQIYI Subscription (sub)           Tubi Free (sub)           Roku Free
Title: Hospital Playlist;Episodes: 12;2020;Aired: Mar 12, 2020 - May 28, 2020;Original Network:  tvN;;Content Rating: 15+ - Teens 15 or older;Netflix Subscription (sub)
Title: Kingdom Season 2;Episodes: 6;2020;Aired: Mar 13, 2020;Original Network:  Netflix;;Content Rating: 18+ Restricted (violence & profanity);Netflix Subscription (sub)
Title: Fight Hard, Love Harder Season 2;Episodes: 4;2020;Aired: Mar 13, 2020 - Apr  3, 2020;Original Network:  Lifetime;;Content Rating: Not Yet Rated;
Title: Big Picture House;Episodes: 12;2020;Aired: Mar 13, 2020 - Apr 19, 2020;Original Network:  Naver TV Cast;;Content Rating: 15+ - Teens 15 or older;AsianCrush Free (sub)
Title: The Battle of Love;Episodes: 2;2020;Aired: Mar 17, 2020 - Mar 19, 2020;Original Network:;;Content Rating: Not Yet Rated;
Title: Find Me in Your Memory;Episodes: 32;2020;Aired: Mar 18, 2020 - May 13, 2020;Original Network:  MBC;;Content Rating: 15+ - Teens 15 or older;Apple TV Free            Netflix Subscription (sub)           Viki Subscription (sub)           Prime Video Subscription (sub)           Roku Subscription            WeTV Free            Kocowa Subscription (sub)
Title: A Piece of Your Mind;Episodes: 12;2020;Aired: Mar 23, 2020 - Apr 28, 2020;Original Network:  tvN;;Content Rating: 15+ - Teens 15 or older;Apple TV Free (sub)           WeTV Free (sub)           Viki Free (sub)           iQIYI Subscription (sub)           Tubi Free (sub)           Roku Free (sub)           Prime Video Subscription (sub)
Title: 365: Repeat the Year;Episodes: 24;2020;Aired: Mar 23, 2020 - Apr 28, 2020;Original Network:  MBC;;Content Rating: 15+ - Teens 15 or older;Viki Subscription (sub)           Prime Video Subscription (sub)           Roku Subscription            Kocowa Free (sub)
Title: Meow, the Secret Boy;Episodes: 24;2020;Aired: Mar 25, 2020 - Apr 30, 2020;Original Network:  KBS2;;Content Rating: 15+ - Teens 15 or older;Viki Free (sub)           Kocowa Subscription (sub)
Title: Eccentric! Chef Moon;Episodes: 16;2020;Aired: Mar 27, 2020 - May 16, 2020;Original Network:  Channel A;;Content Rating: 15+ - Teens 15 or older;Viki Free (sub)           iQIYI Free (sub)
Title: The World of the Married;Episodes: 16;2020;Aired: Mar 27, 2020 - May 16, 2020;Original Network:  jTBC;;Content Rating: 18+ Restricted (violence & profanity);Disney+ Hotstar Subscription (sub)           Netflix Subscription (sub)           WeTV Free (sub)           iQIYI Free (sub)           iflix Free (sub)           Prime Video Subscription
Title: Rugal;Episodes: 16;2020;Aired: Mar 28, 2020 - May 17, 2020;Original Network:  OCN;;Content Rating: 15+ - Teens 15 or older;Netflix Subscription (sub)
Title: Once Again;Episodes: 100;2020;Aired: Mar 28, 2020 - Sep 13, 2020;Original Network:  KBS2;;Content Rating: 15+ - Teens 15 or older;Apple TV Subscription            Netflix Subscription (sub)           Viki Subscription (sub)           Prime Video Subscription (sub)           Kocowa Subscription (sub)
Title: Fatal Promise;Episodes: 104;2020;Aired: Mar 30, 2020 - Aug 28, 2020;Original Network:  KBS2;;Content Rating: 15+ - Teens 15 or older;
Title: AI, Her;Episodes: 3;2020;Aired: Mar 31, 2020 - Apr 28, 2020;Original Network:;;Content Rating: Not Yet Rated;
Title: Best Mistake Season 2;Episodes: 16;2020;Aired: Mar 31, 2020 - May 21, 2020;Original Network:  vLive;;Content Rating: 15+ - Teens 15 or older;WeTV Free (sub)           Viki Free (sub)           KOK TV Free
Title: Mom Has an Affair;Episodes: 122;2020;Aired: May  4, 2020 - Oct 23, 2020;Original Network:  SBS;;Content Rating: 15+ - Teens 15 or older;
Title: Cast: The Golden Age of Insiders;Episodes: 8;2020;Aired: May  5, 2020 - May 27, 2020;Original Network:  tvN;;Content Rating: 15+ - Teens 15 or older;tvN D STORY Free            Kocowa Free (sub)
Title: Fix You;Episodes: 32;2020;Aired: May  6, 2020 - Jun 25, 2020;Original Network:  KBS2;;Content Rating: 15+ - Teens 15 or older;Viki Subscription (sub)           Kocowa Free (sub)
Title: Go With;Episodes: 2;2020;Aired: May  9, 2020 - May 10, 2020;Original Network:  MBN;;Content Rating: 15+ - Teens 15 or older;
Title: Oh My Baby;Episodes: 16;2020;Aired: May 13, 2020 - Jul  2, 2020;Original Network:  tvN;;Content Rating: 15+ - Teens 15 or older;Netflix Subscription (sub)           WeTV Free (sub)           iQIYI Free (sub)           Tubi Free (sub)           Roku Free (sub)
Title: A Successful Geek;Episodes: 5;2020;Aired: May 14, 2020 - May 28, 2020;Original Network:  2F Studio;;Content Rating: Not Yet Rated;
Title: King Maker: The Change of Destiny;Episodes: 21;2020;Aired: May 17, 2020 - Jul 26, 2020;Original Network:  TV Chosun;;Content Rating: 15+ - Teens 15 or older;Viki Free (sub)           K-DRAMA Free (sub)
Title: Kkondae  Intern;Episodes: 24;2020;Aired: May 20, 2020 - Jul  1, 2020;Original Network:  MBC,  Wavve;;Content Rating: 15+ - Teens 15 or older;Netflix Subscription (sub)           WeTV Free (sub)           Viki Subscription (sub)           Kocowa Subscription (sub)
Title: Mystic Pop-Up Bar;Episodes: 12;2020;Aired: May 20, 2020 - Jun 25, 2020;Original Network:  jTBC;;Content Rating: 15+ - Teens 15 or older;Netflix Subscription (sub)
Title: Where Your Eyes Linger;Episodes: 8;2020;Aired: May 22, 2020 - Jun 12, 2020;Original Network:  Viki;;Content Rating: 13+ - Teens 13 or older;Apple TV Subscription (sub)           WeTV Free (sub)           Viki Free (sub)
Title: Team Bulldog: Off-Duty Investigation;Episodes: 12;2020;Aired: May 23, 2020 - Jun 28, 2020;Original Network:  OCN;;Content Rating: 15+ - Teens 15 or older;Viki Free (sub)           iQIYI Free (sub)           Tubi Free
Title: Cheeze Go;Episodes: 4;2020;Aired: May 23, 2020 - Sep 30, 2020;Original Network:  CheezeFilm;;Content Rating: Not Yet Rated;CheezeFilm Free (sub)
Title: Dinner Mate;Episodes: 32;2020;Aired: May 25, 2020 - Jul 14, 2020;Original Network:  iQiyi,  MBC;;Content Rating: 15+ - Teens 15 or older;iQIYI Subscription (sub)           Prime Video Subscription (sub)
Title: Sweet Munchies;Episodes: 12;2020;Aired: May 25, 2020 - Jun 30, 2020;Original Network:  jTBC;;Content Rating: 15+ - Teens 15 or older;Apple TV Subscription            Netflix Subscription (sub)           Viki Free (sub)
Title: Relationships Are Also Returned;Episodes: 10;2020;Aired: May 29, 2020 - Jun 30, 2020;Original Network:;;Content Rating: Not Yet Rated;
Title: 1990-Z;Episodes: 3;2020;Aired: May 30, 2020 - Jun 19, 2020;Original Network:;;Content Rating: Not Yet Rated;
Title: A Ticket to India;Episodes: 6;2020;Aired: May 31, 2020 - Jul  5, 2020;Original Network:  Yeoragideul;;Content Rating: Not Yet Rated;
Title: Birthcare Center;Episodes: 8;2020;Aired: Nov  2, 2020 - Nov 24, 2020;Original Network:  tvN;;Content Rating: 15+ - Teens 15 or older;WeTV Free (sub)           Viki Free (sub)           iQIYI Free (sub)           Netflix Subscription (sub)           Tubi Free (sub)
Title: Super Smart Quiz Show;Episodes: 5;2020;Aired: Nov  4, 2020 - Dec  2, 2020;Original Network:;;Content Rating: Not Yet Rated;
Title: If in Love, Choose an Ordinance?!;Episodes: 12;2020;Aired: Nov  7, 2020 - Dec 27, 2020;Original Network:;;Content Rating: Not Yet Rated;
Title: Please Don't Date Him;Episodes: 10;2020;Aired: Nov 10, 2020 - Jan 12, 2021;Original Network:  MBC,  MBC every1;;Content Rating: 15+ - Teens 15 or older;Apple TV Subscription (sub)           WeTV Free (sub)           Viki Subscription (sub)           Prime Video Subscription (sub)           Roku Subscription            Kocowa Subscription (sub)
Title: The Mermaid Prince: The Beginning;Episodes: 10;2020;Aired: Nov 11, 2020 - Dec 10, 2020;Original Network:;;Content Rating: 15+ - Teens 15 or older;
Title: Pairing, I Can Hear Your Heart;Episodes: 6;2020;Aired: Nov 13, 2020 - Dec 18, 2020;Original Network:;;Content Rating: Not Yet Rated;
Title: Cha Ta Gong In;Episodes: 4;2020;Aired: Nov 13, 2020 - Nov 24, 2020;Original Network:;;Content Rating: 15+ - Teens 15 or older;
Title: Meal Kid;Episodes: 10;2020;Aired: Nov 16, 2020 - Nov 27, 2020;Original Network:  Naver TV Cast;;Content Rating: 15+ - Teens 15 or older;
Title: Live On;Episodes: 8;2020;Aired: Nov 17, 2020 - Jan 12, 2021;Original Network:  jTBC,  Naver TV Cast;;Content Rating: 15+ - Teens 15 or older;Apple TV Subscription (sub)           WeTV Free (sub)           Viki Free (sub)           iQIYI Free (sub)
Title: Can You Deliver Time?;Episodes: 8;2020;Aired: Nov 20, 2020 - Jan  8, 2021;Original Network:;;Content Rating: Not Yet Rated;배티비 (BAETV) Free (sub)
Title: Real:Time:Love Season 4;Episodes: 8;2020;Aired: Nov 20, 2020 - Jan  8, 2021;Original Network:  Naver TV Cast,  vLive;;Content Rating: 15+ - Teens 15 or older;WeTV Free (sub)
Title: No, Thank You;Episodes: 12;2020;Aired: Nov 21, 2020 - Feb  6, 2021;Original Network:  Daum Kakao TV;;Content Rating: 15+ - Teens 15 or older;Viki Subscription (sub)           Prime Video Subscription (sub)           Roku Subscription            Kocowa Subscription
Title: The Goddess of Revenge;Episodes: 16;2020;Aired: Nov 21, 2020 - Jan 17, 2021;Original Network:  TV Chosun,  Wavve;;Content Rating: 15+ - Teens 15 or older;Viki Free (sub)
Title: Cramped Love;Episodes: 3;2020;Aired: Nov 27, 2020 - Dec  4, 2020;Original Network:;;Content Rating: Not Yet Rated;
Title: The Uncanny Counter;Episodes: 16;2020;Aired: Nov 28, 2020 - Jan 24, 2021;Original Network:  OCN;;Content Rating: 15+ - Teens 15 or older;Netflix Subscription (sub)
Title: Awaken;Episodes: 16;2020;Aired: Nov 30, 2020 - Jan 19, 2021;Original Network:  tvN;;Content Rating: 15+ - Teens 15 or older;Netflix Subscription (sub)           WeTV Subscription (sub)           Viki Free (sub)           iQIYI Free (sub)           Tubi Free (sub)           Roku Free
Title: My Dangerous Wife;Episodes: 16;2020;Aired: Oct  5, 2020 - Nov 24, 2020;Original Network:  MBN,  Wavve;;Content Rating: 18+ Restricted (violence & profanity);Apple TV Subscription            Viki Free (sub)           iQIYI Free (sub)
Title: Everywhere and Nowhere;Episodes: 3;2020;Aired: Oct  6, 2020 - Oct  8, 2020;Original Network:  KBS;;Content Rating: Not Yet Rated;
Title: Tale of the Nine-Tailed;Episodes: 16;2020;Aired: Oct  7, 2020 - Dec  3, 2020;Original Network:  tvN;;Content Rating: 15+ - Teens 15 or older;Netflix Subscription (sub)           WeTV Free (sub)           Viki Free (sub)           iQIYI Free (sub)           Prime Video Subscription (sub)           Tubi Free (sub)
Title: Do Do Sol Sol La La Sol;Episodes: 16;2020;Aired: Oct  7, 2020 - Nov 26, 2020;Original Network:  KBS2;;Content Rating: 15+ - Teens 15 or older;Netflix Subscription (sub)
Title: Private Lives;Episodes: 16;2020;Aired: Oct  7, 2020 - Nov 26, 2020;Original Network:  jTBC;;Content Rating: 15+ - Teens 15 or older;Netflix Subscription (sub)
Title: Sugar Coating;Episodes: 6;2020;Aired: Oct  8, 2020 - Nov 12, 2020;Original Network:;;Content Rating: 15+ - Teens 15 or older;
Title: Third Person Dating Perspective;Episodes: 3;2020;Aired: Oct  9, 2020 - Oct 22, 2020;Original Network:;;Content Rating: 15+ - Teens 15 or older;
Title: Scene and Box Season 2;Episodes: 3;2020;Aired: Oct  9, 2020 - Oct 23, 2020;Original Network:;;Content Rating: Not Yet Rated;
Title: My Fuxxxxx Romance;Episodes: 6;2020;Aired: Oct 11, 2020 - Oct 29, 2020;Original Network:  Naver TV Cast,  vLive;;Content Rating: 15+ - Teens 15 or older;PlayList Global Free (sub)
Title: No Matter What;Episodes: 120;2020;Aired: Oct 12, 2020 - Mar 26, 2021;Original Network:  KBS1;;Content Rating: 15+ - Teens 15 or older;Kocowa Subscription (sub)
Title: Tell Me You've Changed;Episodes: 4;2020;Aired: Oct 13, 2020 - Nov  3, 2020;Original Network:;;Content Rating: G - All Ages;
Title: Single & Ready to Mingle;Episodes: 8;2020;Aired: Oct 13, 2020 - Nov  4, 2020;Original Network:;;Content Rating: 15+ - Teens 15 or older;WeTV Free (sub)           Viki Free (sub)           KOK TV Free (sub)
Title: Intern Z;Episodes: 6;2020;Aired: Oct 14, 2020 - Nov 12, 2020;Original Network:  Naver TV Cast,  vLive;;Content Rating: 15+ - Teens 15 or older;
Title: Start-Up;Episodes: 16;2020;Aired: Oct 17, 2020 - Dec  6, 2020;Original Network:  tvN;;Content Rating: 15+ - Teens 15 or older;Netflix Subscription (sub)           TVING Subscription (sub)
Title: Search;Episodes: 10;2020;Aired: Oct 17, 2020 - Nov 15, 2020;Original Network:  OCN;;Content Rating: 15+ - Teens 15 or older;Viki Free (sub)           iQIYI Subscription (sub)           Tubi Free (sub)
Title: Portrait of a Family;Episodes: 8;2020;Aired: Oct 20, 2020 - Nov 17, 2020;Original Network:  tvN;;Content Rating: Not Yet Rated;
Title: The Spies Who Loved Me;Episodes: 16;2020;Aired: Oct 21, 2020 - Dec 17, 2020;Original Network:  iQiyi,  MBC;;Content Rating: 15+ - Teens 15 or older;iQIYI Subscription (sub)           Prime Video Subscription (sub)
Title: My Wonderful Roommate 2;Episodes: 10;2020;Aired: Oct 22, 2020 - Dec 24, 2020;Original Network:;;Content Rating: Not Yet Rated;
Title: My YouTube Diary Season 2;Episodes: 8;2020;Aired: Oct 23, 2020 - Dec 11, 2020;Original Network:  Tooniverse;;Content Rating: G - All Ages;Tooniverse Free (sub)
Title: Daily Moon's;Episodes: 9;2020;Aired: Oct 23, 2020 - Dec 18, 2020;Original Network:;;Content Rating: 13+ - Teens 13 or older;
Title: Phoenix 2020;Episodes: 120;2020;Aired: Oct 26, 2020 - Apr  9, 2021;Original Network:  SBS;;Content Rating: 15+ - Teens 15 or older;Viki Free (sub)           Prime Video Subscription (sub)           Kocowa Subscription (sub)
Title: Kairos;Episodes: 16;2020;Aired: Oct 26, 2020 - Dec 22, 2020;Original Network:  MBC;;Content Rating: 15+ - Teens 15 or older;Apple TV Subscription            Viki Subscription (sub)           Kocowa Subscription (sub)
Title: The Penthouse: War in Life;Episodes: 21;2020;Aired: Oct 26, 2020 - Jan  5, 2021;Original Network:  SBS;;Content Rating: 15+ - Teens 15 or older;Apple TV Subscription            Netflix Subscription (sub)           WeTV Free (sub)           Viki Subscription (sub)           iQIYI Free (sub)           Prime Video Ppv (sub)           Roku Subscription            Kocowa Free (sub)
Title: Love Assistant;Episodes: 10;2020;Aired: Oct 28, 2020 - Dec 23, 2020;Original Network:;;Content Rating: G - All Ages;
Title: Please, Summer;Episodes: 8;2020;Aired: Oct 29, 2020 - Nov 22, 2020;Original Network:  Channel A;;Content Rating: 15+ - Teens 15 or older;Kakao TV Free
Title: Discipline Z: Vampire;Episodes: 6;2020;Aired: Oct 30, 2020 - Dec 18, 2020;Original Network:;;Content Rating: 13+ - Teens 13 or older;
Title: Delayed Justice;Episodes: 20;2020;Aired: Oct 30, 2020 - Jan 23, 2021;Original Network:  SBS,  Wavve;;Content Rating: 15+ - Teens 15 or older;Apple TV Subscription            Viki Subscription (sub)           Prime Video Subscription (sub)           Roku Subscription            Kocowa Subscription (sub)
Title: Scene and Box: Season of Love;Episodes: 4;2020;Aired: Oct 30, 2020 - Nov 20, 2020;Original Network:;;Content Rating: Not Yet Rated;
Title: Love Revolution;Episodes: 30;2020;Aired: Sep  1, 2020 - Dec 27, 2020;Original Network:  Daum Kakao TV;;Content Rating: 15+ - Teens 15 or older;Viki Subscription (sub)           Hulu Subscription (sub)
Title: Amanza;Episodes: 10;2020;Aired: Sep  1, 2020 - Nov  3, 2020;Original Network:  Daum Kakao TV;;Content Rating: 15+ - Teens 15 or older;Kakao TV Free            Viki Subscription (sub)           Roku Subscription            Kocowa Subscription (sub)
Title: LOVE-Imong Season 2;Episodes: 7;2020;Aired: Sep  4, 2020 - Nov  6, 2020;Original Network:  Gone gone studio;;Content Rating: Not Yet Rated;
Title: Lie after Lie;Episodes: 16;2020;Aired: Sep  4, 2020 - Oct 24, 2020;Original Network:  Channel A,  Wavve;;Content Rating: 15+ - Teens 15 or older;Apple TV Subscription            Viki Free (sub)           Prime Video Subscription (sub)           Roku Subscription            Kocowa Subscription (sub)
Title: Scene and Box;Episodes: 4;2020;Aired: Sep  4, 2020 - Sep 25, 2020;Original Network:;;Content Rating: Not Yet Rated;
Title: A Man in a Veil;Episodes: 105;2020;Aired: Sep  7, 2020 - Feb 10, 2021;Original Network:  KBS2;;Content Rating: 15+ - Teens 15 or older;Apple TV Subscription            Viki Subscription (sub)           Prime Video Subscription (sub)           Roku Subscription            Kocowa Subscription (sub)
Title: Record of Youth;Episodes: 16;2020;Aired: Sep  7, 2020 - Oct 27, 2020;Original Network:  tvN;;Content Rating: 15+ - Teens 15 or older;Netflix Subscription (sub)
Title: Dalgona;Episodes: 4;2020;Aired: Sep  9, 2020 - Sep 30, 2020;Original Network:  Naver TV Cast;;Content Rating: 15+ - Teens 15 or older;Emotional Click Free (sub)
Title: Cheer Up;Episodes: 10;2020;Aired: Sep 10, 2020 - Nov 12, 2020;Original Network:;;Content Rating: Not Yet Rated;
Title: Let Me Off the Earth;Episodes: 45;2020;Aired: Sep 11, 2020 - Aug  6, 2021;Original Network:  Naver TV Cast,  vLive;;Content Rating: 15+ - Teens 15 or older;PlayList Global Free (sub)
Title: So Handsome Man, Si Bel Homme;Episodes: 14;2020;Aired: Sep 11, 2020 - Oct  2, 2020;Original Network:  Daum Kakao TV;;Content Rating: Not Yet Rated;Kakao TV Free
Title: The Police;Episodes: 7;2020;Aired: Sep 11, 2020 - Oct 23, 2020;Original Network:  LET STUDIO;;Content Rating: 15+ - Teens 15 or older;
Title: The Male Friend among Guys;Episodes: 7;2020;Aired: Sep 12, 2020 - May 19, 2021;Original Network:  CheezeFilm;;Content Rating: Not Yet Rated;CheezeFilm Free (sub)
Title: Strange School Tales;Episodes: 6;2020;Aired: Sep 12, 2020 - Sep 27, 2020;Original Network:  TV Chosun;;Content Rating: 18+ Restricted (violence & profanity);Kakao TV Subscription
Title: Romance Bible;Episodes: 8;2020;Aired: Sep 15, 2020 - Oct  6, 2020;Original Network:  tvN;;Content Rating: 15+ - Teens 15 or older;WeTV Free (sub)           tvN D STORY Free (sub)
Title: When You Feel Low!;Episodes: 5;2020;Aired: Sep 16, 2020 - Oct 14, 2020;Original Network:;;Content Rating: Not Yet Rated;
Title: Mr. Heart;Episodes: 8;2020;Aired: Sep 18, 2020 - Oct  2, 2020;Original Network:  Viki;;Content Rating: 13+ - Teens 13 or older;Apple TV Subscription (sub)           WeTV Subscription (sub)           Viki Free (sub)
Title: Homemade Love Story;Episodes: 100;2020;Aired: Sep 19, 2020 - Mar  7, 2021;Original Network:  KBS2;;Content Rating: 15+ - Teens 15 or older;Viki Subscription (sub)           KBS World Free (sub)           Netflix Subscription (sub)           Roku Subscription            Prime Video Subscription (sub)           Kocowa Free (sub)
Title: 18 Again;Episodes: 16;2020;Aired: Sep 21, 2020 - Nov 10, 2020;Original Network:  jTBC;;Content Rating: 15+ - Teens 15 or older;Netflix Subscription (sub)           WeTV Free (sub)           iQIYI Free (sub)           TVING Subscription (sub)           HBO Max Subscription (sub)
Title: Zombie Detective;Episodes: 24;2020;Aired: Sep 21, 2020 - Oct 27, 2020;Original Network:  KBS2,  Wavve;;Content Rating: 15+ - Teens 15 or older;Viki Subscription (sub)           Kocowa Subscription (sub)
Title: MBTI: You're One of These;Episodes: 16;2020;Aired: Sep 22, 2020 - Jan 14, 2021;Original Network:  Nanometer;;Content Rating: Not Yet Rated;
Title: The School Nurse Files;Episodes: 6;2020;Aired: Sep 25, 2020;Original Network:  Netflix;;Content Rating: 15+ - Teens 15 or older;Netflix Subscription (sub)
Title: More Than Friends;Episodes: 16;2020;Aired: Sep 25, 2020 - Nov 28, 2020;Original Network:  jTBC;;Content Rating: 15+ - Teens 15 or older;Disney+ Hotstar Subscription (sub)           Netflix Subscription (sub)           WeTV Free (sub)           Viki Free (sub)           iQIYI Free (sub)           Hulu Subscription (sub)
Title: Special Record on Earth;Episodes: 10;2020;Aired: Sep 29, 2020 - Dec  8, 2020;Original Network:;;Content Rating: Not Yet Rated;
Title: Yeokkeuni;Episodes: 5;2020;Aired: Sep 29, 2020 - Oct 27, 2020;Original Network:;;Content Rating: G - All Ages;Vanilasee Free (sub)
Title: Heart.zip;Episodes: 5;2021;Aired: Apr  1, 2021 - May 21, 2021;Original Network:;;Content Rating: Not Yet Rated;
Title: Dramaworld Season 2;Episodes: 10;2021;Aired: Apr  2, 2021 - May 14, 2021;Original Network:  iQiyi,  Viki;;Content Rating: 15+ - Teens 15 or older;iQIYI Subscription (sub)           Prime Video Free (sub)
Title: Bio Homme;Episodes: 8;2021;Aired: Apr  2, 2021 - May 21, 2021;Original Network:  Naver TV Cast,  vLive;;Content Rating: Not Yet Rated;
Title: Taxi Driver;Episodes: 16;2021;Aired: Apr  9, 2021 - May 29, 2021;Original Network:  SBS;;Content Rating: 18+ Restricted (violence & profanity);Apple TV Subscription            Netflix Subscription (sub)           Viki Subscription (sub)           Prime Video Subscription (sub)           SBS World Free (sub)           Kocowa Free (sub)
Title: Wanna Sleepover;Episodes: 9;2021;Aired: Apr 11, 2021 - Jun 21, 2021;Original Network:;;Content Rating: Not Yet Rated;
Title: Amor Fati;Episodes: 120;2021;Aired: Apr 12, 2021 - Oct  1, 2021;Original Network:  SBS;;Content Rating: 15+ - Teens 15 or older;Viki Subscription (sub)           Prime Video Purchase            Kocowa Subscription (sub)
Title: Translation-needed Love Season 2;Episodes: 3;2021;Aired: Apr 13, 2021 - May  4, 2021;Original Network:;;Content Rating: Not Yet Rated;
Title: Sell Your Haunted House;Episodes: 16;2021;Aired: Apr 14, 2021 - Jun  9, 2021;Original Network:  KBS2;;Content Rating: 15+ - Teens 15 or older;Netflix Subscription (sub)           Viki Subscription (sub)           Prime Video Purchase (sub)           Kocowa Subscription (sub)
Title: Law School;Episodes: 16;2021;Aired: Apr 14, 2021 - Jun  9, 2021;Original Network:  jTBC;;Content Rating: 15+ - Teens 15 or older;Netflix Subscription (sub)
Title: Nobleman Ryu's Wedding;Episodes: 8;2021;Aired: Apr 15, 2021 - May  6, 2021;Original Network:;;Content Rating: 13+ - Teens 13 or older;WeTV Free (sub)
Title: Nice Na Ik Soo;Episodes: 5;2021;Aired: Apr 16, 2021;Original Network:;;Content Rating: Not Yet Rated;
Title: School of Start;Episodes: 3;2021;Aired: Apr 16, 2021 - Apr 30, 2021;Original Network:;;Content Rating: 15+ - Teens 15 or older;
Title: To Me to You;Episodes: 1;2021;Aired: Apr 19, 2021;Original Network:  KBS1;;Content Rating: 15+ - Teens 15 or older;
Title: College Life That Everyone Wants;Episodes: 5;2021;Aired: Apr 21, 2021 - May 19, 2021;Original Network:;;Content Rating: 15+ - Teens 15 or older;
Title: Undercover;Episodes: 16;2021;Aired: Apr 23, 2021 - Jun 12, 2021;Original Network:  jTBC;;Content Rating: 15+ - Teens 15 or older;TVING Subscription
Title: Digital Family;Episodes: 6;2021;Aired: Apr 24, 2021 - Oct  3, 2021;Original Network:;;Content Rating: Not Yet Rated;
Title: Just Friend;Episodes: 10;2021;Aired: Apr 26, 2021 - May 24, 2021;Original Network:;;Content Rating: Not Yet Rated;
Title: Global Travel Agency Gaboiso;Episodes: 5;2021;Aired: Apr 27, 2021 - May 25, 2021;Original Network:;;Content Rating: Not Yet Rated;
Title: Love #Hashtag;Episodes: 10;2021;Aired: Apr 27, 2021 - May 28, 2021;Original Network:;;Content Rating: 15+ - Teens 15 or older;
Title: Dark Hole;Episodes: 12;2021;Aired: Apr 30, 2021 - Jun  5, 2021;Original Network:  OCN,  tvN;;Content Rating: 15+ - Teens 15 or older;WeTV Free (sub)           Viki Free (sub)           iQIYI Subscription (sub)           Prime Video Subscription (sub)           Roku Free (sub)
Title: So I Married the Anti-Fan;Episodes: 16;2021;Aired: Apr 30, 2021 - Jun 19, 2021;Original Network:  Amazon Prime,  iQiyi,  Naver TV Cast,  Viki;;Content Rating: 15+ - Teens 15 or older;Viki Subscription (sub)           iQIYI Subscription (sub)           Hulu Subscription (sub)           Prime Video Subscription (sub)           Wavve Subscription
Title: The Road: The Tragedy of One;Episodes: 12;2021;Aired: Aug  4, 2021 - Sep  9, 2021;Original Network:  tvN;;Content Rating: 15+ - Teens 15 or older;WeTV Free (sub)           Viki Free (sub)           iQIYI Free (sub)           TVING Subscription
Title: The Second Husband;Episodes: 150;2021;Aired: Aug  9, 2021 - Apr  5, 2022;Original Network:  MBC;;Content Rating: 15+ - Teens 15 or older;Viki Subscription (sub)           Prime Video Purchase (sub)           Roku Subscription            Kocowa Subscription (sub)
Title: Police University;Episodes: 16;2021;Aired: Aug  9, 2021 - Oct  5, 2021;Original Network:  KBS2,  Wavve;;Content Rating: 15+ - Teens 15 or older;Netflix Subscription (sub)           Viki Subscription (sub)           Prime Video Purchase (sub)           Kocowa Free (sub)
Title: Idol and I;Episodes: 5;2021;Aired: Aug 12, 2021 - Sep  9, 2021;Original Network:  Naver TV Cast;;Content Rating: Not Yet Rated;
Title: My Lovely Caffeine;Episodes: 1;2021;Aired: Aug 13, 2021;Original Network:;;Content Rating: Not Yet Rated;
Title: Check Out the Event;Episodes: 4;2021;Aired: Aug 14, 2021 - Sep  4, 2021;Original Network:  MBC;;Content Rating: 15+ - Teens 15 or older;Viki Subscription (sub)           iQIYI Subscription (sub)           Prime Video Purchase (sub)           Kocowa Free (sub)
Title: Main Up;Episodes: 8;2021;Aired: Aug 20, 2021 - Oct  8, 2021;Original Network:;;Content Rating: Not Yet Rated;
Title: Horror Mailbox;Episodes: 8;2021;Aired: Aug 27, 2021;Original Network:;;Content Rating: Not Yet Rated;
Title: D.P.;Episodes: 6;2021;Aired: Aug 27, 2021;Original Network:  Netflix;;Content Rating: 15+ - Teens 15 or older;Netflix Subscription (sub)
Title: Don't Worry Apricot;Episodes: 5;2021;Aired: Aug 27, 2021 - Sep 24, 2021;Original Network:  Tooniverse;;Content Rating: G - All Ages;
Title: Hometown Cha-Cha-Cha;Episodes: 16;2021;Aired: Aug 28, 2021 - Oct 17, 2021;Original Network:  tvN;;Content Rating: 15+ - Teens 15 or older;Netflix Subscription (sub)           TVING Subscription
Title: The Guys I Want to Catch;Episodes: 10;2021;Aired: Aug 30, 2021 - Nov  1, 2021;Original Network:;;Content Rating: 15+ - Teens 15 or older;Dingo K-Drama Free (sub)
Title: Lovers of the Red Sky;Episodes: 16;2021;Aired: Aug 30, 2021 - Oct 26, 2021;Original Network:  SBS;;Content Rating: 15+ - Teens 15 or older;Viki Free (sub)
Title: Peach of Time;Episodes: 10;2021;Aired: Aug 30, 2021 - Sep 27, 2021;Original Network:  Tencent Video;;Content Rating: 15+ - Teens 15 or older;WeTV Free (sub)           Wavve Subscription
Title: You Raise Me Up;Episodes: 8;2021;Aired: Aug 31, 2021;Original Network:  Wavve;;Content Rating: 15+ - Teens 15 or older;Viki Subscription (sub)           Wavve Free
Title: JW Entertainment;Episodes: 5;2021;Aired: Aug 31, 2021 - Oct 18, 2021;Original Network:;;Content Rating: Not Yet Rated;
Title: No One Special;Episodes: 16;2021;Aired: Aug 31, 2021 - Oct 22, 2021;Original Network:;;Content Rating: Not Yet Rated;
Title: The One Serving House;Episodes: 8;2021;Aired: Dec  1, 2021 - Dec 17, 2021;Original Network:;;Content Rating: Not Yet Rated;
Title: Sweet and Spicy;Episodes: 2;2021;Aired: Dec  3, 2021;Original Network:;;Content Rating: Not Yet Rated;
Title: User Not Found;Episodes: 22;2021;Aired: Dec  3, 2021 - Feb 12, 2022;Original Network:;;Content Rating: 15+ - Teens 15 or older;Viki Free (sub)           KOK TV Free (sub)
Title: Dear My Girlfriend;Episodes: 3;2021;Aired: Dec  4, 2021 - Dec 18, 2021;Original Network:;;Content Rating: Not Yet Rated;
Title: Our Beloved Summer;Episodes: 16;2021;Aired: Dec  6, 2021 - Jan 25, 2022;Original Network:  SBS;;Content Rating: 15+ - Teens 15 or older;Netflix Subscription (sub)           Wavve Free (sub)
Title: My 100th Election;Episodes: 4;2021;Aired: Dec  7, 2021 - Dec  8, 2021;Original Network:;;Content Rating: Not Yet Rated;
Title: Artificial Intelligence Hamlet;Episodes: 5;2021;Aired: Dec  7, 2021 - Jan  4, 2022;Original Network:;;Content Rating: Not Yet Rated;
Title: Artificial City;Episodes: 20;2021;Aired: Dec  8, 2021 - Feb 10, 2022;Original Network:  jTBC;;Content Rating: 15+ - Teens 15 or older;Netflix Subscription (sub)           Viki Subscription (sub)           TVING Subscription            Lemino Subscription
Title: Casting a Spell to You;Episodes: 16;2021;Aired: Dec  9, 2021;Original Network:;;Content Rating: Not Yet Rated;Viki Free (sub)
Title: Midnight Thriller;Episodes: 3;2021;Aired: Dec  9, 2021;Original Network:  Genie TV;;Content Rating: Not Yet Rated;
Title: A DeadbEAT's Meal;Episodes: 12;2021;Aired: Dec 10, 2021 - Jan 14, 2022;Original Network:  Naver TV Cast,  TVING;;Content Rating: Not Yet Rated;TVING Subscription
Title: Uncle;Episodes: 16;2021;Aired: Dec 11, 2021 - Jan 30, 2022;Original Network:  TV Chosun,  Wavve;;Content Rating: 15+ - Teens 15 or older;Viki Subscription (sub)
Title: The King of Tears, Lee Bang Won;Episodes: 32;2021;Aired: Dec 11, 2021 - May  1, 2022;Original Network:  KBS1;;Content Rating: 15+ - Teens 15 or older;Viki Subscription (sub)           Prime Video Purchase            Kocowa Subscription (sub)
Title: Love Twist;Episodes: 103;2021;Aired: Dec 13, 2021 - May 20, 2022;Original Network:  KBS2;;Content Rating: 15+ - Teens 15 or older;Viki Subscription (sub)           KBS World Free (sub)           Kocowa Subscription (sub)
Title: The World of My 17 Season 2;Episodes: 10;2021;Aired: Dec 15, 2021 - Jan 14, 2022;Original Network:  Naver TV Cast,  vLive;;Content Rating: Not Yet Rated;WeTV Free (sub)           tvN D STORY Free (sub)
Title: I Want to Live an Easy Life;Episodes: 5;2021;Aired: Dec 17, 2021;Original Network:  SBS;;Content Rating: 15+ - Teens 15 or older;TVING Subscription
Title: To.Two;Episodes: 8;2021;Aired: Dec 17, 2021;Original Network:;;Content Rating: 15+ - Teens 15 or older;TVING Free (sub)
Title: Pumpkin Time;Episodes: 10;2021;Aired: Dec 17, 2021 - Dec 18, 2021;Original Network:  Daum Kakao TV;;Content Rating: 13+ - Teens 13 or older;WeTV Free (sub)           Kakao TV Free
Title: Future Company;Episodes: 5;2021;Aired: Dec 17, 2021 - Jan 14, 2022;Original Network:;;Content Rating: Not Yet Rated;
Title: Bad and Crazy;Episodes: 12;2021;Aired: Dec 17, 2021 - Jan 28, 2022;Original Network:  tvN;;Content Rating: 15+ - Teens 15 or older;Netflix Subscription (sub)           iQIYI Subscription (sub)           TVING Subscription            Prime Video Subscription
Title: Bulgasal: Immortal Souls;Episodes: 16;2021;Aired: Dec 18, 2021 - Feb  6, 2022;Original Network:  tvN;;Content Rating: 15+ - Teens 15 or older;Netflix Subscription (sub)           TVING Subscription
Title: Snowdrop;Episodes: 16;2021;Aired: Dec 18, 2021 - Jan 30, 2022;Original Network:  jTBC;;Content Rating: 15+ - Teens 15 or older;Apple TV Subscription            Disney+ Subscription (sub)           Disney+ Hotstar Subscription (sub)
Title: Wanna Sleepover Season 2;Episodes: 9;2021;Aired: Dec 19, 2021 - Feb 13, 2022;Original Network:;;Content Rating: Not Yet Rated;
Title: Cheongchunhyang Jeon;Episodes: 1;2021;Aired: Dec 20, 2021;Original Network:;;Content Rating: G - All Ages;
Title: The One and Only;Episodes: 16;2021;Aired: Dec 20, 2021 - Feb  8, 2022;Original Network:  jTBC;;Content Rating: 15+ - Teens 15 or older;Netflix Subscription (sub)           Viki Subscription (sub)           TVING Subscription            Prime Video Subscription (sub)
Title: Moonshine;Episodes: 16;2021;Aired: Dec 20, 2021 - Feb 22, 2022;Original Network:  KBS2,  Wavve;;Content Rating: 15+ - Teens 15 or older;Apple TV Subscription            Viki Subscription (sub)           Prime Video Purchase            Kocowa Subscription (sub)
Title: Tinted with You;Episodes: 8;2021;Aired: Dec 23, 2021 - Jan 14, 2022;Original Network:  Viki;;Content Rating: 13+ - Teens 13 or older;Viki Subscription (sub)
Title: The Silent Sea;Episodes: 8;2021;Aired: Dec 24, 2021;Original Network:  Netflix;;Content Rating: 15+ - Teens 15 or older;Netflix Subscription (sub)
Title: I'm Watching You;Episodes: 4;2021;Aired: Dec 26, 2021;Original Network:  TVING;;Content Rating: 18+ Restricted (violence & profanity);
Title: Best Mistake Season 3;Episodes: 16;2021;Aired: Dec 27, 2021 - Feb 17, 2022;Original Network:  vLive;;Content Rating: 15+ - Teens 15 or older;Viki Subscription (sub)           KOK TV Free (sub)
Title: A Time to Remember;Episodes: 20;2021;Aired: Dec 28, 2021 - Jan  1, 2022;Original Network:;;Content Rating: Not Yet Rated;Apple TV Subscription            Viki Subscription (sub)           Prime Video Subscription
Title: Behind Cut;Episodes: 8;2021;Aired: Dec 28, 2021 - Jan 19, 2022;Original Network:;;Content Rating: 15+ - Teens 15 or older;Viki Subscription (sub)
Title: The Man's Voice;Episodes: 8;2021;Aired: Dec 30, 2021;Original Network:  iQiyi,  Viki;;Content Rating: 13+ - Teens 13 or older;Viki Subscription (sub)           iQIYI Free (sub)
Title: Not Yet, Seventy;Episodes: 6;2021;Aired: Dec 31, 2021;Original Network:;;Content Rating: Not Yet Rated;
Title: Her Bucket List;Episodes: 10;2021;Aired: Dec 31, 2021;Original Network:  Daum Kakao TV;;Content Rating: 15+ - Teens 15 or older;Apple TV Subscription            WeTV Subscription (sub)           Viki Free (sub)           Kakao TV Free
Title: Love Scene Number;Episodes: 8;2021;Aired: Feb  1, 2021;Original Network:;;Content Rating: 18+ Restricted (violence & profanity);Prime Video Subscription (sub)           Roku Subscription            Kocowa Subscription (sub)
Title: L.U.C.A.: The Beginning;Episodes: 12;2021;Aired: Feb  1, 2021 - Mar  9, 2021;Original Network:  tvN;;Content Rating: 15+ - Teens 15 or older;Apple TV Subscription            WeTV Free (sub)           Viki Free (sub)           iQIYI Free (sub)           TVING Subscription            Tubi Free (sub)           Prime Video Subscription (sub)           Roku Free (sub)
Title: Case Cell Division;Episodes: 3;2021;Aired: Feb 10, 2021;Original Network:  DramaX;;Content Rating: 15+ - Teens 15 or older;Apple TV Subscription
Title: I  Can See Your MBTI;Episodes: 2;2021;Aired: Feb 13, 2021 - Feb 20, 2021;Original Network:  SBS;;Content Rating: 15+ - Teens 15 or older;
Title: River Where the Moon Rises;Episodes: 20;2021;Aired: Feb 15, 2021 - Apr 20, 2021;Original Network:  KBS2;;Content Rating: 15+ - Teens 15 or older;Apple TV Subscription            Viki Free (sub)
Title: Miss Monte-Cristo;Episodes: 100;2021;Aired: Feb 15, 2021 - Jul  2, 2021;Original Network:  KBS2;;Content Rating: 15+ - Teens 15 or older;Kocowa Free
Title: Sisyphus: The Myth;Episodes: 16;2021;Aired: Feb 17, 2021 - Apr  8, 2021;Original Network:  jTBC;;Content Rating: 15+ - Teens 15 or older;Netflix Subscription (sub)
Title: Re: Search;Episodes: 7;2021;Aired: Feb 18, 2021 - Apr  1, 2021;Original Network:;;Content Rating: Not Yet Rated;
Title: The Girls Double Life;Episodes: 8;2021;Aired: Feb 18, 2021 - Apr  8, 2021;Original Network:;;Content Rating: Not Yet Rated;
Title: With You;Episodes: 6;2021;Aired: Feb 18, 2021 - Mar 11, 2021;Original Network:;;Content Rating: Not Yet Rated;
Title: The Penthouse Season 2: War in Life;Episodes: 13;2021;Aired: Feb 19, 2021 - Apr  2, 2021;Original Network:  SBS;;Content Rating: 15+ - Teens 15 or older;Netflix Subscription (sub)           WeTV Free (sub)           Viki Subscription (sub)           iQIYI Free (sub)           Prime Video Subscription (sub)           Kocowa Subscription (sub)
Title: Adults These Days;Episodes: 8;2021;Aired: Feb 19, 2021 - Apr  9, 2021;Original Network:;;Content Rating: Not Yet Rated;
Title: Beyond Evil;Episodes: 16;2021;Aired: Feb 19, 2021 - Apr 10, 2021;Original Network:  jTBC;;Content Rating: 18+ Restricted (violence & profanity);Disney+ Hotstar Subscription (sub)           Netflix Subscription (sub)           WeTV Free (sub)           Viki Free (sub)           Prime Video Subscription (sub)           Tubi Free (sub)           Roku Free (sub)           Kocowa Subscription (sub)
Title: High! Touch;Episodes: 6;2021;Aired: Feb 19, 2021 - Apr 23, 2021;Original Network:  Naver TV Cast;;Content Rating: 15+ - Teens 15 or older;
Title: Times;Episodes: 12;2021;Aired: Feb 20, 2021 - Mar 28, 2021;Original Network:  OCN;;Content Rating: 15+ - Teens 15 or older;WeTV Free (sub)           Viki Free (sub)           iQIYI Free (sub)           Prime Video Subscription (sub)           Roku Free (sub)
Title: Vincenzo;Episodes: 20;2021;Aired: Feb 20, 2021 - May  2, 2021;Original Network:  tvN;;Content Rating: 15+ - Teens 15 or older;Netflix Subscription (sub)           TVING Subscription (sub)
Title: I Know Because I've Tried It;Episodes: 6;2021;Aired: Feb 21, 2021 - Apr  6, 2021;Original Network:;;Content Rating: Not Yet Rated;
Title: Breakup Probation, A Week;Episodes: 10;2021;Aired: Feb 22, 2021 - Feb 26, 2021;Original Network:  SBS;;Content Rating: 15+ - Teens 15 or older;Viki Free (sub)
Title: How to Be Thirty;Episodes: 15;2021;Aired: Feb 23, 2021 - Apr 13, 2021;Original Network:  Daum Kakao TV;;Content Rating: 15+ - Teens 15 or older;Viki Free (sub)           iQIYI Free (sub)           Kakao TV Purchase
Title: Be My Boyfriend;Episodes: 15;2021;Aired: Feb 25, 2021 - Apr 15, 2021;Original Network:  Naver TV Cast;;Content Rating: 13+ - Teens 13 or older;Apple TV Subscription (sub)           WeTV Free (sub)           Viki Free (sub)           KOK TV Free (sub)           Prime Video Subscription (sub)
Title: Must You Go?;Episodes: 8;2021;Aired: Feb 26, 2021 - Mar 19, 2021;Original Network:;;Content Rating: 15+ - Teens 15 or older;Viki Free (sub)           AsianCrush Free (sub)           Prime Video Subscription (sub)
Title: You Make Me Dance;Episodes: 8;2021;Aired: Feb 26, 2021 - Mar 19, 2021;Original Network:  Viki;;Content Rating: 15+ - Teens 15 or older;WeTV Free (sub)           Viki Free (sub)           iflix Free (sub)
Title: Nickname Pine Leaf;Episodes: 3;2021;Aired: Feb 27, 2021 - Mar 13, 2021;Original Network:  SBS;;Content Rating: 15+ - Teens 15 or older;
Title: Part-time Student;Episodes: 3;2021;Aired: Jan  2, 2021 - Jan 28, 2021;Original Network:;;Content Rating: Not Yet Rated;
Title: Damn Good Company;Episodes: 5;2021;Aired: Jan  6, 2021 - Jan 24, 2021;Original Network:  Watcha;;Content Rating: 15+ - Teens 15 or older;
Title: 100% Era;Episodes: 8;2021;Aired: Jan  7, 2021 - Feb 25, 2021;Original Network:;;Content Rating: 15+ - Teens 15 or older;
Title: Back to the 2008;Episodes: 10;2021;Aired: Jan  7, 2021 - Mar 11, 2021;Original Network:;;Content Rating: Not Yet Rated;
Title: A Good Supper;Episodes: 120;2021;Aired: Jan 11, 2021 - Jul  1, 2021;Original Network:  MBC;;Content Rating: 15+ - Teens 15 or older;Viki Subscription (sub)           Kocowa Subscription (sub)
Title: Club Room B102;Episodes: 15;2021;Aired: Jan 18, 2021 - Feb 15, 2021;Original Network:  Naver TV Cast;;Content Rating: 13+ - Teens 13 or older;
Title: She Would Never Know;Episodes: 16;2021;Aired: Jan 18, 2021 - Mar  9, 2021;Original Network:  iQiyi,  jTBC;;Content Rating: 15+ - Teens 15 or older;Netflix Subscription (sub)           iQIYI Subscription (sub)           Prime Video Subscription (sub)
Title: A Double Table;Episodes: 10;2021;Aired: Jan 19, 2021 - Mar 23, 2021;Original Network:;;Content Rating: Not Yet Rated;
Title: Nara's Marvelous Days;Episodes: 6;2021;Aired: Jan 21, 2021 - Feb 25, 2021;Original Network:  Naver TV Cast;;Content Rating: 13+ - Teens 13 or older;
Title: To My Star;Episodes: 9;2021;Aired: Jan 22, 2021 - Feb  5, 2021;Original Network:  Viki;;Content Rating: 15+ - Teens 15 or older;Apple TV Subscription (sub)           WeTV Free (sub)           Viki Free (sub)           iQIYI Subscription (sub)
Title: Our Secret Bulletin Board;Episodes: 3;2021;Aired: Jan 23, 2021 - Feb 20, 2021;Original Network:;;Content Rating: Not Yet Rated;
Title: Convenience Store Fling;Episodes: 6;2021;Aired: Jan 23, 2021 - Feb 27, 2021;Original Network:;;Content Rating: 15+ - Teens 15 or older;Dingo K-Drama Free (sub)
Title: Love (ft. Marriage and Divorce);Episodes: 16;2021;Aired: Jan 23, 2021 - Mar 14, 2021;Original Network:  TV Chosun;;Content Rating: 15+ - Teens 15 or older;Netflix Subscription
Title: Rudyteen;Episodes: 4;2021;Aired: Jan 23, 2021 - Mar 27, 2021;Original Network:;;Content Rating: Not Yet Rated;
Title: Replay: The Moment When It Starts Again;Episodes: 10;2021;Aired: Jan 26, 2021 - Feb 26, 2021;Original Network:  Daum Kakao TV;;Content Rating: 15+ - Teens 15 or older;Apple TV Subscription (sub)           Viki Free (sub)           Prime Video Purchase (sub)           Kakao TV Free            Tubi Free (sub)
Title: Save Me Oldie;Episodes: 2;2021;Aired: Jan 30, 2021 - Feb  6, 2021;Original Network:  SBS;;Content Rating: 15+ - Teens 15 or older;
Title: Nineteen, Logout;Episodes: 7;2021;Aired: Jan 31, 2021 - Mar 14, 2021;Original Network:;;Content Rating: Not Yet Rated;
Title: Meeting Plaza;Episodes: 8;2021;Aired: Jul  1, 2021 - Aug 19, 2021;Original Network:;;Content Rating: 13+ - Teens 13 or older;
Title: The Devil Judge;Episodes: 16;2021;Aired: Jul  3, 2021 - Aug 22, 2021;Original Network:  tvN;;Content Rating: 15+ - Teens 15 or older;Netflix Subscription (sub)           WeTV Free (sub)           Viki Subscription (sub)           iQIYI Free (sub)           TVING Subscription            Prime Video Subscription (sub)           Roku Free (sub)
Title: You Are My Spring;Episodes: 16;2021;Aired: Jul  5, 2021 - Aug 24, 2021;Original Network:  tvN;;Content Rating: 15+ - Teens 15 or older;Netflix Subscription (sub)           TVING Subscription
Title: Red Shoes;Episodes: 100;2021;Aired: Jul  5, 2021 - Dec 10, 2021;Original Network:  KBS2;;Content Rating: 15+ - Teens 15 or older;Prime Video Purchase            KBS World Free (sub)           Viki Subscription (sub)           Kocowa Subscription (sub)
Title: Our First: Seventeen;Episodes: 10;2021;Aired: Jul  7, 2021 - Aug  7, 2021;Original Network:;;Content Rating: 15+ - Teens 15 or older;
Title: Uiinjeongi;Episodes: 12;2021;Aired: Jul  8, 2021 - Sep 25, 2021;Original Network:  TVING;;Content Rating: 15+ - Teens 15 or older;
Title: The World of CC;Episodes: 8;2021;Aired: Jul 12, 2021 - Aug 29, 2021;Original Network:;;Content Rating: Not Yet Rated;
Title: Love On Live;Episodes: 5;2021;Aired: Jul 15, 2021 - Aug 12, 2021;Original Network:  Naver TV Cast;;Content Rating: Not Yet Rated;
Title: The Witch's Diner;Episodes: 8;2021;Aired: Jul 16, 2021 - Aug 13, 2021;Original Network:  TVING;;Content Rating: 15+ - Teens 15 or older;Apple TV Subscription            WeTV Free (sub)           Viki Free (sub)           iflix Free (sub)           Prime Video Subscription (sub)           Roku Free (sub)
Title: Focus to You 2;Episodes: 6;2021;Aired: Jul 22, 2021 - Aug 26, 2021;Original Network:;;Content Rating: Not Yet Rated;
Title: Blue Birthday;Episodes: 16;2021;Aired: Jul 23, 2021 - Sep 11, 2021;Original Network:  Naver TV Cast;;Content Rating: 15+ - Teens 15 or older;WeTV Free (sub)           Viki Subscription (sub)
Title: Intern Possible;Episodes: 4;2021;Aired: Jul 28, 2021 - Aug  7, 2021;Original Network:;;Content Rating: Not Yet Rated;
Title: Someday Office;Episodes: 8;2021;Aired: Jul 28, 2021 - Sep 15, 2021;Original Network:;;Content Rating: Not Yet Rated;
Title: 2021 Summer Drama Collage: Monster Mansion;Episodes: 8;2021;Aired: Jul 30, 2021 - Aug 19, 2021;Original Network:;;Content Rating: 18+ Restricted (violence & profanity);
Title: The Great Shaman Ga Doo Shim;Episodes: 12;2021;Aired: Jul 30, 2021 - Oct  8, 2021;Original Network:  Daum Kakao TV;;Content Rating: 15+ - Teens 15 or older;Viki Free (sub)           iQIYI Free (sub)           Hulu Subscription (sub)
Title: Youth Again;Episodes: 8;2021;Aired: Jun  3, 2021 - Jun 25, 2021;Original Network:  tvN;;Content Rating: 15+ - Teens 15 or older;tvN D STORY Free (sub)
Title: Next Door Witch J;Episodes: 12;2021;Aired: Jun  4, 2021;Original Network:  Watcha;;Content Rating: 15+ - Teens 15 or older;WeTV Free (sub)           Viki Subscription (sub)
Title: Damn Good Company Season 3;Episodes: 11;2021;Aired: Jun  4, 2021 - Jul 10, 2021;Original Network:  Watcha;;Content Rating: 15+ - Teens 15 or older;
Title: The Penthouse Season 3: War in Life;Episodes: 14;2021;Aired: Jun  4, 2021 - Sep 10, 2021;Original Network:  SBS;;Content Rating: 15+ - Teens 15 or older;Netflix Subscription (sub)           WeTV Free (sub)           Viki Subscription (sub)           iQIYI Free (sub)           Prime Video Subscription (sub)           SBS World Free (sub)           Kocowa Free (sub)
Title: See-real;Episodes: 6;2021;Aired: Jun  9, 2021 - Jun 26, 2021;Original Network:;;Content Rating: Not Yet Rated;
Title: Vertigo, Shoot;Episodes: 5;2021;Aired: Jun 10, 2021 - Jul  8, 2021;Original Network:;;Content Rating: Not Yet Rated;
Title: Starting Point of Dating;Episodes: 7;2021;Aired: Jun 11, 2021 - Jul 23, 2021;Original Network:;;Content Rating: 15+ - Teens 15 or older;
Title: Love (ft. Marriage and Divorce) Season 2;Episodes: 16;2021;Aired: Jun 12, 2021 - Aug  8, 2021;Original Network:  TV Chosun;;Content Rating: 15+ - Teens 15 or older;Netflix Subscription
Title: At a Distance, Spring Is Green;Episodes: 12;2021;Aired: Jun 14, 2021 - Jul 20, 2021;Original Network:  KBS2;;Content Rating: 15+ - Teens 15 or older;Apple TV Free            Viki Free (sub)           iQIYI Subscription (sub)
Title: Yunseul;Episodes: 5;2021;Aired: Jun 16, 2021;Original Network:;;Content Rating: Not Yet Rated;
Title: Monthly Magazine Home;Episodes: 16;2021;Aired: Jun 16, 2021 - Aug  5, 2021;Original Network:  iQiyi,  jTBC;;Content Rating: 15+ - Teens 15 or older;Viki Free (sub)           iQIYI Subscription (sub)           Prime Video Subscription (sub)
Title: On the Turf;Episodes: 6;2021;Aired: Jun 16, 2021 - Jul 12, 2021;Original Network:;;Content Rating: Not Yet Rated;
Title: Romanced;Episodes: 8;2021;Aired: Jun 17, 2021 - Aug  6, 2021;Original Network:;;Content Rating: 15+ - Teens 15 or older;
Title: Hospital Playlist Season 2;Episodes: 12;2021;Aired: Jun 17, 2021 - Sep 16, 2021;Original Network:  tvN;;Content Rating: 15+ - Teens 15 or older;Netflix Subscription (sub)           TVING Subscription
Title: So Not Worth it;Episodes: 12;2021;Aired: Jun 18, 2021;Original Network:  Netflix;;Content Rating: 15+ - Teens 15 or older;Netflix Subscription
Title: Genesis;Episodes: 6;2021;Aired: Jun 18, 2021 - Jul 23, 2021;Original Network:  Seezn;;Content Rating: 15+ - Teens 15 or older;
Title: Voice Season 4: Time of Judgment;Episodes: 14;2021;Aired: Jun 18, 2021 - Jul 31, 2021;Original Network:  tvN;;Content Rating: 15+ - Teens 15 or older;Apple TV Subscription (sub)           WeTV Free (sub)           Viki Subscription (sub)           iQIYI Free (sub)           Prime Video Subscription (sub)           Tubi Free
Title: Nevertheless,;Episodes: 10;2021;Aired: Jun 19, 2021 - Aug 21, 2021;Original Network:  jTBC;;Content Rating: 15+ - Teens 15 or older;Netflix Subscription (sub)
Title: On the Verge of Insanity;Episodes: 16;2021;Aired: Jun 23, 2021 - Aug 26, 2021;Original Network:  MBC;;Content Rating: 15+ - Teens 15 or older;Viki Subscription (sub)           Prime Video Purchase (sub)           Kocowa Free (sub)
Title: I'm Not a  Loser;Episodes: 4;2021;Aired: Jun 26, 2021 - Jul 28, 2021;Original Network:;;Content Rating: G - All Ages;
Title: Light on Me;Episodes: 16;2021;Aired: Jun 29, 2021 - Aug 19, 2021;Original Network:  Viki;;Content Rating: 13+ - Teens 13 or older;Apple TV Subscription (sub)           WeTV Free (sub)           Viki Subscription (sub)           KOK TV Free (sub)           Prime Video Subscription (sub)           Roku Subscription (sub)           Kocowa Subscription
Title: Re-Feel: If Only;Episodes: 6;2021;Aired: Jun 30, 2021 - Aug  4, 2021;Original Network:;;Content Rating: 15+ - Teens 15 or older;
Title: Mouse;Episodes: 20;2021;Aired: Mar  3, 2021 - May 19, 2021;Original Network:  tvN;;Content Rating: 18+ Restricted (violence & profanity);Apple TV Subscription (sub)           WeTV Free (sub)           Viki Free (sub)           iQIYI Free (sub)           TVING Subscription            Prime Video Subscription (sub)           Tubi Free (sub)           Roku Free (sub)
Title: It's Okay, That's Friendship;Episodes: 1;2021;Aired: Mar  5, 2021;Original Network:;;Content Rating: G - All Ages;
Title: Extreme Man;Episodes: 6;2021;Aired: Mar  5, 2021 - Apr  9, 2021;Original Network:;;Content Rating: Not Yet Rated;
Title: Tickle Tickle;Episodes: 3;2021;Aired: Mar  5, 2021 - Mar 19, 2021;Original Network:;;Content Rating: Not Yet Rated;
Title: Damn Good Company Season 2;Episodes: 10;2021;Aired: Mar 10, 2021 - Apr 14, 2021;Original Network:  Watcha;;Content Rating: 15+ - Teens 15 or older;
Title: Love Alarm Season 2;Episodes: 6;2021;Aired: Mar 12, 2021;Original Network:  Netflix;;Content Rating: 15+ - Teens 15 or older;Netflix Subscription (sub)
Title: Secret Friend;Episodes: 10;2021;Aired: Mar 12, 2021 - Apr 10, 2021;Original Network:;;Content Rating: Not Yet Rated;
Title: Revolutionary Sisters;Episodes: 50;2021;Aired: Mar 13, 2021 - Sep 18, 2021;Original Network:  KBS2;;Content Rating: 15+ - Teens 15 or older;Viki Subscription (sub)           Prime Video Purchase            KBS World Free (sub)           Netflix Subscription (sub)           Kocowa Subscription (sub)
Title: Recipe for Youth;Episodes: 10;2021;Aired: Mar 14, 2021;Original Network:;;Content Rating: 15+ - Teens 15 or older;
Title: Yum Yum, How Tasty! 2;Episodes: 5;2021;Aired: Mar 19, 2021 - Apr 16, 2021;Original Network:;;Content Rating: Not Yet Rated;Vanilasee Free (sub)
Title: Somehow Family;Episodes: 12;2021;Aired: Mar 21, 2021 - Jun  6, 2021;Original Network:  TV Chosun;;Content Rating: 15+ - Teens 15 or older;Tubi Free (sub)           Prime Video Subscription (sub)           Roku Free (sub)
Title: Navillera;Episodes: 12;2021;Aired: Mar 22, 2021 - Apr 27, 2021;Original Network:  tvN;;Content Rating: 15+ - Teens 15 or older;Netflix Subscription (sub)           TVING Subscription
Title: Joseon Exorcist;Episodes: 2;2021;Aired: Mar 22, 2021 - Mar 23, 2021;Original Network:  SBS;;Content Rating: 18+ Restricted (violence & profanity);WeTV Free
Title: Translation-Needed Love;Episodes: 2;2021;Aired: Mar 23, 2021 - Mar 30, 2021;Original Network:;;Content Rating: Not Yet Rated;
Title: Deoksaeng Reversal;Episodes: 3;2021;Aired: Mar 24, 2021 - Apr  7, 2021;Original Network:;;Content Rating: Not Yet Rated;
Title: The Sweet Blood;Episodes: 15;2021;Aired: Mar 24, 2021 - May 12, 2021;Original Network:  Naver TV Cast,  vLive;;Content Rating: 15+ - Teens 15 or older;Apple TV Subscription            WeTV Subscription (sub)           Viki Free (sub)           KUKAN Free (sub)
Title: Oh My Ladylord;Episodes: 16;2021;Aired: Mar 24, 2021 - May 13, 2021;Original Network:  iQiyi,  MBC;;Content Rating: 15+ - Teens 15 or older;iQIYI Subscription (sub)           Prime Video Subscription
Title: Time to Be Together 1:11;Episodes: 10;2021;Aired: Mar 26, 2021;Original Network:  MBC Dramanet;;Content Rating: 15+ - Teens 15 or older;
Title: Scripting Your Destiny;Episodes: 10;2021;Aired: Mar 26, 2021;Original Network:  TVING;;Content Rating: 15+ - Teens 15 or older;Apple TV Free (sub)           Viki Subscription (sub)           iQIYI Subscription (sub)           Tubi Free (sub)           Roku Free (sub)
Title: Be My Dream Family;Episodes: 120;2021;Aired: Mar 29, 2021 - Oct  1, 2021;Original Network:  KBS1;;Content Rating: 15+ - Teens 15 or older;KBS World Free (sub)           Kocowa Subscription (sub)
Title: Summer Guys;Episodes: 10;2021;Aired: Mar 30, 2021 - Apr 28, 2021;Original Network:  AbemaTV;;Content Rating: 15+ - Teens 15 or older;Viki Subscription (sub)
Title: Take It or Leave It;Episodes: 8;2021;Aired: Mar 31, 2021 - Apr 24, 2021;Original Network:;;Content Rating: 13+ - Teens 13 or older;
Title: Cheonja's Written Blind Date;Episodes: 7;2021;Aired: Mar 31, 2021 - May 12, 2021;Original Network:;;Content Rating: Not Yet Rated;
Title: Love Campus;Episodes: 9;2021;Aired: Mar 31, 2021 - May 26, 2021;Original Network:;;Content Rating: Not Yet Rated;
Title: Bossam: Steal the Fate;Episodes: 20;2021;Aired: May  1, 2021 - Jul  4, 2021;Original Network:  MBN,  Wavve;;Content Rating: 15+ - Teens 15 or older;Viki Subscription (sub)
Title: Youth of May;Episodes: 12;2021;Aired: May  3, 2021 - Jun  8, 2021;Original Network:  KBS2;;Content Rating: 15+ - Teens 15 or older;Netflix Subscription (sub)           Viki Subscription (sub)           Prime Video Purchase (sub)           Kocowa Subscription (sub)
Title: Focus to You;Episodes: 6;2021;Aired: May  6, 2021 - Jun 10, 2021;Original Network:;;Content Rating: Not Yet Rated;
Title: Artist Disappearance Case;Episodes: 10;2021;Aired: May  7, 2021;Original Network:;;Content Rating: 15+ - Teens 15 or older;
Title: Imitation;Episodes: 12;2021;Aired: May  7, 2021 - Jul 23, 2021;Original Network:  KBS2;;Content Rating: 15+ - Teens 15 or older;Netflix Subscription (sub)           Viki Free (sub)           iQIYI Subscription (sub)           Prime Video Subscription (sub)
Title: Mine;Episodes: 16;2021;Aired: May  8, 2021 - Jun 27, 2021;Original Network:  tvN;;Content Rating: 15+ - Teens 15 or older;Netflix Subscription (sub)           TVING Subscription
Title: Sometoon 2021;Episodes: 20;2021;Aired: May 10, 2021;Original Network:;;Content Rating: 15+ - Teens 15 or older;
Title: Doom at Your Service;Episodes: 16;2021;Aired: May 10, 2021 - Jun 29, 2021;Original Network:  tvN;;Content Rating: 15+ - Teens 15 or older;Apple TV Subscription            Viki Free (sub)           Prime Video Subscription (sub)           TVING Subscription (sub)           Netflix Subscription (sub)           Roku Free (sub)
Title: I:LOVE:DM;Episodes: 7;2021;Aired: May 12, 2021 - Jul 21, 2021;Original Network:  vLive;;Content Rating: 15+ - Teens 15 or older;
Title: Move to Heaven;Episodes: 10;2021;Aired: May 14, 2021;Original Network:  Netflix;;Content Rating: 18+ Restricted (violence & profanity);Netflix Subscription (sub)
Title: SM Culture Universe: aespa;Episodes: 3;2021;Aired: May 14, 2021 - Feb 23, 2023;Original Network:;;Content Rating: Not Yet Rated;
Title: Company Romance;Episodes: 6;2021;Aired: May 19, 2021 - Jun  1, 2021;Original Network:;;Content Rating: Not Yet Rated;
Title: Here's My Plan;Episodes: 4;2021;Aired: May 19, 2021 - May 27, 2021;Original Network:  MBC;;Content Rating: 15+ - Teens 15 or older;Viki Subscription (sub)           Wavve Subscription            Prime Video Subscription (sub)           Roku Subscription            Kocowa Subscription (sub)
Title: Mad for Each Other;Episodes: 13;2021;Aired: May 24, 2021 - Jun 21, 2021;Original Network:  Daum Kakao TV;;Content Rating: 15+ - Teens 15 or older;Netflix Subscription (sub)           Kakao TV Free
Title: My Roommate Is a Gumiho;Episodes: 16;2021;Aired: May 26, 2021 - Jul 15, 2021;Original Network:  tvN;;Content Rating: 15+ - Teens 15 or older;Apple TV Subscription            Netflix Subscription (sub)           Viki Subscription (sub)           iQIYI Subscription (sub)           TVING Subscription            Prime Video Subscription (sub)
Title: Shh, Please Take Care of Him;Episodes: 3;2021;Aired: May 28, 2021 - Jun 11, 2021;Original Network:  Seezn;;Content Rating: 15+ - Teens 15 or older;
Title: Return Love;Episodes: 3;2021;Aired: May 29, 2021 - Jun 12, 2021;Original Network:;;Content Rating: Not Yet Rated;
Title: Racket Boys;Episodes: 16;2021;Aired: May 31, 2021 - Aug  9, 2021;Original Network:  SBS;;Content Rating: 15+ - Teens 15 or older;Netflix Subscription (sub)
Title: The Birth of a Nation;Episodes: 2;2021;Aired: Nov  1, 2021;Original Network:;;Content Rating: Not Yet Rated;
Title: Armored Saurus;Episodes: 25;2021;Aired: Nov  4, 2021 - Apr 28, 2022;Original Network:;;Content Rating: 13+ - Teens 13 or older;Netflix Subscription
Title: Dr. Brain;Episodes: 6;2021;Aired: Nov  4, 2021 - Dec 10, 2021;Original Network:;;Content Rating: 15+ - Teens 15 or older;Apple TV Subscription (sub)
Title: Happiness;Episodes: 12;2021;Aired: Nov  5, 2021 - Dec 11, 2021;Original Network:  TVING,  tvN;;Content Rating: 15+ - Teens 15 or older;Apple TV Subscription            Netflix Subscription (sub)           WeTV Subscription (sub)           Viki Free (sub)           iQIYI Subscription (sub)           TVING Subscription (sub)
Title: Life of Jung, Lee, Ro, and Woon;Episodes: 15;2021;Aired: Nov  5, 2021 - Dec 15, 2021;Original Network:;;Content Rating: Not Yet Rated;
Title: Zero Ability for Dating;Episodes: 10;2021;Aired: Nov  5, 2021 - Jan  7, 2022;Original Network:;;Content Rating: Not Yet Rated;
Title: Let Me Be Your Knight;Episodes: 12;2021;Aired: Nov  7, 2021 - Jan 24, 2022;Original Network:  iQiyi,  SBS;;Content Rating: 15+ - Teens 15 or older;Viki Subscription (sub)           iQIYI Subscription (sub)
Title: Idol: The Coup;Episodes: 12;2021;Aired: Nov  8, 2021 - Dec 14, 2021;Original Network:  iQiyi,  jTBC;;Content Rating: 15+ - Teens 15 or older;iQIYI Subscription (sub)           Prime Video Subscription (sub)
Title: Secret Royal Inspector & Joy;Episodes: 16;2021;Aired: Nov  8, 2021 - Dec 28, 2021;Original Network:  tvN;;Content Rating: 15+ - Teens 15 or older;Netflix Subscription (sub)           WeTV Subscription (sub)           Viki Subscription (sub)           iQIYI Subscription (sub)           TVING Subscription            Hulu Subscription (sub)           Tubi Free (sub)
Title: Find Me if You Can;Episodes: 8;2021;Aired: Nov  9, 2021 - Dec  4, 2021;Original Network:;;Content Rating: Not Yet Rated;
Title: Not Found Love;Episodes: 10;2021;Aired: Nov  9, 2021 - Dec  9, 2021;Original Network:;;Content Rating: Not Yet Rated;STUDIO DIA Free (sub)
Title: Melancholia;Episodes: 16;2021;Aired: Nov 10, 2021 - Dec 30, 2021;Original Network:  tvN;;Content Rating: 15+ - Teens 15 or older;Netflix Subscription (sub)           WeTV Subscription (sub)           Viki Free (sub)           iQIYI Subscription (sub)           TVING Subscription            Hulu Subscription (sub)
Title: Political Fever;Episodes: 12;2021;Aired: Nov 12, 2021;Original Network:  Wavve;;Content Rating: 15+ - Teens 15 or older;Viki Subscription (sub)           Wavve Subscription            Prime Video Subscription (sub)           Roku Subscription            Kocowa Subscription (sub)
Title: Delivery;Episodes: 8;2021;Aired: Nov 12, 2021;Original Network:;;Content Rating: Not Yet Rated;
Title: The Mysterious Class;Episodes: 8;2021;Aired: Nov 12, 2021 - Dec 31, 2021;Original Network:;;Content Rating: Not Yet Rated;
Title: Romantically People;Episodes: 12;2021;Aired: Nov 12, 2021 - Feb 11, 2022;Original Network:;;Content Rating: Not Yet Rated;
Title: The Red Sleeve;Episodes: 17;2021;Aired: Nov 12, 2021 - Jan  1, 2022;Original Network:  MBC;;Content Rating: 15+ - Teens 15 or older;Apple TV Subscription (sub)           Viki Subscription (sub)           Netflix Subscription
Title: Now, We Are Breaking Up;Episodes: 16;2021;Aired: Nov 12, 2021 - Jan  8, 2022;Original Network:  SBS;;Content Rating: 15+ - Teens 15 or older;Viki Free (sub)
Title: Peacock Green Love;Episodes: 3;2021;Aired: Nov 12, 2021 - Nov 26, 2021;Original Network:;;Content Rating: Not Yet Rated;
Title: Adult Trainee;Episodes: 7;2021;Aired: Nov 12, 2021 - Nov 26, 2021;Original Network:  TVING;;Content Rating: Not Yet Rated;Apple TV Subscription            TVING Subscription (sub)           Roku Free
Title: Fly, Again;Episodes: 10;2021;Aired: Nov 13, 2021 - Dec 15, 2021;Original Network:  Daum Kakao TV;;Content Rating: 15+ - Teens 15 or older;WeTV Free (sub)           Viki Subscription (sub)           Kakao TV Free
Title: Beginning;Episodes: 24;2021;Aired: Nov 16, 2021 - Mar 11, 2022;Original Network:;;Content Rating: Not Yet Rated;
Title: Part-Time Mello;Episodes: 12;2021;Aired: Nov 17, 2021 - Dec 23, 2021;Original Network:;;Content Rating: 15+ - Teens 15 or older;KOK TV Free (sub)           Prime Video Subscription (sub)           Roku Subscription            Tubi Free (sub)           Kocowa Subscription (sub)
Title: Hellbound;Episodes: 6;2021;Aired: Nov 19, 2021;Original Network:  Netflix;;Content Rating: 18+ Restricted (violence & profanity);Netflix Subscription (sub)
Title: Don't Swallow It Today, Too;Episodes: 5;2021;Aired: Nov 20, 2021;Original Network:;;Content Rating: 13+ - Teens 13 or older;TVING Subscription
Title: We Are Alone;Episodes: 9;2021;Aired: Nov 20, 2021 - Dec 18, 2021;Original Network:  Naver TV Cast;;Content Rating: Not Yet Rated;
Title: Shadow Beauty;Episodes: 13;2021;Aired: Nov 20, 2021 - Dec 29, 2021;Original Network:  Daum Kakao TV;;Content Rating: 15+ - Teens 15 or older;WeTV Free (sub)           Viki Free (sub)           Kakao TV Free
Title: School 2021;Episodes: 16;2021;Aired: Nov 24, 2021 - Jan 13, 2022;Original Network:  KBS2;;Content Rating: 15+ - Teens 15 or older;Viki Subscription (sub)
Title: Friend and Kiss;Episodes: 2;2021;Aired: Nov 25, 2021;Original Network:;;Content Rating: Not Yet Rated;CheezeFilm Free (sub)
Title: Romance Market;Episodes: 5;2021;Aired: Nov 25, 2021 - Dec  3, 2021;Original Network:;;Content Rating: Not Yet Rated;
Title: One Ordinary Day;Episodes: 8;2021;Aired: Nov 27, 2021 - Dec 19, 2021;Original Network:  COUPANG TV;;Content Rating: 18+ Restricted (violence & profanity);
Title: Mr. Lee;Episodes: 5;2021;Aired: Nov 29, 2021 - Dec 27, 2021;Original Network:  Daum Kakao TV;;Content Rating: 15+ - Teens 15 or older;Kakao TV Free
Title: Show Window: The Queen's House;Episodes: 16;2021;Aired: Nov 29, 2021 - Jan 18, 2022;Original Network:  Channel A;;Content Rating: 15+ - Teens 15 or older;Viki Subscription (sub)
Title: Heart Way;Episodes: 8;2021;Aired: Nov 30, 2021 - Dec 23, 2021;Original Network:  Naver TV Cast;;Content Rating: Not Yet Rated;
Title: The All-Round Wife;Episodes: 122;2021;Aired: Oct  4, 2021 - Apr  8, 2022;Original Network:  KBS1;;Content Rating: 15+ - Teens 15 or older;Prime Video Purchase (sub)           KBS World Free (sub)           Viki Subscription (sub)           Kocowa Subscription (sub)
Title: A Beauty of Revenge;Episodes: 5;2021;Aired: Oct  5, 2021 - Nov  2, 2021;Original Network:;;Content Rating: Not Yet Rated;CheezeFilm Free (sub)
Title: Jinx;Episodes: 10;2021;Aired: Oct  6, 2021 - Nov  6, 2021;Original Network:  Daum Kakao TV;;Content Rating: 15+ - Teens 15 or older;Kakao TV Subscription            Viki Subscription (sub)           Prime Video Subscription (sub)           Kocowa Subscription (sub)
Title: Vertigo, Shoot Season 2;Episodes: 5;2021;Aired: Oct  7, 2021 - Nov  4, 2021;Original Network:;;Content Rating: Not Yet Rated;
Title: Peng;Episodes: 10;2021;Aired: Oct  7, 2021 - Nov  5, 2021;Original Network:;;Content Rating: 15+ - Teens 15 or older;Viki Subscription
Title: I Ate Well Today;Episodes: 4;2021;Aired: Oct  8, 2021 - Oct 29, 2021;Original Network:;;Content Rating: Not Yet Rated;tvN D STORY Free
Title: Real Siblings;Episodes: 7;2021;Aired: Oct  9, 2021 - Oct 30, 2021;Original Network:;;Content Rating: Not Yet Rated;
Title: The King's Affection;Episodes: 20;2021;Aired: Oct 11, 2021 - Dec 14, 2021;Original Network:  KBS2;;Content Rating: 15+ - Teens 15 or older;Netflix Subscription (sub)
Title: Dalgona Season 2;Episodes: 6;2021;Aired: Oct 11, 2021 - Oct 28, 2021;Original Network:;;Content Rating: Not Yet Rated;
Title: Reflection of You;Episodes: 16;2021;Aired: Oct 13, 2021 - Dec  2, 2021;Original Network:  jTBC;;Content Rating: 15+ - Teens 15 or older;Netflix Subscription (sub)
Title: I Don't Care;Episodes: 6;2021;Aired: Oct 13, 2021 - Nov 17, 2021;Original Network:;;Content Rating: 13+ - Teens 13 or older;KOK TV Free (sub)
Title: Focus to You 3;Episodes: 5;2021;Aired: Oct 14, 2021 - Nov 11, 2021;Original Network:;;Content Rating: Not Yet Rated;
Title: My Name;Episodes: 8;2021;Aired: Oct 15, 2021;Original Network:  Netflix;;Content Rating: 18+ Restricted (violence & profanity);Netflix Subscription (sub)
Title: Your Playlist;Episodes: 8;2021;Aired: Oct 15, 2021 - Nov  5, 2021;Original Network:;;Content Rating: G - All Ages;Viki Subscription
Title: Me and My Grantopia;Episodes: 2;2021;Aired: Oct 15, 2021 - Oct 22, 2021;Original Network:;;Content Rating: G - All Ages;tvN D STORY Free (sub)
Title: Youtuber Class Season 2;Episodes: 4;2021;Aired: Oct 17, 2021 - Nov  7, 2021;Original Network:  Naver TV Cast;;Content Rating: Not Yet Rated;KOK TV Free (sub)
Title: My Ahjussi Kkon Dae Hee;Episodes: 5;2021;Aired: Oct 17, 2021 - Nov 14, 2021;Original Network:  Naver TV Cast;;Content Rating: 13+ - Teens 13 or older;
Title: Yeokkeuni Season 2;Episodes: 5;2021;Aired: Oct 19, 2021 - Nov 16, 2021;Original Network:;;Content Rating: Not Yet Rated;
Title: Bite Sisters;Episodes: 10;2021;Aired: Oct 19, 2021 - Nov 19, 2021;Original Network:;;Content Rating: Not Yet Rated;tvN D STORY Free (sub)
Title: My Sweet Dear;Episodes: 8;2021;Aired: Oct 21, 2021 - Nov 11, 2021;Original Network:  Viki;;Content Rating: 15+ - Teens 15 or older;WeTV Free (sub)           Viki Free (sub)
Title: Work Later, Drink Now;Episodes: 12;2021;Aired: Oct 22, 2021 - Nov 26, 2021;Original Network:  TVING;;Content Rating: 18+ Restricted (violence & profanity);Apple TV Subscription (sub)           Prime Video Subscription (sub)           TVING Subscription            Roku Subscription            HBO Max Subscription (sub)
Title: Jirisan;Episodes: 16;2021;Aired: Oct 23, 2021 - Dec 12, 2021;Original Network:  tvN;;Content Rating: 15+ - Teens 15 or older;Viki Subscription (sub)           iQIYI Subscription (sub)           TVING Subscription            Netflix Subscription            Prime Video Subscription (sub)           Lemino Subscription
Title: Would You Like a Cup of Coffee?;Episodes: 12;2021;Aired: Oct 24, 2021 - Dec  2, 2021;Original Network:  Daum Kakao TV;;Content Rating: G - All Ages;WeTV Free (sub)           Viki Free (sub)           Kakao TV Subscription            Netflix Subscription (sub)           Prime Video Subscription (sub)           Roku Subscription            Kocowa Subscription (sub)
Title: Heartbeat Broadcasting Accident;Episodes: 10;2021;Aired: Oct 27, 2021 - Nov 25, 2021;Original Network:  Naver TV Cast;;Content Rating: Not Yet Rated;
Title: Clone Girl;Episodes: 2;2021;Aired: Oct 29, 2021;Content Rating: Not Yet Rated;;Content Rating: Not Yet Rated;
Title: Crime Puzzle;Episodes: 10;2021;Aired: Oct 29, 2021 - Nov 26, 2021;Original Network:  Seezn;;Content Rating: Not Yet Rated;Viki Subscription (sub)
Title: Moebius: The Veil;Episodes: 2;2021;Aired: Oct 29, 2021 - Oct 30, 2021;Original Network:  MBC,  Wavve;;Content Rating: 18+ Restricted (violence & profanity);Prime Video Purchase (sub)           Viki Subscription (sub)           Kocowa Subscription (sub)
Title: Inspector Koo;Episodes: 12;2021;Aired: Oct 30, 2021 - Dec 12, 2021;Original Network:  jTBC;;Content Rating: 15+ - Teens 15 or older;Netflix Subscription (sub)
Title: Chimera;Episodes: 16;2021;Aired: Oct 30, 2021 - Dec 19, 2021;Original Network:  OCN;;Content Rating: 15+ - Teens 15 or older;Viki Subscription (sub)           TVING Subscription
Title: Translation-Needed Love Season 3;Episodes: 4;2021;Aired: Sep  3, 2021 - Sep 24, 2021;Original Network:;;Content Rating: Not Yet Rated;
Title: Lost;Episodes: 16;2021;Aired: Sep  4, 2021 - Oct 24, 2021;Original Network:  jTBC;;Content Rating: 15+ - Teens 15 or older;iQIYI Subscription (sub)           Prime Video Subscription (sub)           TVING Subscription (sub)
Title: High Class;Episodes: 16;2021;Aired: Sep  6, 2021 - Nov  1, 2021;Original Network:  tvN;;Content Rating: 15+ - Teens 15 or older;Apple TV Subscription            WeTV Subscription (sub)           iQIYI Subscription (sub)           TVING Subscription
Title: Mokkoji Kitchen;Episodes: 9;2021;Aired: Sep  6, 2021 - Nov  8, 2021;Original Network:;;Content Rating: 13+ - Teens 13 or older;KOK TV Free (sub)
Title: Some Air;Episodes: 10;2021;Aired: Sep 10, 2021 - Nov 12, 2021;Original Network:;;Content Rating: Not Yet Rated;Tubi Free (sub)           Roku Free (sub)
Title: Love in Black Hole;Episodes: 12;2021;Aired: Sep 10, 2021 - Oct 16, 2021;Original Network:  Tencent Video;;Content Rating: 15+ - Teens 15 or older;WeTV Free (sub)           Viki Free (sub)
Title: Can You Deliver Time? 2002;Episodes: 8;2021;Aired: Sep 10, 2021 - Oct 29, 2021;Original Network:;;Content Rating: Not Yet Rated;배티비 (BAETV) Free (sub)
Title: Straight Sassy;Episodes: 8;2021;Aired: Sep 12, 2021 - Dec  5, 2021;Original Network:;;Content Rating: Not Yet Rated;
Title: Squid Game;Episodes: 9;2021;Aired: Sep 17, 2021;Original Network:  Netflix;;Content Rating: 18+ Restricted (violence & profanity);Netflix Subscription (sub)
Title: One the Woman;Episodes: 16;2021;Aired: Sep 17, 2021 - Nov  6, 2021;Original Network:  SBS,  Wavve;;Content Rating: 15+ - Teens 15 or older;Viki Subscription (sub)           Prime Video Purchase (sub)           Netflix Subscription (sub)           Roku Subscription            Kocowa Free (sub)
Title: Nine Plus;Episodes: 9;2021;Aired: Sep 17, 2021 - Nov 12, 2021;Original Network:  Daum Kakao TV,  Naver TV Cast;;Content Rating: 15+ - Teens 15 or older;
Title: The Veil;Episodes: 12;2021;Aired: Sep 17, 2021 - Oct 23, 2021;Original Network:  MBC,  Wavve;;Content Rating: 15+ - Teens 15 or older;Viki Subscription (sub)           Prime Video Purchase (sub)           Roku Subscription            Kocowa Free (sub)
Title: Yumi's Cells;Episodes: 14;2021;Aired: Sep 17, 2021 - Oct 30, 2021;Original Network:  TVING,  tvN;;Content Rating: 13+ - Teens 13 or older;Viki Free (sub)           iQIYI Subscription (sub)           TVING Subscription (sub)           Prime Video Subscription (sub)
Title: Welcome to the Sandbox;Episodes: 7;2021;Aired: Sep 19, 2021 - May 28, 2022;Original Network:;;Content Rating: Not Yet Rated;CheezeFilm Free (sub)
Title: Dali & Cocky Prince;Episodes: 16;2021;Aired: Sep 22, 2021 - Nov 11, 2021;Original Network:  KBS2;;Content Rating: 15+ - Teens 15 or older;Netflix Subscription (sub)           Prime Video Purchase (sub)           Roku Subscription            Kocowa Subscription (sub)
Title: Hometown;Episodes: 12;2021;Aired: Sep 22, 2021 - Oct 28, 2021;Original Network:  tvN;;Content Rating: 15+ - Teens 15 or older;Netflix Subscription (sub)           WeTV Subscription (sub)           iQIYI Subscription (sub)           TVING Subscription            Tubi Free (sub)
Title: The Tasty Florida;Episodes: 8;2021;Aired: Sep 24, 2021 - Oct 15, 2021;Original Network:;;Content Rating: 13+ - Teens 13 or older;WeTV Free (sub)           Viki Subscription (sub)
Title: Young Lady and Gentleman;Episodes: 52;2021;Aired: Sep 25, 2021 - Mar 27, 2022;Original Network:  KBS2;;Content Rating: 15+ - Teens 15 or older;Viki Subscription (sub)           Prime Video Subscription (sub)           KBS World Free (sub)           Netflix Subscription (sub)           Kocowa Subscription (sub)
Title: The Moment the Heart Shines;Episodes: 13;2021;Aired: Sep 28, 2021 - Dec 21, 2021;Original Network:  EBS;;Content Rating: 13+ - Teens 13 or older;
Title: Mumul Zzumul;Episodes: 14;2021;Aired: Sep 29, 2021 - Jan 12, 2022;Original Network:  Channel A;;Content Rating: Not Yet Rated;
Title: Tomorrow;Episodes: 16;2022;Aired: Apr  1, 2022 - May 21, 2022;Original Network:  MBC;;Content Rating: 15+ - Teens 15 or older;Netflix Subscription (sub)
Title: Tell Me Sick;Episodes: 9;2022;Aired: Apr  1, 2022 - May 27, 2022;Original Network:;;Content Rating: Not Yet Rated;
Title: Crazy Guys;Episodes: 5;2022;Aired: Apr  2, 2022 - Apr 30, 2022;Original Network:;;Content Rating: Not Yet Rated;
Title: It's Beautiful Now;Episodes: 50;2022;Aired: Apr  2, 2022 - Sep 18, 2022;Original Network:  KBS2;;Content Rating: 15+ - Teens 15 or older;KBS World Free (sub)           Wavve Subscription            Viki Subscription (sub)           Prime Video Subscription (sub)           Roku Subscription            Kocowa Subscription (sub)
Title: Bubble Up;Episodes: 10;2022;Aired: Apr  4, 2022 - Apr  5, 2022;Original Network:;;Content Rating: 15+ - Teens 15 or older;Viki Subscription (sub)
Title: Green Mothers' Club;Episodes: 16;2022;Aired: Apr  6, 2022 - May 26, 2022;Original Network:  jTBC;;Content Rating: 15+ - Teens 15 or older;Netflix Subscription (sub)           TVING Subscription
Title: Again My Life;Episodes: 16;2022;Aired: Apr  8, 2022 - May 28, 2022;Original Network:  SBS;;Content Rating: 15+ - Teens 15 or older;Viki Subscription (sub)
Title: Our Blues;Episodes: 20;2022;Aired: Apr  9, 2022 - Jun 12, 2022;Original Network:  tvN;;Content Rating: 15+ - Teens 15 or older;Netflix Subscription            TVING Subscription
Title: My Liberation Notes;Episodes: 16;2022;Aired: Apr  9, 2022 - May 29, 2022;Original Network:  jTBC;;Content Rating: 15+ - Teens 15 or older;Netflix Subscription (sub)           TVING Subscription
Title: Shinjikki;Episodes: 5;2022;Aired: Apr 10, 2022 - Apr 16, 2022;Original Network:;;Content Rating: Not Yet Rated;
Title: The Secret House;Episodes: 124;2022;Aired: Apr 11, 2022 - Oct 10, 2022;Original Network:  MBC;;Content Rating: 15+ - Teens 15 or older;Wavve Subscription            Prime Video Subscription            Viki Subscription (sub)           Kocowa Subscription (sub)
Title: Bravo, My Life;Episodes: 120;2022;Aired: Apr 11, 2022 - Sep 30, 2022;Original Network:  KBS1;;Content Rating: 15+ - Teens 15 or older;KBS World Free (sub)           Viki Subscription (sub)           Prime Video Subscription (sub)           Kocowa Purchase (sub)
Title: My Rocket Ship;Episodes: 8;2022;Aired: Apr 14, 2022 - May 26, 2022;Original Network:  Naver TV Cast;;Content Rating: Not Yet Rated;
Title: Broke Rookie Star;Episodes: 10;2022;Aired: Apr 15, 2022 - May 14, 2022;Original Network:;;Content Rating: Not Yet Rated;KBS World Free (sub)
Title: Love All Play;Episodes: 16;2022;Aired: Apr 20, 2022 - Jun  9, 2022;Original Network:  KBS2;;Content Rating: 15+ - Teens 15 or older;Apple TV Subscription            Disney+ Subscription            Disney+ Hotstar Subscription (sub)           iQIYI Subscription (sub)
Title: Turned on by You;Episodes: 6;2022;Aired: Apr 21, 2022 - May 26, 2022;Original Network:  Naver TV Cast,  vLive;;Content Rating: Not Yet Rated;
Title: Sh**ting Stars;Episodes: 16;2022;Aired: Apr 22, 2022 - Jun 11, 2022;Original Network:  tvN;;Content Rating: 15+ - Teens 15 or older;Apple TV Subscription            WeTV Subscription (sub)           Viki Subscription (sub)           iQIYI Subscription (sub)           TVING Subscription (sub)           Netflix Subscription (sub)
Title: From Now On, Showtime!;Episodes: 16;2022;Aired: Apr 23, 2022 - Jun 12, 2022;Original Network:  MBC;;Content Rating: 15+ - Teens 15 or older;Viki Free (sub)
Title: My MBTI Is Love?;Episodes: 10;2022;Aired: Apr 23, 2022 - Oct  1, 2022;Original Network:;;Content Rating: Not Yet Rated;
Title: Ocean Likes Me;Episodes: 8;2022;Aired: Apr 26, 2022 - May 18, 2022;Original Network:;;Content Rating: 13+ - Teens 13 or older;Viki Subscription (sub)
Title: The Killer's Shopping List;Episodes: 8;2022;Aired: Apr 27, 2022 - May 19, 2022;Original Network:  tvN;;Content Rating: 15+ - Teens 15 or older;Viki Free (sub)           iQIYI Subscription (sub)           TVING Subscription (sub)           Prime Video Subscription
Title: The Supernatural Agent;Episodes: 8;2022;Aired: Apr 29, 2022;Original Network:;;Content Rating: 13+ - Teens 13 or older;TVING Subscription
Title: Monstrous;Episodes: 6;2022;Aired: Apr 29, 2022;Original Network:  TVING;;Content Rating: 15+ - Teens 15 or older;Apple TV Subscription (sub)           TVING Subscription (sub)           Tubi Free (sub)           Prime Video Purchase (sub)
Title: Usual Yet Unusual;Episodes: 10;2022;Aired: Apr 30, 2022 - Jun  9, 2022;Original Network:;;Content Rating: 15+ - Teens 15 or older;
Title: Salon De Nabi;Episodes: 16;2022;Aired: Aug  1, 2022;Original Network:;;Content Rating: 15+ - Teens 15 or older;Prime Video Subscription
Title: Hunted;Episodes: 4;2022;Aired: Aug  1, 2022 - Aug 22, 2022;Original Network:  MBC;;Content Rating: Not Yet Rated;Viki Subscription
Title: Poong, the Joseon Psychiatrist;Episodes: 12;2022;Aired: Aug  1, 2022 - Sep  6, 2022;Original Network:  tvN;;Content Rating: 15+ - Teens 15 or older;Apple TV Subscription            WeTV Subscription            Netflix Subscription (sub)           Prime Video Subscription (sub)           Wavve Subscription
Title: Cheonglywood;Episodes: 4;2022;Aired: Aug  3, 2022 - Aug 24, 2022;Original Network:;;Content Rating: Not Yet Rated;KOK TV Free (sub)
Title: House of Kok;Episodes: 12;2022;Aired: Aug  5, 2022 - Nov 18, 2022;Original Network:;;Content Rating: Not Yet Rated;KOK TV Free (sub)
Title: If You Wish Upon Me;Episodes: 16;2022;Aired: Aug 10, 2022 - Sep 29, 2022;Original Network:  KBS2;;Content Rating: 15+ - Teens 15 or older;Viki Free (sub)           Wavve Subscription (sub)           Hulu Subscription (sub)
Title: A Model Family;Episodes: 10;2022;Aired: Aug 12, 2022;Original Network:  Netflix;;Content Rating: 18+ Restricted (violence & profanity);Netflix Subscription (sub)
Title: Anna: Extended Version;Episodes: 8;2022;Aired: Aug 12, 2022;Original Network:  COUPANG TV;;Content Rating: 15+ - Teens 15 or older;Prime Video Subscription (sub)
Title: Everyone, at Least Once;Episodes: 13;2022;Aired: Aug 12, 2022 - Nov  9, 2022;Original Network:;;Content Rating: Not Yet Rated;
Title: Stock Struck;Episodes: 12;2022;Aired: Aug 12, 2022 - Sep 16, 2022;Original Network:  TVING;;Content Rating: Not Yet Rated;Apple TV Subscription (sub)           TVING Subscription            Prime Video Subscription (sub)           Roku Free (sub)
Title: Today's Studio: Cartoonist's Daily Life;Episodes: 10;2022;Aired: Aug 18, 2022 - Oct 20, 2022;Original Network:;;Content Rating: Not Yet Rated;
Title: Love on Green;Episodes: 8;2022;Aired: Aug 19, 2022 - Oct  7, 2022;Original Network:;;Content Rating: Not Yet Rated;
Title: Girlfriend Project Day 1;Episodes: 4;2022;Aired: Aug 19, 2022 - Sep  2, 2022;Original Network:;;Content Rating: Not Yet Rated;
Title: Good Job;Episodes: 12;2022;Aired: Aug 24, 2022 - Sep 29, 2022;Original Network:  ENA;;Content Rating: 15+ - Teens 15 or older;Viki Free (sub)           iQIYI Subscription (sub)
Title: Children's Meal;Episodes: 8;2022;Aired: Aug 25, 2022 - Oct 13, 2022;Original Network:;;Content Rating: Not Yet Rated;
Title: Ongoing Loved One;Episodes: 7;2022;Aired: Aug 26, 2022;Original Network:  Naver TV Cast;;Content Rating: Not Yet Rated;
Title: Unicorn;Episodes: 12;2022;Aired: Aug 26, 2022 - Sep 30, 2022;Original Network:  COUPANG TV;;Content Rating: 15+ - Teens 15 or older;
Title: Returning Student: Straight-A, but F in Love;Episodes: 8;2022;Aired: Aug 27, 2022 - Oct 15, 2022;Original Network:  COUPANG TV;;Content Rating: 15+ - Teens 15 or older;
Title: The Korean 'Hot' Girl Streamer' Life;Episodes: 4;2022;Aired: Aug 28, 2022 - Sep 18, 2022;Original Network:;;Content Rating: Not Yet Rated;
Title: Oh! My Assistant;Episodes: 8;2022;Aired: Dec  1, 2022 - Dec 23, 2022;Original Network:;;Content Rating: Not Yet Rated;Viki Free (sub)
Title: Riding Dongdang;Episodes: 6;2022;Aired: Dec  1, 2022 - Jan  5, 2023;Original Network:;;Content Rating: Not Yet Rated;KOK TV Free (sub)
Title: Recipe for Farewell;Episodes: 12;2022;Aired: Dec  1, 2022 - Jan  5, 2023;Original Network:  Watcha;;Content Rating: 13+ - Teens 13 or older;Viki Subscription (sub)           Prime Video Subscription (sub)           Kocowa Subscription (sub)
Title: Loan to You;Episodes: 3;2022;Aired: Dec  3, 2022 - Dec 17, 2022;Original Network:;;Content Rating: Not Yet Rated;
Title: 2PM Campus;Episodes: 4;2022;Aired: Dec  4, 2022 - Dec 14, 2022;Original Network:;;Content Rating: Not Yet Rated;
Title: Soo Mi's House;Episodes: 4;2022;Aired: Dec  5, 2022 - Dec 26, 2022;Original Network:;;Content Rating: Not Yet Rated;
Title: Connect;Episodes: 6;2022;Aired: Dec  7, 2022;Original Network:  Disney+;;Content Rating: 18+ Restricted (violence & profanity);Apple TV Subscription            Disney+ Subscription (sub)           Disney+ Hotstar Subscription (sub)           Hulu Subscription (sub)
Title: Unlock My Boss;Episodes: 12;2022;Aired: Dec  7, 2022 - Jan 12, 2023;Original Network:  ENA;;Content Rating: 15+ - Teens 15 or older;Viki Free (sub)           Prime Video Subscription (sub)           Netflix Subscription (sub)
Title: Why, All of a Sudden? Season 2;Episodes: 8;2022;Aired: Dec  8, 2022 - Feb  9, 2023;Original Network:;;Content Rating: Not Yet Rated;
Title: Love Lock;Episodes: 10;2022;Aired: Dec  9, 2022;Original Network:;;Content Rating: Not Yet Rated;Wavve Subscription
Title: Money Heist: Korea - Joint Economic Area - Part 2;Episodes: 6;2022;Aired: Dec  9, 2022;Original Network:  Netflix;;Content Rating: 18+ Restricted (violence & profanity);Netflix Subscription (sub)
Title: Work Later, Drink Now Season 2;Episodes: 12;2022;Aired: Dec  9, 2022 - Jan 13, 2023;Original Network:  TVING;;Content Rating: 18+ Restricted (violence & profanity);Apple TV Subscription            TVING Subscription            Prime Video Subscription (sub)           HBO Max Subscription (sub)
Title: The Forbidden Marriage;Episodes: 12;2022;Aired: Dec  9, 2022 - Jan 21, 2023;Original Network:  MBC;;Content Rating: 15+ - Teens 15 or older;Apple TV Subscription            Viki Subscription (sub)           Prime Video Subscription (sub)           Roku Subscription            Kocowa Subscription (sub)
Title: Love in Blue;Episodes: 8;2022;Aired: Dec  9, 2022 - Jan 27, 2023;Original Network:;;Content Rating: Not Yet Rated;
Title: Alchemy of Souls Season 2: Light and Shadow;Episodes: 10;2022;Aired: Dec 10, 2022 - Jan  8, 2023;Original Network:  tvN;;Content Rating: 15+ - Teens 15 or older;Netflix Subscription (sub)
Title: We're Not Trash;Episodes: 8;2022;Aired: Dec 12, 2022 - Jan  4, 2023;Original Network:;;Content Rating: Not Yet Rated;KOK TV Free
Title: Turned on by You Season 2;Episodes: 7;2022;Aired: Dec 15, 2022 - Feb  2, 2023;Original Network:;;Content Rating: Not Yet Rated;
Title: Man Goddess;Episodes: 8;2022;Aired: Dec 15, 2022 - Feb  5, 2023;Original Network:;;Content Rating: Not Yet Rated;CheezeFilm Free (sub)
Title: BReal Bro&Sis;Episodes: 8;2022;Aired: Dec 15, 2022 - Feb  5, 2023;Original Network:;;Content Rating: Not Yet Rated;
Title: Anonymous High School Girl;Episodes: 5;2022;Aired: Dec 15, 2022 - Jan  3, 2023;Original Network:;;Content Rating: Not Yet Rated;
Title: The King of the Desert;Episodes: 6;2022;Aired: Dec 16, 2022;Original Network:  Watcha;;Content Rating: 15+ - Teens 15 or older;Prime Video Purchase (sub)
Title: Red Balloon;Episodes: 20;2022;Aired: Dec 17, 2022 - Feb 26, 2023;Original Network:  TV Chosun;;Content Rating: 15+ - Teens 15 or older;Apple TV Subscription (sub)           Viki Subscription (sub)           Wavve Free            Prime Video Subscription (sub)           Kocowa Subscription (sub)
Title: Trolley;Episodes: 16;2022;Aired: Dec 19, 2022 - Feb 14, 2023;Original Network:  SBS;;Content Rating: 15+ - Teens 15 or older;Netflix Subscription (sub)           Wavve Free
Title: Missing: The Other Side Season 2;Episodes: 14;2022;Aired: Dec 19, 2022 - Jan 31, 2023;Original Network:  tvN;;Content Rating: 15+ - Teens 15 or older;Netflix Subscription (sub)
Title: The New Employee;Episodes: 7;2022;Aired: Dec 21, 2022 - Feb  1, 2023;Original Network:;;Content Rating: 15+ - Teens 15 or older;Viki Subscription (sub)           Tubi Free (sub)
Title: The Interest of Love;Episodes: 16;2022;Aired: Dec 21, 2022 - Feb  9, 2023;Original Network:  jTBC;;Content Rating: Not Yet Rated;Netflix Subscription
Title: Big Bet;Episodes: 8;2022;Aired: Dec 21, 2022 - Jan 25, 2023;Original Network:  Disney+;;Content Rating: 18+ Restricted (violence & profanity);Disney+ Subscription (sub)           Disney+ Hotstar Subscription (sub)
Title: The Fabulous;Episodes: 8;2022;Aired: Dec 23, 2022;Original Network:  Netflix;;Content Rating: 15+ - Teens 15 or older;Netflix Subscription (sub)
Title: Hit the Spot;Episodes: 8;2022;Aired: Dec 23, 2022 - Jan 13, 2023;Original Network:  COUPANG TV;;Content Rating: R - Restricted Screening (nudity & violence);Viki Subscription (sub)
Title: Convenience Store Newbie;Episodes: 15;2022;Aired: Dec 26, 2022 - Jan 13, 2023;Original Network:;;Content Rating: Not Yet Rated;
Title: Drama for Anyone;Episodes: 4;2022;Aired: Dec 29, 2022 - Jan 19, 2023;Original Network:;;Content Rating: Not Yet Rated;
Title: The Glory;Episodes: 8;2022;Aired: Dec 30, 2022;Original Network:  Netflix;;Content Rating: 18+ Restricted (violence & profanity);Netflix Subscription (sub)
Title: Island;Episodes: 6;2022;Aired: Dec 30, 2022 - Jan 13, 2023;Original Network:  TVING;;Content Rating: 15+ - Teens 15 or older;Prime Video Subscription (sub)
Title: The Driver;Episodes: 2;2022;Aired: Feb  2, 2022;Original Network:  MBN;;Content Rating: 15+ - Teens 15 or older;
Title: Japanese Transfer Student;Episodes: 4;2022;Aired: Feb  2, 2022 - Jun 11, 2022;Original Network:;;Content Rating: Not Yet Rated;
Title: Kissable Lips;Episodes: 8;2022;Aired: Feb  3, 2022 - Feb 25, 2022;Original Network:;;Content Rating: 13+ - Teens 13 or older;Viki Free (sub)
Title: First Love Again;Episodes: 6;2022;Aired: Feb 10, 2022 - Mar 18, 2022;Original Network:  Naver TV Cast;;Content Rating: 13+ - Teens 13 or older;Viki Free (sub)
Title: Civil Service Exam Student;Episodes: 8;2022;Aired: Feb 11, 2022 - Apr  1, 2022;Original Network:;;Content Rating: Not Yet Rated;
Title: Forecasting Love and Weather;Episodes: 16;2022;Aired: Feb 12, 2022 - Apr  3, 2022;Original Network:  jTBC;;Content Rating: 15+ - Teens 15 or older;Netflix Subscription (sub)           TVING Subscription
Title: Twenty Five Twenty One;Episodes: 16;2022;Aired: Feb 12, 2022 - Apr  3, 2022;Original Network:  tvN;;Content Rating: 15+ - Teens 15 or older;Netflix Subscription (sub)           TVING Subscription
Title: Secretly Sweetly;Episodes: 1;2022;Aired: Feb 14, 2022;Original Network:;;Content Rating: Not Yet Rated;
Title: Grid;Episodes: 10;2022;Aired: Feb 16, 2022 - Apr 20, 2022;Original Network:  Disney+;;Content Rating: 15+ - Teens 15 or older;Disney+ Subscription (sub)           Disney+ Hotstar Subscription (sub)           Hulu Subscription (sub)
Title: Semantic Error;Episodes: 8;2022;Aired: Feb 16, 2022 - Mar 10, 2022;Original Network:  Watcha;;Content Rating: 13+ - Teens 13 or older;Apple TV Subscription (sub)           Viki Free (sub)
Title: Thirty-Nine;Episodes: 12;2022;Aired: Feb 16, 2022 - Mar 31, 2022;Original Network:  jTBC;;Content Rating: 15+ - Teens 15 or older;Netflix Subscription (sub)           TVING Subscription
Title: Tracer Season 2;Episodes: 8;2022;Aired: Feb 18, 2022;Original Network:  MBC,  Wavve;;Content Rating: 15+ - Teens 15 or older;Viki Subscription            Prime Video Subscription (sub)           Kocowa Subscription (sub)
Title: Woof & Meow – Do you Love Me?;Episodes: 10;2022;Aired: Feb 18, 2022 - Mar  4, 2022;Original Network:  DRAMAcube;;Content Rating: 13+ - Teens 13 or older;Viki Free (sub)
Title: I Have Not Done My Best Yet;Episodes: 12;2022;Aired: Feb 18, 2022 - Mar 25, 2022;Original Network:  TVING;;Content Rating: 15+ - Teens 15 or older;TVING Subscription
Title: Cinema Club;Episodes: 9;2022;Aired: Feb 22, 2022 - Apr 20, 2022;Original Network:;;Content Rating: 15+ - Teens 15 or older;
Title: Oh! Boarding House;Episodes: 8;2022;Aired: Feb 22, 2022 - Mar 16, 2022;Original Network:  Viki;;Content Rating: 13+ - Teens 13 or older;Viki Free (sub)
Title: Sponsor;Episodes: 12;2022;Aired: Feb 23, 2022 - Apr  6, 2022;Original Network:  MBN;;Content Rating: 15+ - Teens 15 or older;Viki Subscription (sub)
Title: Cherry Blossoms after Winter;Episodes: 8;2022;Aired: Feb 24, 2022 - Apr 14, 2022;Original Network:  Viki;;Content Rating: 15+ - Teens 15 or older;Apple TV Subscription (sub)           WeTV Free (sub)           Viki Free (sub)
Title: Juvenile Justice;Episodes: 10;2022;Aired: Feb 25, 2022;Original Network:  Netflix;;Content Rating: 18+ Restricted (violence & profanity);Netflix Subscription (sub)
Title: Love (ft. Marriage and Divorce) Season 3;Episodes: 16;2022;Aired: Feb 26, 2022 - May  1, 2022;Original Network:  TV Chosun;;Content Rating: 15+ - Teens 15 or older;Netflix Subscription (sub)
Title: Business Proposal;Episodes: 12;2022;Aired: Feb 28, 2022 - Apr  5, 2022;Original Network:  SBS;;Content Rating: 15+ - Teens 15 or older;Netflix Subscription (sub)           Wavve Free (sub)
Title: Military Prosecutor Doberman;Episodes: 16;2022;Aired: Feb 28, 2022 - Apr 26, 2022;Original Network:  tvN;;Content Rating: 15+ - Teens 15 or older;Viki Free (sub)           iQIYI Subscription (sub)           Netflix Subscription (sub)           Prime Video Subscription (sub)           Roku Free
Title: A Day of Dating;Episodes: 3;2022;Aired: Feb 28, 2022 - Mar 27, 2022;Original Network:;;Content Rating: 13+ - Teens 13 or older;
Title: Ghost Doctor;Episodes: 16;2022;Aired: Jan  3, 2022 - Feb 22, 2022;Original Network:  tvN;;Content Rating: 15+ - Teens 15 or older;Netflix Subscription (sub)           Viki Free (sub)           iQIYI Subscription (sub)           TVING Subscription            Roku Free (sub)           Tubi Free (sub)
Title: I'm Done;Episodes: 6;2022;Aired: Jan  4, 2022 - Jan 21, 2022;Original Network:;;Content Rating: Not Yet Rated;
Title: You & It;Episodes: 8;2022;Aired: Jan  5, 2022 - Jan 28, 2022;Original Network:;;Content Rating: G - All Ages;
Title: The Best Day;Episodes: 5;2022;Aired: Jan  7, 2022 - Feb  4, 2022;Original Network:;;Content Rating: Not Yet Rated;
Title: Tracer;Episodes: 8;2022;Aired: Jan  7, 2022 - Jan 29, 2022;Original Network:  MBC,  Wavve;;Content Rating: 15+ - Teens 15 or older;Wavve Subscription            Viki Subscription (sub)           Prime Video Subscription (sub)           Kocowa Subscription
Title: No, Thank You Season 2;Episodes: 12;2022;Aired: Jan  8, 2022 - Mar 26, 2022;Original Network:  Daum Kakao TV;;Content Rating: 15+ - Teens 15 or older;Viki Subscription (sub)           Prime Video Subscription (sub)           Kocowa Subscription
Title: Dr. Park’s Clinic;Episodes: 12;2022;Aired: Jan 14, 2022 - Feb 18, 2022;Original Network:  TVING;;Content Rating: 15+ - Teens 15 or older;Tubi Free (sub)
Title: Through the Darkness;Episodes: 12;2022;Aired: Jan 14, 2022 - Mar 12, 2022;Original Network:  SBS;;Content Rating: 18+ Restricted (violence & profanity);Apple TV Subscription (sub)           Viki Subscription (sub)           Prime Video Purchase            Netflix Subscription (sub)           Kocowa Subscription (sub)
Title: Damn Good Company Season 4;Episodes: 12;2022;Aired: Jan 18, 2022 - Feb 25, 2022;Original Network:  Watcha;;Content Rating: 15+ - Teens 15 or older;
Title: Don't Lie, Rahee;Episodes: 4;2022;Aired: Jan 19, 2022 - Feb  9, 2022;Original Network:  Naver TV Cast;;Content Rating: Not Yet Rated;KOK TV Free (sub)
Title: Color Rush Season 2;Episodes: 8;2022;Aired: Jan 21, 2022;Original Network:  LINE TV,  Viki;;Content Rating: 15+ - Teens 15 or older;Viki Free (sub)
Title: Gigwaesoop;Episodes: 10;2022;Aired: Jan 25, 2022 - Feb  7, 2023;Original Network:;;Content Rating: Not Yet Rated;
Title: Yeokkeuni Season 3;Episodes: 7;2022;Aired: Jan 25, 2022 - Feb 23, 2023;Original Network:;;Content Rating: Not Yet Rated;
Title: Rookie Cops;Episodes: 16;2022;Aired: Jan 26, 2022 - Mar 16, 2022;Original Network:  Disney+;;Content Rating: 15+ - Teens 15 or older;Apple TV Subscription            Disney+ Subscription (sub)           Disney+ Hotstar Subscription (sub)           Hulu Subscription (sub)
Title: All of Us Are Dead;Episodes: 12;2022;Aired: Jan 28, 2022;Original Network:  Netflix;;Content Rating: 18+ Restricted (violence & profanity);Netflix Subscription (sub)
Title: Do You Want to Eat?;Episodes: 6;2022;Aired: Jan 30, 2022 - Mar  6, 2022;Original Network:  MBC;;Content Rating: Not Yet Rated;
Title: Secretly Sweetly Season 2;Episodes: 1;2022;Aired: Jul  1, 2022;Original Network:;;Content Rating: Not Yet Rated;
Title: Twin;Episodes: 8;2022;Aired: Jul  1, 2022 - Aug 19, 2022;Original Network:;;Content Rating: Not Yet Rated;
Title: Dream Maker;Episodes: 8;2022;Aired: Jul  4, 2022;Original Network:;;Content Rating: 15+ - Teens 15 or older;TVING Subscription
Title: Bad Girlfriend;Episodes: 12;2022;Aired: Jul  5, 2022 - Aug 11, 2022;Original Network:  Naver TV Cast;;Content Rating: 15+ - Teens 15 or older;Viki Subscription (sub)           KOK TV Free (sub)
Title: Armored Saurus Season 2;Episodes: 16;2022;Aired: Jul  7, 2022 - Oct 20, 2022;Original Network:  SBS;;Content Rating: 13+ - Teens 13 or older;
Title: Is There Equation in Love?;Episodes: 5;2022;Aired: Jul  8, 2022 - Aug  5, 2022;Original Network:;;Content Rating: Not Yet Rated;
Title: Life of a Former Bully;Episodes: 4;2022;Aired: Jul 10, 2022 - Jul 31, 2022;Original Network:;;Content Rating: Not Yet Rated;
Title: The Girls on the Phone;Episodes: 9;2022;Aired: Jul 11, 2022 - Jul 18, 2022;Original Network:;;Content Rating: Not Yet Rated;
Title: Dear X Who Doesn't Love Me;Episodes: 10;2022;Aired: Jul 14, 2022 - Jul 28, 2022;Original Network:  TVING;;Content Rating: 15+ - Teens 15 or older;Viki Subscription (sub)           iQIYI Subscription            Prime Video Subscription (sub)
Title: Nightmare;Episodes: 8;2022;Aired: Jul 14, 2022 - Sep  9, 2022;Original Network:;;Content Rating: Not Yet Rated;
Title: Remarriage and Desires;Episodes: 8;2022;Aired: Jul 15, 2022;Original Network:  Netflix;;Content Rating: 15+ - Teens 15 or older;Netflix Subscription (sub)
Title: New Recruit;Episodes: 10;2022;Aired: Jul 22, 2022 - Aug  5, 2022;Original Network:  Seezn;;Content Rating: 15+ - Teens 15 or older;TVING Subscription
Title: Mimicus;Episodes: 16;2022;Aired: Jul 22, 2022 - Sep 14, 2022;Original Network:  Viki;;Content Rating: 15+ - Teens 15 or older;Viki Free (sub)
Title: Luvdaesoop;Episodes: 13;2022;Aired: Jul 26, 2022 - Aug 16, 2023;Original Network:;;Content Rating: Not Yet Rated;
Title: Adamas;Episodes: 16;2022;Aired: Jul 27, 2022 - Sep 15, 2022;Original Network:  tvN;;Content Rating: 15+ - Teens 15 or older;Disney+ Hotstar Subscription (sub)           Disney+ Subscription (sub)           Hulu Subscription (sub)
Title: Jjumi Door;Episodes: 16;2022;Aired: Jul 29, 2022 - Nov  4, 2022;Original Network:;;Content Rating: 13+ - Teens 13 or older;
Title: Today's Webtoon;Episodes: 16;2022;Aired: Jul 29, 2022 - Sep 17, 2022;Original Network:  SBS;;Content Rating: 15+ - Teens 15 or older;Viki Free (sub)           Hulu Subscription (sub)
Title: Big Mouth;Episodes: 16;2022;Aired: Jul 29, 2022 - Sep 17, 2022;Original Network:  MBC;;Content Rating: 15+ - Teens 15 or older;Apple TV Subscription            Disney+ Hotstar Subscription (sub)           Disney+ Subscription (sub)           Wavve Subscription            Hulu Subscription (sub)
Title: The Good Detective Season 2;Episodes: 16;2022;Aired: Jul 30, 2022 - Sep 18, 2022;Original Network:  ENA,  jTBC;;Content Rating: 15+ - Teens 15 or older;Viki Subscription (sub)           Netflix Subscription (sub)
Title: Eve;Episodes: 16;2022;Aired: Jun  1, 2022 - Jul 21, 2022;Original Network:  tvN;;Content Rating: 18+ Restricted (violence & profanity);Apple TV Subscription            Viki Free (sub)           iQIYI Subscription (sub)           Netflix Subscription            Prime Video Subscription (sub)
Title: Doctor Lawyer;Episodes: 16;2022;Aired: Jun  3, 2022 - Jul 23, 2022;Original Network:  MBC;;Content Rating: 15+ - Teens 15 or older;Disney+ Hotstar Subscription (sub)           Disney+ Subscription (sub)           Hulu Subscription (sub)
Title: Why Her?;Episodes: 16;2022;Aired: Jun  3, 2022 - Jul 23, 2022;Original Network:  SBS;;Content Rating: 15+ - Teens 15 or older;Apple TV Subscription            Viki Free (sub)           Hulu Subscription (sub)
Title: Cleaning Up;Episodes: 16;2022;Aired: Jun  4, 2022 - Jul 24, 2022;Original Network:  jTBC;;Content Rating: 15+ - Teens 15 or older;Netflix Subscription
Title: To My Star Season 2: Our Untold Stories;Episodes: 10;2022;Aired: Jun  5, 2022 - Jul  3, 2022;Original Network:  TVING;;Content Rating: 15+ - Teens 15 or older;Viki Free (sub)           TVING Subscription            Tubi Free (sub)
Title: Link: Eat, Love, Kill;Episodes: 16;2022;Aired: Jun  6, 2022 - Jul 26, 2022;Original Network:  tvN;;Content Rating: 15+ - Teens 15 or older;Apple TV Subscription            Disney+ Subscription            Disney+ Hotstar Subscription (sub)           Hulu Subscription (sub)
Title: Insider;Episodes: 16;2022;Aired: Jun  8, 2022 - Jul 28, 2022;Original Network:  jTBC;;Content Rating: 18+ Restricted (violence & profanity);Viki Subscription (sub)
Title: New Normal Zine;Episodes: 12;2022;Aired: Jun 10, 2022 - Jul 15, 2022;Original Network:;;Content Rating: Not Yet Rated;
Title: Yumi's Cells Season 2;Episodes: 14;2022;Aired: Jun 10, 2022 - Jul 22, 2022;Original Network:  TVING;;Content Rating: 15+ - Teens 15 or older;Viki Free (sub)           Prime Video Free (sub)
Title: Jinxed at First;Episodes: 16;2022;Aired: Jun 15, 2022 - Aug  4, 2022;Original Network:  KBS2;;Content Rating: 15+ - Teens 15 or older;Viki Free (sub)           iQIYI Subscription (sub)           Hulu Subscription (sub)
Title: Alchemy of Souls;Episodes: 20;2022;Aired: Jun 18, 2022 - Aug 28, 2022;Original Network:  tvN;;Content Rating: 15+ - Teens 15 or older;Netflix Subscription (sub)
Title: One's Own Love;Episodes: 4;2022;Aired: Jun 18, 2022 - Jul 24, 2022;Original Network:;;Content Rating: 15+ - Teens 15 or older;
Title: Money Heist: Korea - Joint Economic Area - Part 1;Episodes: 6;2022;Aired: Jun 24, 2022;Original Network:  Netflix;;Content Rating: 18+ Restricted (violence & profanity);Netflix Subscription (sub)
Title: Miracle;Episodes: 14;2022;Aired: Jun 24, 2022 - Aug  6, 2022;Original Network:  jTBC;;Content Rating: 15+ - Teens 15 or older;Apple TV Subscription (sub)           Viki Subscription (sub)           Netflix Subscription (sub)
Title: Alice, the Final Weapon;Episodes: 8;2022;Aired: Jun 24, 2022 - Jul  8, 2022;Original Network:  Watcha;;Content Rating: Not Yet Rated;Viki Subscription (sub)
Title: Anna;Episodes: 6;2022;Aired: Jun 24, 2022 - Jul  8, 2022;Original Network:  COUPANG TV;;Content Rating: 15+ - Teens 15 or older;Prime Video Subscription (sub)
Title: Becoming Witch;Episodes: 12;2022;Aired: Jun 25, 2022 - Sep 10, 2022;Original Network:  TV Chosun;;Content Rating: 15+ - Teens 15 or older;Netflix Subscription (sub)           Viki Subscription (sub)           Kocowa Free (sub)
Title: Café Minamdang;Episodes: 18;2022;Aired: Jun 27, 2022 - Aug 23, 2022;Original Network:  KBS2;;Content Rating: 15+ - Teens 15 or older;Netflix Subscription
Title: Convenience Store Junkies;Episodes: 20;2022;Aired: Jun 27, 2022 - Jul 22, 2022;Original Network:;;Content Rating: Not Yet Rated;
Title: Extraordinary Attorney Woo;Episodes: 16;2022;Aired: Jun 29, 2022 - Aug 18, 2022;Original Network:  ENA;;Content Rating: 15+ - Teens 15 or older;Netflix Subscription (sub)
Title: Dear.M;Episodes: 12;2022;Aired: Jun 29, 2022 - Jul  6, 2022;Original Network:  KBS Joy;;Content Rating: 15+ - Teens 15 or older;WeTV Free            Viki Subscription (sub)           iQIYI Free            Wavve Subscription (sub)
Title: Life after One Minute;Episodes: 4;2022;Aired: Mar  1, 2022 - Apr 17, 2022;Original Network:;;Content Rating: Not Yet Rated;CheezeFilm Free
Title: Ply Friends: Seoyeon University Class of '22;Episodes: 3;2022;Aired: Mar  4, 2022 - Mar 18, 2022;Original Network:;;Content Rating: Not Yet Rated;
Title: Crazy Love;Episodes: 16;2022;Aired: Mar  7, 2022 - Apr 26, 2022;Original Network:  KBS2;;Content Rating: 15+ - Teens 15 or older;Disney+ Subscription            Disney+ Hotstar Subscription (sub)           Hulu Subscription (sub)
Title: Damn Good Company Season 5;Episodes: 12;2022;Aired: Mar  8, 2022 - Apr 15, 2022;Original Network:  Watcha;;Content Rating: 15+ - Teens 15 or older;
Title: Kill Heel;Episodes: 14;2022;Aired: Mar  9, 2022 - Apr 21, 2022;Original Network:  tvN;;Content Rating: 15+ - Teens 15 or older;iQIYI Subscription (sub)           Prime Video Subscription (sub)           Tubi Free (sub)           Roku Free (sub)
Title: A Superior Day;Episodes: 8;2022;Aired: Mar 13, 2022 - May  1, 2022;Original Network:  OCN;;Content Rating: 18+ Restricted (violence & profanity);Viki Subscription (sub)           Prime Video Subscription (sub)
Title: Blue of Winter;Episodes: 5;2022;Aired: Mar 15, 2022 - Mar 29, 2022;Original Network:  Viki;;Content Rating: Not Yet Rated;
Title: International Student Haha Introduction;Episodes: 8;2022;Aired: Mar 15, 2022 - May  3, 2022;Original Network:  Naver TV Cast;;Content Rating: Not Yet Rated;
Title: Two Universes;Episodes: 10;2022;Aired: Mar 17, 2022 - May 19, 2022;Original Network:  Naver TV Cast,  vLive;;Content Rating: 15+ - Teens 15 or older;TVING Subscription
Title: The King of Pigs;Episodes: 12;2022;Aired: Mar 18, 2022 - Apr 22, 2022;Original Network:  TVING;;Content Rating: 18+ Restricted (violence & profanity);Apple TV Subscription (sub)           Prime Video Subscription (sub)           TVING Subscription            Tubi Free (sub)           Roku Free
Title: Soundtrack #1;Episodes: 4;2022;Aired: Mar 23, 2022 - Apr 13, 2022;Original Network:  Disney+;;Content Rating: 13+ - Teens 13 or older;Apple TV Subscription            Disney+ Subscription (sub)           Disney+ Hotstar Subscription (sub)
Title: The Clubhouse;Episodes: 6;2022;Aired: Mar 24, 2022 - Mar 31, 2022;Original Network:  Watcha;;Content Rating: Not Yet Rated;
Title: Pachinko;Episodes: 8;2022;Aired: Mar 25, 2022 - Apr 29, 2022;Original Network:;;Content Rating: 15+ - Teens 15 or older;Apple TV Subscription (sub)
Title: Blueming;Episodes: 11;2022;Aired: Mar 31, 2022;Original Network:  iQiyi;;Content Rating: 13+ - Teens 13 or older;iQIYI Subscription (sub)
Title: Bloody Heart;Episodes: 16;2022;Aired: May  2, 2022 - Jun 21, 2022;Original Network:  KBS2;;Content Rating: 15+ - Teens 15 or older;Disney+ Subscription (sub)           Disney+ Hotstar Subscription (sub)
Title: Never Give Up;Episodes: 16;2022;Aired: May  4, 2022 - Jun 23, 2022;Original Network:  ENA;;Content Rating: 15+ - Teens 15 or older;Netflix Subscription
Title: Youn Hee's Love;Episodes: 8;2022;Aired: May  5, 2022 - Jul 14, 2022;Original Network:;;Content Rating: Not Yet Rated;
Title: The Sound of Magic;Episodes: 6;2022;Aired: May  6, 2022;Original Network:  Netflix;;Content Rating: 15+ - Teens 15 or older;Apple TV Subscription            Netflix Subscription (sub)
Title: Woori the Virgin;Episodes: 14;2022;Aired: May  9, 2022 - Jun 21, 2022;Original Network:  SBS;;Content Rating: 15+ - Teens 15 or older;Viki Subscription (sub)           Hulu Subscription (sub)
Title: Love Class;Episodes: 6;2022;Aired: May 13, 2022 - May 18, 2022;Original Network:  Viki;;Content Rating: 15+ - Teens 15 or older;Viki Free (sub)           Netflix Subscription (sub)           Wavve Subscription
Title: House of Lies;Episodes: 12;2022;Aired: May 13, 2022 - May 27, 2022;Original Network:  TVING;;Content Rating: 18+ Restricted (violence & profanity);TVING Subscription
Title: Love in Spring;Episodes: 16;2022;Aired: May 18, 2022 - Jul  6, 2022;Original Network:;;Content Rating: 13+ - Teens 13 or older;Tubi Free (sub)
Title: Master's Delicacies;Episodes: 6;2022;Aired: May 20, 2022 - Jul 29, 2022;Original Network:;;Content Rating: Not Yet Rated;KOK TV Free (sub)
Title: Tutorial;Episodes: 4;2022;Aired: May 20, 2022 - May 31, 2022;Original Network:;;Content Rating: Not Yet Rated;
Title: Why, All of a Sudden?;Episodes: 7;2022;Aired: May 20, 2022 - Sep 23, 2022;Original Network:;;Content Rating: Not Yet Rated;
Title: Welcome to Wedding Hell;Episodes: 12;2022;Aired: May 23, 2022 - Jun 15, 2022;Original Network:  Daum Kakao TV;;Content Rating: 15+ - Teens 15 or older;Netflix Subscription
Title: Gold Mask;Episodes: 100;2022;Aired: May 23, 2022 - Oct  7, 2022;Original Network:  KBS2;;Content Rating: 15+ - Teens 15 or older;KBS World Free (sub)           Prime Video Subscription (sub)           Roku Subscription            Kocowa Free (sub)
Title: Kiss Sixth Sense;Episodes: 12;2022;Aired: May 25, 2022 - Jun 29, 2022;Original Network:  Disney+;;Content Rating: 15+ - Teens 15 or older;Disney+ Hotstar Subscription (sub)           Disney+ Subscription            Hulu Subscription (sub)
Title: Problematic Detective Agency;Episodes: 6;2022;Aired: May 27, 2022 - Jul  1, 2022;Original Network:;;Content Rating: Not Yet Rated;
Title: Young Enough;Episodes: 11;2022;Aired: May 28, 2022 - Aug 13, 2022;Original Network:;;Content Rating: Not Yet Rated;
Title: Hope or Dope 2;Episodes: 8;2022;Aired: May 31, 2022;Original Network:  Seezn;;Content Rating: 18+ Restricted (violence & profanity);Viki Subscription (sub)
Title: Second Life as an Idol;Episodes: 3;2022;Aired: May 31, 2022 - Jun 14, 2022;Original Network:;;Content Rating: Not Yet Rated;
Title: Our Relationship Ended before It Began;Episodes: 4;2022;Aired: Nov  2, 2022 - Nov 23, 2022;Original Network:;;Content Rating: Not Yet Rated;
Title: Disarming Romance;Episodes: 3;2022;Aired: Nov  3, 2022 - Nov 17, 2022;Original Network:;;Content Rating: Not Yet Rated;KOK TV Free (sub)
Title: Behind Every Star;Episodes: 12;2022;Aired: Nov  7, 2022 - Dec 13, 2022;Original Network:  tvN;;Content Rating: 15+ - Teens 15 or older;Netflix Subscription
Title: The Witch Store Reopens;Episodes: 10;2022;Aired: Nov  8, 2022 - Dec  6, 2022;Original Network:  vLive;;Content Rating: Not Yet Rated;Viki Subscription (sub)
Title: Chart Running Scholar;Episodes: 6;2022;Aired: Nov  8, 2022 - Dec 13, 2022;Original Network:;;Content Rating: Not Yet Rated;KOK TV Free (sub)
Title: Revenge of Others;Episodes: 12;2022;Aired: Nov  9, 2022 - Dec 14, 2022;Original Network:  Disney+;;Content Rating: 18+ Restricted (violence & profanity);Apple TV Subscription            Disney+ Hotstar Subscription (sub)           Disney+ Subscription (sub)           Hulu Subscription
Title: The First Responders;Episodes: 12;2022;Aired: Nov 12, 2022 - Dec 30, 2022;Original Network:  SBS;;Content Rating: 18+ Restricted (violence & profanity);Apple TV Subscription            Disney+ Hotstar Subscription (sub)           Disney+ Subscription (sub)           Hulu Subscription (sub)
Title: Phantom School;Episodes: 8;2022;Aired: Nov 16, 2022 - Dec  7, 2022;Original Network:  Viki;;Content Rating: 15+ - Teens 15 or older;Viki Subscription (sub)
Title: VB Travel Agency;Episodes: 18;2022;Aired: Nov 17, 2022 - Jan 13, 2023;Original Network:;;Content Rating: Not Yet Rated;
Title: Somebody;Episodes: 8;2022;Aired: Nov 18, 2022;Original Network:  Netflix;;Content Rating: 18+ Restricted (violence & profanity);Netflix Subscription
Title: Weak Hero Class 1;Episodes: 8;2022;Aired: Nov 18, 2022;Original Network:  Wavve;;Content Rating: 18+ Restricted (violence & profanity);Viki Subscription (sub)           iQIYI Subscription (sub)           Wavve Subscription            Netflix Subscription (sub)           Prime Video Subscription (sub)           Kocowa Subscription (sub)
Title: Reborn Rich;Episodes: 16;2022;Aired: Nov 18, 2022 - Dec 25, 2022;Original Network:  jTBC;;Content Rating: 15+ - Teens 15 or older;Apple TV Subscription            Disney+ Subscription (sub)           Viki Subscription (sub)           Netflix Subscription (sub)           TVING Subscription
Title: New Love Playlist;Episodes: 12;2022;Aired: Nov 18, 2022 - Dec 28, 2022;Original Network:  Viki;;Content Rating: 13+ - Teens 13 or older;Viki Subscription (sub)
Title: Fanletter, Please;Episodes: 4;2022;Aired: Nov 18, 2022 - Nov 26, 2022;Original Network:  MBC;;Content Rating: 15+ - Teens 15 or older;Apple TV Subscription (sub)           Viki Subscription (sub)           Prime Video Subscription (sub)           Kocowa Subscription (sub)
Title: Summer Strike;Episodes: 12;2022;Aired: Nov 21, 2022 - Dec 26, 2022;Original Network:  ENA,  Genie TV;;Content Rating: 15+ - Teens 15 or older;Apple TV Free (sub)           Viki Free (sub)           Netflix Subscription (sub)
Title: Why Opposites Attract;Episodes: 8;2022;Aired: Nov 21, 2022 - Jan  2, 2023;Original Network:;;Content Rating: Not Yet Rated;
Title: Out of this World Girlfriend;Episodes: 2;2022;Aired: Nov 21, 2022 - Nov 23, 2022;Original Network:;;Content Rating: Not Yet Rated;KOK TV Free (sub)
Title: Happy Ending Romance;Episodes: 8;2022;Aired: Nov 24, 2022 - Dec 15, 2022;Original Network:;;Content Rating: 15+ - Teens 15 or older;Viki Free (sub)           Wavve Subscription
Title: Themselves;Episodes: 3;2022;Aired: Nov 28, 2022 - Dec 26, 2022;Original Network:;;Content Rating: Not Yet Rated;
Title: Only You;Episodes: 2;2022;Aired: Nov 28, 2022 - Nov 30, 2022;Original Network:;;Content Rating: Not Yet Rated;KOK TV Free (sub)
Title: Dowdy Guys;Episodes: 16;2022;Aired: Nov 29, 2022 - Dec 23, 2022;Original Network:;;Content Rating: Not Yet Rated;
Title: Time Sleep;Episodes: 6;2022;Aired: Oct  1, 2022 - Nov  5, 2022;Original Network:;;Content Rating: Not Yet Rated;
Title: Cheer Up;Episodes: 16;2022;Aired: Oct  3, 2022 - Dec 13, 2022;Original Network:  SBS;;Content Rating: 15+ - Teens 15 or older;Viki Subscription (sub)           SBS World Free (sub)           Netflix Subscription            Prime Video Subscription (sub)           Kocowa Subscription (sub)
Title: The Love in Your Eyes;Episodes: 123;2022;Aired: Oct  3, 2022 - Mar 24, 2023;Original Network:  KBS1;;Content Rating: 15+ - Teens 15 or older;Viki Subscription (sub)           KBS World Free (sub)           Wavve Free            Prime Video Subscription (sub)           Kocowa Subscription (sub)
Title: Have a Good Neighbor;Episodes: 3;2022;Aired: Oct  4, 2022 - Nov 15, 2022;Original Network:;;Content Rating: Not Yet Rated;
Title: Now, Parliament Is 36.5;Episodes: 10;2022;Aired: Oct  4, 2022 - Oct 22, 2022;Original Network:;;Content Rating: Not Yet Rated;
Title: Love Is for Suckers;Episodes: 16;2022;Aired: Oct  5, 2022 - Dec  1, 2022;Original Network:  ENA;;Content Rating: 15+ - Teens 15 or older;Viki Free (sub)           Prime Video Subscription (sub)
Title: Bad Prosecutor;Episodes: 12;2022;Aired: Oct  5, 2022 - Nov 10, 2022;Original Network:  KBS2;;Content Rating: 15+ - Teens 15 or older;Viki Subscription (sub)           Wavve Free            Prime Video Subscription (sub)           Roku Subscription            Kocowa Subscription (sub)
Title: Glitch;Episodes: 10;2022;Aired: Oct  7, 2022;Original Network:  Netflix;;Content Rating: 15+ - Teens 15 or older;Netflix Subscription (sub)
Title: Vengeance of the Bride;Episodes: 102;2022;Aired: Oct 10, 2022 - Mar  9, 2023;Original Network:  KBS2;;Content Rating: 15+ - Teens 15 or older;Viki Subscription (sub)           KBS World Free (sub)           Wavve Free            Prime Video Subscription (sub)           Roku Subscription            Kocowa Subscription (sub)
Title: Game of Witches;Episodes: 119;2022;Aired: Oct 11, 2022 - Apr 14, 2023;Original Network:  MBC;;Content Rating: 15+ - Teens 15 or older;Apple TV Subscription (sub)           Wavve Free            Prime Video Subscription (sub)           Kocowa Subscription (sub)
Title: Roommates of Poongduck 304;Episodes: 8;2022;Aired: Oct 13, 2022 - Nov  3, 2022;Original Network:;;Content Rating: 13+ - Teens 13 or older;Viki Free (sub)           Wavve Subscription
Title: Yonder;Episodes: 6;2022;Aired: Oct 14, 2022 - Oct 21, 2022;Original Network:  TVING;;Content Rating: 15+ - Teens 15 or older;Prime Video Subscription (sub)
Title: Under the Queen's Umbrella;Episodes: 16;2022;Aired: Oct 15, 2022 - Dec  4, 2022;Original Network:  tvN;;Content Rating: 15+ - Teens 15 or older;Netflix Subscription (sub)
Title: May I Help You;Episodes: 16;2022;Aired: Oct 19, 2022 - Dec 22, 2022;Original Network:  MBC;;Content Rating: 15+ - Teens 15 or older;Apple TV Subscription            Prime Video Subscription (sub)
Title: Fall for You;Episodes: 20;2022;Aired: Oct 20, 2022 - Dec 23, 2022;Original Network:  EBS;;Content Rating: G - All Ages;Apple TV Subscription            Netflix Subscription            Wavve Subscription            TVING Subscription
Title: Sapchungi Flow;Episodes: 10;2022;Aired: Oct 21, 2022 - Dec 30, 2022;Original Network:;;Content Rating: Not Yet Rated;
Title: Future Company Season 2;Episodes: 5;2022;Aired: Oct 25, 2022 - Nov 22, 2022;Original Network:;;Content Rating: Not Yet Rated;
Title: Shadow Detective;Episodes: 8;2022;Aired: Oct 26, 2022 - Nov 16, 2022;Original Network:  Disney+;;Content Rating: 15+ - Teens 15 or older;Disney+ Hotstar Subscription (sub)           Disney+ Subscription            Hulu Subscription (sub)
Title: Midnight Horror: Six Nights;Episodes: 6;2022;Aired: Oct 27, 2022;Original Network:  Seezn;;Content Rating: Not Yet Rated;
Title: Bargain;Episodes: 6;2022;Aired: Oct 28, 2022 - Nov  4, 2022;Original Network:;;Content Rating: 18+ Restricted (violence & profanity);Apple TV Subscription            TVING Subscription            Prime Video Subscription
Title: Idol in My Living Room;Episodes: 10;2022;Aired: Oct 30, 2022 - Nov 30, 2022;Original Network:;;Content Rating: Not Yet Rated;Wavve Free
Title: Curtain Call;Episodes: 16;2022;Aired: Oct 31, 2022 - Dec 27, 2022;Original Network:  KBS2;;Content Rating: 13+ - Teens 13 or older;Apple TV Subscription            Viki Subscription (sub)           Prime Video Subscription (sub)           Hulu Subscription (sub)
Title: MBTI Love;Episodes: 3;2022;Aired: Sep  2, 2022 - Sep  7, 2022;Original Network:;;Content Rating: Not Yet Rated;
Title: Desperate Mr. X;Episodes: 6;2022;Aired: Sep  2, 2022 - Sep  9, 2022;Original Network:  Wavve;;Content Rating: 15+ - Teens 15 or older;Apple TV Subscription (sub)           Wavve Subscription            Viki Subscription (sub)           Prime Video Subscription (sub)           Kocowa Subscription (sub)
Title: Little Women;Episodes: 12;2022;Aired: Sep  3, 2022 - Oct  9, 2022;Original Network:  tvN;;Content Rating: 15+ - Teens 15 or older;Netflix Subscription (sub)
Title: The Law Cafe;Episodes: 16;2022;Aired: Sep  5, 2022 - Oct 25, 2022;Original Network:  KBS2;;Content Rating: 15+ - Teens 15 or older;Apple TV Subscription            Viki Subscription (sub)           Prime Video Subscription (sub)           Roku Subscription            Kocowa Subscription (sub)
Title: Once upon a Small Town;Episodes: 12;2022;Aired: Sep  5, 2022 - Sep 28, 2022;Original Network:  Daum Kakao TV;;Content Rating: 13+ - Teens 13 or older;Netflix Subscription
Title: Pro, Teen;Episodes: 10;2022;Aired: Sep  8, 2022 - Oct 13, 2022;Original Network:;;Content Rating: Not Yet Rated;
Title: Meme's Lifestyle;Episodes: 4;2022;Aired: Sep  8, 2022 - Sep 29, 2022;Original Network:;;Content Rating: Not Yet Rated;
Title: Narco-Saints;Episodes: 6;2022;Aired: Sep  9, 2022;Original Network:  Netflix;;Content Rating: 18+ Restricted (violence & profanity);Netflix Subscription
Title: Mental Coach Jegal;Episodes: 16;2022;Aired: Sep 12, 2022 - Nov  1, 2022;Original Network:  tvN;;Content Rating: 15+ - Teens 15 or older;Apple TV Subscription (sub)           Viki Subscription (sub)           Prime Video Subscription (sub)           Tubi Free (sub)           Roku Free (sub)
Title: Once Again;Episodes: 8;2022;Aired: Sep 15, 2022 - Oct  6, 2022;Original Network:;;Content Rating: 13+ - Teens 13 or older;Viki Free (sub)           iQIYI Subscription            Wavve Subscription            TVING Subscription
Title: Null Maybe;Episodes: 4;2022;Aired: Sep 15, 2022 - Sep 18, 2022;Original Network:  Channel A;;Content Rating: Not Yet Rated;
Title: My Chilling Roommate;Episodes: 10;2022;Aired: Sep 16, 2022;Original Network:;;Content Rating: 13+ - Teens 13 or older;Apple TV Free (sub)           Viki Subscription (sub)           Prime Video Subscription (sub)           Tubi Free (sub)           Roku Free (sub)
Title: Blind;Episodes: 16;2022;Aired: Sep 16, 2022 - Nov  5, 2022;Original Network:  tvN;;Content Rating: 15+ - Teens 15 or older;Apple TV Subscription (sub)           TVING Subscription            Prime Video Subscription (sub)           Roku Free (sub)
Title: Seasons of Blossom;Episodes: 16;2022;Aired: Sep 21, 2022 - Nov  2, 2022;Original Network:  Wavve;;Content Rating: 13+ - Teens 13 or older;Viki Subscription (sub)
Title: Love in Contract;Episodes: 16;2022;Aired: Sep 21, 2022 - Nov 10, 2022;Original Network:  tvN;;Content Rating: 15+ - Teens 15 or older;Viki Subscription (sub)           Prime Video Ppv (sub)           Netflix Subscription (sub)
Title: May It Please the Court;Episodes: 12;2022;Aired: Sep 21, 2022 - Oct 26, 2022;Original Network:  Disney+;;Content Rating: 15+ - Teens 15 or older;Disney+ Hotstar Subscription (sub)           Disney+ Subscription (sub)           Hulu Subscription (sub)
Title: One Dollar Lawyer;Episodes: 12;2022;Aired: Sep 23, 2022 - Nov 11, 2022;Original Network:  SBS;;Content Rating: 13+ - Teens 13 or older;Disney+ Hotstar Subscription (sub)           Disney+ Subscription (sub)           Wavve Free            Hulu Subscription (sub)
Title: The Golden Spoon;Episodes: 16;2022;Aired: Sep 23, 2022 - Nov 12, 2022;Original Network:  MBC;;Content Rating: 15+ - Teens 15 or older;Disney+ Hotstar Subscription (sub)           Disney+ Subscription (sub)           Hulu Subscription (sub)
Title: Three Bold Siblings;Episodes: 51;2022;Aired: Sep 24, 2022 - Mar 19, 2023;Original Network:  KBS2;;Content Rating: 15+ - Teens 15 or older;Viki Subscription (sub)           KBS World Free (sub)           Wavve Free            Prime Video Subscription (sub)           Roku Subscription            Kocowa Subscription (sub)
Title: The Empire;Episodes: 16;2022;Aired: Sep 24, 2022 - Nov 13, 2022;Original Network:  jTBC;;Content Rating: 15+ - Teens 15 or older;Viki Free (sub)
Title: A Film About Grooming;Episodes: 3;2022;Aired: Sep 25, 2022 - Oct  9, 2022;Original Network:;;Content Rating: Not Yet Rated;
Title: The Witch's Eye;Episodes: 5;2022;Aired: Sep 29, 2022 - Oct 13, 2022;Original Network:  Naver TV Cast;;Content Rating: Not Yet Rated;
Title: Gaus Electronics;Episodes: 12;2022;Aired: Sep 30, 2022 - Nov  5, 2022;Original Network:  ENA,  Genie TV,  Seezn;;Content Rating: 15+ - Teens 15 or older;Viki Free (sub)
Title: Blind;Episodes: 7;2022;Aired: Nov 5, 2022;Original Network:;;Content Rating: Not Yet Rated;AsianCrush Free (sub)
Title: Can Noise Become ASMR?;Episodes: 6;2023;Aired: Apr  1, 2023 - May  6, 2023;Original Network:;;Content Rating: Not Yet Rated;
Title: Rinza Noodle House;Episodes: 11;2023;Aired: Apr  5, 2023 - May 31, 2023;Original Network:;;Content Rating: 13+ - Teens 13 or older;
Title: Decoy: Part 2;Episodes: 6;2023;Aired: Apr  7, 2023 - Apr 21, 2023;Original Network:  COUPANG TV;;Content Rating: Not Yet Rated;Viki Subscription (sub)
Title: Even If It's Money Money, Park U Ju;Episodes: 12;2023;Aired: Apr  7, 2023 - Jan  5, 2024;Original Network:;;Content Rating: Not Yet Rated;
Title: Pale Moon;Episodes: 10;2023;Aired: Apr 10, 2023 - May  9, 2023;Original Network:  ENA,  Genie TV;;Content Rating: 18+ Restricted (violence & profanity);Apple TV Subscription            TVING Subscription            Viki Subscription (sub)
Title: Stealer: The Treasure Keeper;Episodes: 12;2023;Aired: Apr 12, 2023 - May 18, 2023;Original Network:  tvN;;Content Rating: 15+ - Teens 15 or older;Apple TV Subscription            TVING Subscription            Tubi Free (sub)           Roku Free
Title: True to Love;Episodes: 14;2023;Aired: Apr 12, 2023 - May 25, 2023;Original Network:  ENA;;Content Rating: 15+ - Teens 15 or older;Prime Video Subscription (sub)           TVING Subscription
Title: Queenmaker;Episodes: 11;2023;Aired: Apr 14, 2023;Original Network:  Netflix;;Content Rating: 15+ - Teens 15 or older;Netflix Subscription
Title: Doctor Cha;Episodes: 16;2023;Aired: Apr 15, 2023 - Jun  4, 2023;Original Network:  jTBC;;Content Rating: 15+ - Teens 15 or older;Netflix Subscription            TVING Subscription
Title: Family: The Unbreakable Bond;Episodes: 12;2023;Aired: Apr 17, 2023 - May 23, 2023;Original Network:  tvN;;Content Rating: 15+ - Teens 15 or older;Disney+ Subscription (sub)           Disney+ Hotstar Subscription (sub)           TVING Subscription            Hulu Subscription (sub)
Title: Strong Underdog;Episodes: 6;2023;Aired: Apr 17, 2023 - May 27, 2023;Original Network:;;Content Rating: 13+ - Teens 13 or older;Viki Free (sub)
Title: Meant to Be;Episodes: 120;2023;Aired: Apr 17, 2023 - Oct 20, 2023;Original Network:  MBC;;Content Rating: 15+ - Teens 15 or older;Apple TV Subscription (sub)           Prime Video Subscription (sub)           Kocowa Subscription (sub)
Title: From Classmate to Roommate;Episodes: 12;2023;Aired: Apr 19, 2023 - Jul  5, 2023;Original Network:;;Content Rating: Not Yet Rated;
Title: Duty after School: Part 2;Episodes: 4;2023;Aired: Apr 21, 2023;Original Network:  TVING;;Content Rating: 18+ Restricted (violence & profanity);Viki Subscription (sub)           Prime Video Subscription (sub)
Title: Living Together at Seventeen;Episodes: 10;2023;Aired: Apr 21, 2023 - Jun 23, 2023;Original Network:;;Content Rating: Not Yet Rated;
Title: My 20th Twenty;Episodes: 12;2023;Aired: Apr 21, 2023 - May 27, 2023;Original Network:;;Content Rating: 15+ - Teens 15 or older;Prime Video Subscription (sub)           Roku Subscription            Kocowa Subscription
Title: Queen of Masks;Episodes: 16;2023;Aired: Apr 24, 2023 - Jun 13, 2023;Original Network:  Channel A;;Content Rating: G - All Ages;Viki Subscription (sub)
Title: The Good Bad Mother;Episodes: 14;2023;Aired: Apr 26, 2023 - Jun  8, 2023;Original Network:  jTBC;;Content Rating: 15+ - Teens 15 or older;Netflix Subscription            TVING Subscription (sub)
Title: Last Taxi;Episodes: 5;2023;Aired: Apr 26, 2023 - May  3, 2023;Original Network:;;Content Rating: 15+ - Teens 15 or older;
Title: Happy Merry Ending;Episodes: 8;2023;Aired: Apr 27, 2023 - May 19, 2023;Original Network:;;Content Rating: 13+ - Teens 13 or older;Viki Subscription (sub)           Wavve Subscription            TVING Subscription
Title: Dr. Romantic Season 3;Episodes: 16;2023;Aired: Apr 28, 2023 - Jun 17, 2023;Original Network:  SBS;;Content Rating: 15+ - Teens 15 or older;Disney+ Subscription (sub)           Disney+ Hotstar Subscription (sub)           Hulu Subscription (sub)
Title: Finland Papa;Episodes: 6;2023;Aired: Apr 29, 2023 - May 14, 2023;Original Network:;;Content Rating: Not Yet Rated;Viki Subscription (sub)
Title: Sing My Crush;Episodes: 8;2023;Aired: Aug  2, 2023;Original Network:;;Content Rating: 15+ - Teens 15 or older;iQIYI Subscription (sub)           Wavve Subscription
Title: My Dearest;Episodes: 10;2023;Aired: Aug  4, 2023 - Sep  2, 2023;Original Network:  MBC;;Content Rating: 15+ - Teens 15 or older;Apple TV Subscription            Viki Subscription (sub)           Wavve Subscription (sub)           Prime Video Subscription (sub)           Netflix Subscription (sub)           Kocowa Subscription (sub)
Title: The First Responders Season 2;Episodes: 12;2023;Aired: Aug  4, 2023 - Sep  9, 2023;Original Network:  ENA,  SBS,  SBS Plus;;Content Rating: 15+ - Teens 15 or older;Disney+ Subscription (sub)           Disney+ Hotstar Subscription (sub)           Hulu Subscription (sub)           Wavve Subscription (sub)
Title: Better Things;Episodes: 3;2023;Aired: Aug  7, 2023 - Aug 11, 2023;Original Network:;;Content Rating: Not Yet Rated;
Title: The Elegant Empire;Episodes: 105;2023;Aired: Aug  7, 2023 - Jan 19, 2024;Original Network:  KBS2;;Content Rating: 15+ - Teens 15 or older;KBS World Free (sub)           Prime Video Subscription (sub)           Roku Subscription            Kocowa Subscription (sub)
Title: Moving;Episodes: 20;2023;Aired: Aug  9, 2023 - Sep 20, 2023;Original Network:  Disney+;;Content Rating: 18+ Restricted (violence & profanity);Apple TV Subscription            Disney+ Subscription (sub)           Disney+ Hotstar Subscription (sub)           Hulu Subscription (sub)
Title: The Killing Vote;Episodes: 12;2023;Aired: Aug 10, 2023 - Nov 16, 2023;Original Network:  SBS;;Content Rating: 15+ - Teens 15 or older;Prime Video Subscription (sub)           Wavve Subscription (sub)
Title: Love Class Season 2;Episodes: 10;2023;Aired: Aug 11, 2023 - Sep  8, 2023;Original Network:;;Content Rating: Not Yet Rated;Viki Subscription (sub)           WeTV Subscription (sub)
Title: Cold Blooded Intern;Episodes: 12;2023;Aired: Aug 11, 2023 - Sep 15, 2023;Original Network:  TVING,  tvN;;Content Rating: Not Yet Rated;
Title: Behind Your Touch;Episodes: 16;2023;Aired: Aug 12, 2023 - Oct  1, 2023;Original Network:  jTBC;;Content Rating: 15+ - Teens 15 or older;Netflix Subscription (sub)           TVING Subscription (sub)
Title: Mask Girl;Episodes: 7;2023;Aired: Aug 18, 2023;Original Network:  Netflix;;Content Rating: 18+ Restricted (violence & profanity);Netflix Subscription
Title: My Lovely Boxer;Episodes: 12;2023;Aired: Aug 21, 2023 - Oct  2, 2023;Original Network:  KBS2;;Content Rating: 15+ - Teens 15 or older;Viki Subscription (sub)           Wavve Subscription (sub)           Prime Video Subscription (sub)           Roku Subscription            Kocowa Subscription (sub)
Title: Sunglass Man;Episodes: 8;2023;Aired: Aug 23, 2023 - Aug 31, 2023;Original Network:;;Content Rating: Not Yet Rated;Apple TV Subscription            Tubi Free (sub)
Title: Destined with You;Episodes: 16;2023;Aired: Aug 23, 2023 - Oct 12, 2023;Original Network:  jTBC;;Content Rating: 15+ - Teens 15 or older;Netflix Subscription (sub)           TVING Subscription
Title: Why R U?;Episodes: 8;2023;Aired: Aug 24, 2023 - Sep 14, 2023;Original Network:;;Content Rating: Not Yet Rated;iQIYI Subscription (sub)           Viki Free (sub)           Wavve Subscription
Title: Girl in the Mirror;Episodes: 5;2023;Aired: Aug 27, 2023 - Sep 24, 2023;Original Network:;;Content Rating: Not Yet Rated;
Title: New Recruit Season 2;Episodes: 6;2023;Aired: Aug 28, 2023 - Sep 12, 2023;Original Network:  ENA,  Genie TV;;Content Rating: Not Yet Rated;
Title: Sweet Home Season 2;Episodes: 8;2023;Aired: Dec  1, 2023;Original Network:  Netflix;;Content Rating: 18+ Restricted (violence & profanity);Netflix Subscription (sub)
Title: My Man Is Cupid;Episodes: 16;2023;Aired: Dec  1, 2023 - Jan 20, 2024;Original Network:  Amazon Prime;;Content Rating: 13+ - Teens 13 or older;Prime Video Subscription (sub)
Title: Welcome to Samdal-ri;Episodes: 16;2023;Aired: Dec  2, 2023 - Jan 21, 2024;Original Network:  jTBC;;Content Rating: 15+ - Teens 15 or older;Netflix Subscription (sub)
Title: The Hairy Era;Episodes: 8;2023;Aired: Dec  2, 2023 - May 19, 2024;Original Network:;;Content Rating: Not Yet Rated;CheezeFilm Free (sub)
Title: Night Has Come;Episodes: 12;2023;Aired: Dec  4, 2023 - Dec 21, 2023;Original Network:  U+ Mobile TV;;Content Rating: 18+ Restricted (violence & profanity);Apple TV Subscription            Viki Subscription (sub)           Netflix Subscription            Wavve Subscription
Title: Soundtrack #2;Episodes: 6;2023;Aired: Dec  6, 2023 - Dec 20, 2023;Original Network:  Disney+;;Content Rating: 13+ - Teens 13 or older;Disney+ Subscription (sub)
Title: Kimchi, Kimchi;Episodes: 8;2023;Aired: Dec  8, 2023 - Jan 26, 2024;Original Network:;;Content Rating: Not Yet Rated;
Title: Maestra: Strings of Truth;Episodes: 12;2023;Aired: Dec  9, 2023 - Jan 14, 2024;Original Network:  tvN;;Content Rating: 15+ - Teens 15 or older;Disney+ Subscription            Disney+ Hotstar Subscription            Hulu Subscription (sub)
Title: Death's Game;Episodes: 4;2023;Aired: Dec 15, 2023;Original Network:  TVING;;Content Rating: 18+ Restricted (violence & profanity);TVING Subscription            Prime Video Subscription (sub)
Title: Snap and Spark;Episodes: 8;2023;Aired: Dec 15, 2023 - Jan 10, 2024;Original Network:;;Content Rating: Not Yet Rated;KOK TV Free (sub)           iQIYI Subscription (sub)
Title: Kitty's Confession;Episodes: 3;2023;Aired: Dec 17, 2023 - Jan  7, 2024;Original Network:;;Content Rating: Not Yet Rated;
Title: Like Flowers in Sand;Episodes: 12;2023;Aired: Dec 20, 2023 - Jan 31, 2024;Original Network:  ENA;;Content Rating: 15+ - Teens 15 or older;Netflix Subscription (sub)
Title: Gyeongseong Creature;Episodes: 10;2023;Aired: Dec 22, 2023 - Jan  5, 2024;Original Network:  Netflix;;Content Rating: 15+ - Teens 15 or older;Netflix Subscription (sub)
Title: Between Him and Her;Episodes: 12;2023;Aired: Dec 26, 2023 - Mar 15, 2024;Original Network:  Channel A;;Content Rating: 15+ - Teens 15 or older;Viki Subscription (sub)           Netflix Subscription
Title: My Happy Ending;Episodes: 16;2023;Aired: Dec 30, 2023 - Feb 25, 2024;Original Network:  TV Chosun;;Content Rating: 15+ - Teens 15 or older;Apple TV Subscription            Viki Subscription (sub)           Netflix Subscription (sub)           Wavve Subscription            TVING Subscription            Hulu Subscription (sub)
Title: Because I Live in America;Episodes: 5;2023;Aired: Feb  3, 2023 - Feb 17, 2023;Original Network:;;Content Rating: Not Yet Rated;
Title: Our Blooming Youth;Episodes: 20;2023;Aired: Feb  6, 2023 - Apr 11, 2023;Original Network:  TVING,  tvN;;Content Rating: 15+ - Teens 15 or older;Viki Subscription (sub)           Prime Video Subscription (sub)           Netflix Subscription (sub)
Title: Something Unique;Episodes: 4;2023;Aired: Feb  6, 2023 - Feb 23, 2023;Original Network:;;Content Rating: Not Yet Rated;
Title: Love to Hate You;Episodes: 10;2023;Aired: Feb 10, 2023;Original Network:  Netflix;;Content Rating: 15+ - Teens 15 or older;Netflix Subscription (sub)
Title: Those Who Pass Through Gimpo City;Episodes: 3;2023;Aired: Feb 10, 2023 - Mar 17, 2023;Original Network:;;Content Rating: Not Yet Rated;
Title: Big Bet Season 2;Episodes: 8;2023;Aired: Feb 15, 2023 - Mar 22, 2023;Original Network:  Disney+;;Content Rating: 18+ Restricted (violence & profanity);Disney+ Subscription (sub)           Disney+ Hotstar Subscription            Hulu Subscription
Title: The Heavenly Idol;Episodes: 12;2023;Aired: Feb 15, 2023 - Mar 23, 2023;Original Network:  TVING,  tvN;;Content Rating: 15+ - Teens 15 or older;Viki Subscription (sub)           Prime Video Subscription (sub)
Title: Taxi Driver Season 2;Episodes: 16;2023;Aired: Feb 17, 2023 - Apr 15, 2023;Original Network:  SBS;;Content Rating: 18+ Restricted (violence & profanity);Apple TV Subscription            Viki Subscription (sub)           Wavve Free            Prime Video Subscription (sub)           Kocowa Subscription (sub)
Title: Call It Love;Episodes: 16;2023;Aired: Feb 22, 2023 - Apr 12, 2023;Original Network:  Disney+;;Content Rating: 13+ - Teens 13 or older;Apple TV Subscription            Disney+ Hotstar Subscription (sub)           Disney+ Subscription            Hulu Subscription (sub)
Title: Island Part 2;Episodes: 6;2023;Aired: Feb 24, 2023 - Mar 10, 2023;Original Network:  TVING;;Content Rating: 15+ - Teens 15 or older;Prime Video Subscription (sub)
Title: Unrealistic Youtuber;Episodes: 7;2023;Aired: Feb 26, 2023 - May 14, 2023;Original Network:;;Content Rating: Not Yet Rated;
Title: He’s from the North After All;Episodes: 10;2023;Aired: Feb 27, 2023 - Mar 10, 2023;Original Network:;;Content Rating: Not Yet Rated;
Title: Brain Works;Episodes: 16;2023;Aired: Jan  2, 2023 - Feb 28, 2023;Original Network:  KBS2;;Content Rating: 15+ - Teens 15 or older;Viki Subscription (sub)           Wavve Free            Netflix Subscription (sub)           Prime Video Subscription (sub)           Roku Subscription            Kocowa Subscription (sub)
Title: The Emotion;Episodes: 5;2023;Aired: Jan  5, 2023 - Feb  2, 2023;Original Network:;;Content Rating: Not Yet Rated;
Title: Payback: Money and Power;Episodes: 12;2023;Aired: Jan  6, 2023 - Feb 11, 2023;Original Network:  SBS;;Content Rating: 15+ - Teens 15 or older;Apple TV Subscription (sub)           Prime Video Subscription (sub)           Wavve Free
Title: Agency;Episodes: 16;2023;Aired: Jan  7, 2023 - Feb 26, 2023;Original Network:  jTBC;;Content Rating: Not Yet Rated;Netflix Subscription            Viki Subscription (sub)           Tubi Free (sub)
Title: Poong, the Joseon Psychiatrist Season 2;Episodes: 10;2023;Aired: Jan 11, 2023 - Feb  9, 2023;Original Network:  tvN;;Content Rating: Not Yet Rated;Viki Subscription (sub)
Title: Crash Course in Romance;Episodes: 16;2023;Aired: Jan 14, 2023 - Mar  5, 2023;Original Network:  tvN;;Content Rating: 15+ - Teens 15 or older;Netflix Subscription (sub)
Title: We Only See Each Other at Night;Episodes: 12;2023;Aired: Jan 16, 2023 - Apr 16, 2023;Original Network:;;Content Rating: Not Yet Rated;
Title: Super Junior: The Last Man Standing;Episodes: 2;2023;Aired: Jan 18, 2023;Original Network:;;Content Rating: 13+ - Teens 13 or older;Disney+ Subscription (sub)           Hulu Free (sub)
Title: Strangers Again;Episodes: 12;2023;Aired: Jan 18, 2023 - Feb 23, 2023;Original Network:  ENA;;Content Rating: 15+ - Teens 15 or older;Viki Subscription (sub)           TVING Subscription
Title: Individual Circumstances;Episodes: 8;2023;Aired: Jan 19, 2023 - Feb  9, 2023;Original Network:;;Content Rating: Not Yet Rated;Viki Free (sub)           iQIYI Free (sub)           Wavve Subscription
Title: Our D-Day;Episodes: 6;2023;Aired: Jan 26, 2023 - Feb 10, 2023;Original Network:;;Content Rating: Not Yet Rated;
Title: Decoy: Part 1;Episodes: 6;2023;Aired: Jan 27, 2023 - Feb 10, 2023;Original Network:  COUPANG TV;;Content Rating: Not Yet Rated;Viki Subscription (sub)           Prime Video Subscription (sub)
Title: Kokdu: Season of Deity;Episodes: 16;2023;Aired: Jan 27, 2023 - Mar 24, 2023;Original Network:  MBC;;Content Rating: 15+ - Teens 15 or older;Viki Subscription (sub)           iQIYI Free (sub)           Wavve Free            Hulu Subscription (sub)
Title: Straight Sassy Season 2;Episodes: 4;2023;Aired: Jul  4, 2023 - Jul 15, 2023;Original Network:;;Content Rating: Not Yet Rated;
Title: Shadow Detective Season 2;Episodes: 8;2023;Aired: Jul  5, 2023 - Jul 26, 2023;Original Network:  Disney+;;Content Rating: 15+ - Teens 15 or older;Disney+ Subscription            Hulu Subscription
Title: Not Others;Episodes: 12;2023;Aired: Jul 17, 2023 - Aug 22, 2023;Original Network:  ENA,  Genie TV;;Content Rating: 15+ - Teens 15 or older;Viki Subscription (sub)           TVING Subscription (sub)           Hulu Subscription (sub)
Title: Jun & Jun;Episodes: 8;2023;Aired: Jul 20, 2023 - Sep  7, 2023;Original Network:;;Content Rating: 15+ - Teens 15 or older;Apple TV Subscription (sub)           Viki Subscription (sub)           WeTV Subscription (sub)
Title: Longing for You;Episodes: 14;2023;Aired: Jul 26, 2023 - Sep  7, 2023;Original Network:  ENA;;Content Rating: 15+ - Teens 15 or older;Viki Subscription (sub)           TVING Subscription            Netflix Subscription (sub)           Lemino Subscription
Title: D.P. Season 2;Episodes: 6;2023;Aired: Jul 28, 2023;Original Network:  Netflix;;Content Rating: 15+ - Teens 15 or older;Netflix Subscription (sub)
Title: The Uncanny Counter Season 2: Counter Punch;Episodes: 12;2023;Aired: Jul 29, 2023 - Sep  3, 2023;Original Network:  tvN;;Content Rating: 15+ - Teens 15 or older;TVING Subscription (sub)           Netflix Subscription (sub)
Title: Usual Yet Unusual Season 2;Episodes: 8;2023;Aired: Jul 30, 2023 - Aug 24, 2023;Original Network:;;Content Rating: Not Yet Rated;
Title: My Lovely Liar;Episodes: 16;2023;Aired: Jul 31, 2023 - Sep 19, 2023;Original Network:  tvN;;Content Rating: 15+ - Teens 15 or older;Viki Subscription (sub)           TVING Subscription (sub)
Title: Sound Candy;Episodes: 10;2023;Aired: Jun  3, 2023 - Jul  1, 2023;Original Network:  TVING;;Content Rating: G - All Ages;Abema TV Free            Viki Subscription            Prime Video Subscription (sub)           Roku Subscription            Kocowa Subscription (sub)
Title: The Villain of Romance;Episodes: 10;2023;Aired: Jun  5, 2023 - Jun 27, 2023;Original Network:  MBC Dramanet;;Content Rating: 15+ - Teens 15 or older;Viki Subscription (sub)           Hulu Subscription (sub)
Title: Love Tractor;Episodes: 8;2023;Aired: Jun  7, 2023 - Jun 21, 2023;Original Network:;;Content Rating: 13+ - Teens 13 or older;iQIYI Subscription            Wavve Subscription
Title: Romance by Romance;Episodes: 10;2023;Aired: Jun  7, 2023 - Jun 28, 2023;Original Network:;;Content Rating: 15+ - Teens 15 or older;Viki Free (sub)
Title: Twist Beauty;Episodes: 5;2023;Aired: Jun  7, 2023 - Oct 28, 2023;Original Network:;;Content Rating: Not Yet Rated;
Title: Bloodhounds;Episodes: 8;2023;Aired: Jun  9, 2023;Original Network:  Netflix;;Content Rating: 18+ Restricted (violence & profanity);Netflix Subscription (sub)
Title: Intern;Episodes: 8;2023;Aired: Jun 10, 2023 - Aug 10, 2023;Original Network:;;Content Rating: Not Yet Rated;
Title: King the Land;Episodes: 16;2023;Aired: Jun 17, 2023 - Aug  6, 2023;Original Network:  jTBC;;Content Rating: 15+ - Teens 15 or older;Netflix Subscription (sub)           TVING Subscription
Title: See You in My 19th Life;Episodes: 12;2023;Aired: Jun 17, 2023 - Jul 23, 2023;Original Network:  tvN;;Content Rating: 15+ - Teens 15 or older;Netflix Subscription (sub)           TVING Subscription
Title: Adult Kids;Episodes: 8;2023;Aired: Jun 19, 2023 - Aug  7, 2023;Original Network:;;Content Rating: Not Yet Rated;
Title: Lies Hidden in My Garden;Episodes: 8;2023;Aired: Jun 19, 2023 - Jul 11, 2023;Original Network:  ENA,  Genie TV;;Content Rating: 15+ - Teens 15 or older;Viki Subscription (sub)           TVING Subscription            Prime Video Subscription (sub)           Lemino Subscription            iQIYI Subscription
Title: Hello! This Is Starbucks;Episodes: 19;2023;Aired: Jun 20, 2023 - Jul 27, 2023;Original Network:;;Content Rating: Not Yet Rated;
Title: Numbers;Episodes: 12;2023;Aired: Jun 23, 2023 - Jul 29, 2023;Original Network:  MBC,  Wavve;;Content Rating: 15+ - Teens 15 or older;Apple TV Subscription            Viki Subscription (sub)           Prime Video Subscription (sub)           Kocowa Subscription (sub)
Title: Revenant;Episodes: 12;2023;Aired: Jun 23, 2023 - Jul 29, 2023;Original Network:  SBS;;Content Rating: 15+ - Teens 15 or older;Apple TV Subscription            Disney+ Hotstar Subscription (sub)           Disney+ Subscription (sub)           Hulu Subscription (sub)
Title: Durian's Affair;Episodes: 16;2023;Aired: Jun 24, 2023 - Aug 13, 2023;Original Network:  TV Chosun;;Content Rating: 15+ - Teens 15 or older;Viki Subscription (sub)           Prime Video Subscription (sub)           Roku Subscription            Kocowa Subscription (sub)
Title: Heartbeat;Episodes: 16;2023;Aired: Jun 26, 2023 - Aug 15, 2023;Original Network:  KBS2;;Content Rating: 15+ - Teens 15 or older;Apple TV Subscription            Wavve Subscription            Prime Video Subscription (sub)
Title: Between Friendship and Love Season 4;Episodes: 6;2023;Aired: Jun 27, 2023 - Aug  1, 2023;Original Network:;;Content Rating: Not Yet Rated;
Title: Miraculous Brothers;Episodes: 16;2023;Aired: Jun 28, 2023 - Aug 17, 2023;Original Network:  jTBC;;Content Rating: Not Yet Rated;Viki Subscription (sub)           Netflix Subscription
Title: Blue Temperature;Episodes: 4;2023;Aired: Jun 28, 2023 - Jul 19, 2023;Original Network:  Naver TV Cast;;Content Rating: Not Yet Rated;KOK TV Free (sub)
Title: Between Space;Episodes: 3;2023;Aired: Jun 29, 2023 - Aug 10, 2023;Original Network:;;Content Rating: Not Yet Rated;
Title: Celebrity;Episodes: 12;2023;Aired: Jun 30, 2023;Original Network:  Netflix;;Content Rating: 18+ Restricted (violence & profanity);Netflix Subscription (sub)
Title: To Be Honest;Episodes: 3;2023;Aired: Jun 30, 2023 - Jul 14, 2023;Original Network:;;Content Rating: Not Yet Rated;KOK TV Free (sub)
Title: Delivery Man;Episodes: 12;2023;Aired: Mar  1, 2023 - Apr  6, 2023;Original Network:  ENA,  Genie TV;;Content Rating: Not Yet Rated;Viki Subscription (sub)
Title: Reincarnated Partners;Episodes: 3;2023;Aired: Mar  1, 2023 - Mar 15, 2023;Original Network:;;Content Rating: Not Yet Rated;
Title: All the Liquors;Episodes: 8;2023;Aired: Mar  2, 2023 - Mar 23, 2023;Original Network:;;Content Rating: Not Yet Rated;Apple TV Subscription            Viki Free (sub)           TVING Subscription
Title: Divorce Attorney Shin;Episodes: 12;2023;Aired: Mar  4, 2023 - Apr  9, 2023;Original Network:  jTBC;;Content Rating: 15+ - Teens 15 or older;Netflix Subscription (sub)
Title: Oasis;Episodes: 16;2023;Aired: Mar  6, 2023 - Apr 25, 2023;Original Network:  KBS2;;Content Rating: 15+ - Teens 15 or older;Wavve Free            Viki Subscription (sub)
Title: Campus Freshman;Episodes: 10;2023;Aired: Mar  7, 2023 - Apr  5, 2023;Original Network:;;Content Rating: Not Yet Rated;
Title: Our Dating Sim;Episodes: 8;2023;Aired: Mar  9, 2023 - Mar 30, 2023;Original Network:;;Content Rating: 13+ - Teens 13 or older;Viki Free
Title: The Glory Part 2;Episodes: 8;2023;Aired: Mar 10, 2023;Original Network:  Netflix;;Content Rating: 18+ Restricted (violence & profanity);Netflix Subscription
Title: Pandora: Beneath the Paradise;Episodes: 16;2023;Aired: Mar 11, 2023 - Apr 30, 2023;Original Network:  tvN;;Content Rating: 15+ - Teens 15 or older;Disney+ Subscription            Disney+ Hotstar Subscription (sub)           Hulu Subscription (sub)
Title: Woman in a Veil;Episodes: 103;2023;Aired: Mar 14, 2023 - Aug  4, 2023;Original Network:  KBS2;;Content Rating: 15+ - Teens 15 or older;Viki Subscription (sub)           Prime Video Subscription (sub)           Roku Subscription            Kocowa Subscription (sub)
Title: My Sister;Episodes: 10;2023;Aired: Mar 14, 2023 - May 29, 2023;Original Network:;;Content Rating: Not Yet Rated;CheezeFilm Free (sub)
Title: DMZ Daeseongdong;Episodes: 4;2023;Aired: Mar 15, 2023 - Apr  5, 2023;Original Network:;;Content Rating: Not Yet Rated;
Title: A Shoulder to Cry On;Episodes: 7;2023;Aired: Mar 15, 2023 - Mar 29, 2023;Original Network:;;Content Rating: 15+ - Teens 15 or older;Viki Subscription (sub)           Wavve Subscription
Title: Na Ra the Socialite Wannabe;Episodes: 4;2023;Aired: Mar 17, 2023;Original Network:  TVING;;Content Rating: Not Yet Rated;TVING Subscription
Title: Unintentional Love Story;Episodes: 10;2023;Aired: Mar 17, 2023 - Apr 14, 2023;Original Network:  TVING;;Content Rating: 15+ - Teens 15 or older;iQIYI Subscription            TVING Subscription
Title: Welcome to the Lesbian Bar;Episodes: 5;2023;Aired: Mar 18, 2023 - Mar 22, 2023;Original Network:;;Content Rating: Not Yet Rated;
Title: Mukeo Bar;Episodes: 5;2023;Aired: Mar 20, 2023 - Apr 17, 2023;Original Network:;;Content Rating: Not Yet Rated;
Title: The Secret Romantic Guesthouse;Episodes: 18;2023;Aired: Mar 20, 2023 - May 16, 2023;Original Network:  SBS;;Content Rating: 15+ - Teens 15 or older;Viki Free (sub)           Prime Video Subscription (sub)           Hulu Subscription (sub)
Title: The Real Has Come!;Episodes: 50;2023;Aired: Mar 25, 2023 - Sep 10, 2023;Original Network:  KBS2;;Content Rating: 15+ - Teens 15 or older;Viki Subscription (sub)           KBS World Free (sub)           Netflix Subscription            Prime Video Subscription (sub)           Roku Subscription            Kocowa Subscription (sub)
Title: Apple of My Eye;Episodes: 121;2023;Aired: Mar 27, 2023 - Sep 15, 2023;Original Network:  KBS1;;Content Rating: 15+ - Teens 15 or older;KBS World Free (sub)           Prime Video Subscription (sub)           Roku Subscription            Kocowa Subscription (sub)
Title: The Eighth Sense;Episodes: 10;2023;Aired: Mar 29, 2023 - Apr 26, 2023;Original Network:;;Content Rating: 15+ - Teens 15 or older;Viki Subscription (sub)
Title: Our Game: LG Twins;Episodes: 8;2023;Aired: Mar 30, 2023 - Apr 27, 2023;Original Network:;;Content Rating: G - All Ages;TVING Subscription
Title: Duty after School: Part 1;Episodes: 6;2023;Aired: Mar 31, 2023;Original Network:  TVING;;Content Rating: 18+ Restricted (violence & profanity);Apple TV Subscription (sub)           Viki Subscription (sub)           Prime Video Subscription (sub)
Title: Ririko's Social Life;Episodes: 5;2023;Aired: Mar 31, 2023 - Jun  8, 2023;Original Network:;;Content Rating: Not Yet Rated;
Title: Joseon Attorney: A Morality;Episodes: 16;2023;Aired: Mar 31, 2023 - May 20, 2023;Original Network:  MBC;;Content Rating: 15+ - Teens 15 or older;Viki Subscription (sub)           Prime Video Subscription (sub)           Kocowa Subscription (sub)
Title: My Perfect Stranger;Episodes: 16;2023;Aired: May  1, 2023 - Jun 20, 2023;Original Network:  KBS2;;Content Rating: 15+ - Teens 15 or older;Wavve Subscription            Viki Subscription (sub)           Prime Video Subscription (sub)           Roku Subscription            Kocowa Subscription (sub)
Title: Why Opposites Attract Season 2;Episodes: 8;2023;Aired: May  4, 2023 - Jun 11, 2023;Original Network:;;Content Rating: Not Yet Rated;
Title: Love Mate;Episodes: 8;2023;Aired: May  4, 2023 - May 25, 2023;Original Network:;;Content Rating: 15+ - Teens 15 or older;Viki Free (sub)
Title: All That We Loved;Episodes: 8;2023;Aired: May  5, 2023 - May 26, 2023;Original Network:  TVING;;Content Rating: 15+ - Teens 15 or older;Apple TV Subscription            Viki Subscription (sub)           TVING Subscription
Title: Tree Man;Episodes: 6;2023;Aired: May  5, 2023 - Oct 22, 2023;Original Network:;;Content Rating: Not Yet Rated;CheezeFilm Free (sub)
Title: Tale of the Nine-Tailed 1938;Episodes: 12;2023;Aired: May  6, 2023 - Jun 11, 2023;Original Network:  tvN;;Content Rating: 15+ - Teens 15 or older;Prime Video Subscription (sub)           TVING Subscription            Tubi Free (sub)
Title: It Was Spring;Episodes: 8;2023;Aired: May  8, 2023 - Jun 26, 2023;Original Network:  KBS1;;Content Rating: Not Yet Rated;
Title: Race;Episodes: 12;2023;Aired: May 10, 2023 - Jun 14, 2023;Original Network:  Disney+;;Content Rating: Not Yet Rated;Disney+ Subscription (sub)           Disney+ Hotstar Subscription (sub)           Hulu Subscription (sub)
Title: Black Knight;Episodes: 6;2023;Aired: May 12, 2023;Original Network:  Netflix;;Content Rating: 15+ - Teens 15 or older;Netflix Subscription (sub)
Title: Couple Scandal;Episodes: 12;2023;Aired: May 13, 2023 - Jul 29, 2023;Original Network:;;Content Rating: 15+ - Teens 15 or older;Apple TV Subscription
Title: Oh! Youngsim;Episodes: 10;2023;Aired: May 15, 2023 - Jun 13, 2023;Original Network:  ENA,  Genie TV;;Content Rating: Not Yet Rated;Viki Subscription (sub)
Title: Star Struck;Episodes: 8;2023;Aired: May 18, 2023 - Jun  8, 2023;Original Network:;;Content Rating: 15+ - Teens 15 or older;iQIYI Subscription (sub)           Wavve Subscription
Title: Snow White and the Water Travel Agency;Episodes: 5;2023;Aired: May 19, 2023 - Jun 16, 2023;Original Network:;;Content Rating: Not Yet Rated;
Title: One Day Off;Episodes: 8;2023;Aired: May 24, 2023 - May 31, 2023;Original Network:  Wavve;;Content Rating: G - All Ages;Viki Subscription (sub)           Lemino Subscription            Prime Video Subscription (sub)           Roku Subscription            Kocowa Subscription (sub)
Title: Delightfully Deceitful;Episodes: 16;2023;Aired: May 29, 2023 - Jul 18, 2023;Original Network:  tvN;;Content Rating: 15+ - Teens 15 or older;Apple TV Subscription            TVING Subscription            Netflix Subscription (sub)           Prime Video Subscription (sub)
Title: That Is How We Are;Episodes: 5;2023;Aired: May 31, 2023 - Jul  5, 2023;Original Network:;;Content Rating: Not Yet Rated;
Title: Battle for Happiness;Episodes: 16;2023;Aired: May 31, 2023 - Jul 20, 2023;Original Network:  ENA;;Content Rating: Not Yet Rated;Prime Video Subscription (sub)           Viki Free (sub)           Lemino Subscription
Title: Bitch X Rich;Episodes: 10;2023;Aired: May 31, 2023 - Jun 28, 2023;Original Network:  Wavve;;Content Rating: 15+ - Teens 15 or older;iQIYI Subscription            Netflix Subscription (sub)           Wavve Subscription            Viki Free (sub)
Title: Moon in the Day;Episodes: 14;2023;Aired: Nov  1, 2023 - Dec 14, 2023;Original Network:  ENA,  Genie TV;;Content Rating: 15+ - Teens 15 or older;Viki Subscription (sub)           TVING Subscription
Title: Daily Dose of Sunshine;Episodes: 12;2023;Aired: Nov  3, 2023;Original Network:  Netflix;;Content Rating: 15+ - Teens 15 or older;Netflix Subscription
Title: Vigilante;Episodes: 8;2023;Aired: Nov  8, 2023 - Nov 29, 2023;Original Network:  Disney+;;Content Rating: 18+ Restricted (violence & profanity);Disney+ Subscription (sub)           Hulu Subscription (sub)
Title: A Breeze of Love;Episodes: 8;2023;Aired: Nov 10, 2023;Original Network:;;Content Rating: 13+ - Teens 13 or older;iQIYI Subscription (sub)
Title: You and Me;Episodes: 1;2023;Aired: Nov 11, 2023;Original Network:  MBN;;Content Rating: 15+ - Teens 15 or older;
Title: Korea-Khitan War;Episodes: 32;2023;Aired: Nov 11, 2023 - Mar 10, 2024;Original Network:  KBS2;;Content Rating: 15+ - Teens 15 or older;Apple TV Subscription            Netflix Subscription            Viki Subscription (sub)           Prime Video Subscription (sub)           Kocowa Subscription
Title: Persona: Sulli;Episodes: 2;2023;Aired: Nov 13, 2023;Original Network:  Netflix;;Content Rating: 13+ - Teens 13 or older;Netflix Subscription (sub)
Title: Youth on the Road;Episodes: 3;2023;Aired: Nov 16, 2023 - Nov 30, 2023;Original Network:;;Content Rating: Not Yet Rated;KOK TV Free (sub)
Title: Secret Playlist;Episodes: 8;2023;Aired: Nov 18, 2023 - Dec  9, 2023;Original Network:  TVING;;Content Rating: 15+ - Teens 15 or older;TVING Subscription
Title: A Bloody Lucky Day;Episodes: 10;2023;Aired: Nov 20, 2023 - Dec  8, 2023;Original Network:  TVING,  tvN;;Content Rating: 18+ Restricted (violence & profanity);Disney+ Hotstar Subscription            TVING Subscription            Prime Video Subscription (sub)
Title: Boyhood;Episodes: 10;2023;Aired: Nov 24, 2023 - Dec 22, 2023;Original Network:  COUPANG TV;;Content Rating: Not Yet Rated;Tubi Free (sub)           Viki Subscription (sub)           Prime Video Purchase (sub)
Title: The Story of Park's Marriage Contract;Episodes: 12;2023;Aired: Nov 24, 2023 - Jan  6, 2024;Original Network:  MBC;;Content Rating: 15+ - Teens 15 or older;Wavve Subscription (sub)           Viki Subscription (sub)
Title: My Demon;Episodes: 16;2023;Aired: Nov 24, 2023 - Jan 20, 2024;Original Network:  SBS;;Content Rating: 15+ - Teens 15 or older;Netflix Subscription (sub)
Title: Bronze? Gold! Season 2;Episodes: 10;2023;Aired: Nov 26, 2023 - Dec 18, 2023;Original Network:;;Content Rating: Not Yet Rated;
Title: Tell Me That You Love Me;Episodes: 16;2023;Aired: Nov 27, 2023 - Jan 16, 2024;Original Network:  ENA,  Genie TV;;Content Rating: 15+ - Teens 15 or older;Disney+ Hotstar Subscription (sub)           Disney+ Subscription (sub)           Hulu Subscription (sub)
Title: Only You, My First Love;Episodes: 8;2023;Aired: Nov 30, 2023 - Dec 29, 2023;Original Network:;;Content Rating: Not Yet Rated;
Title: Journey to Mirae;Episodes: 5;2023;Aired: Oct  6, 2023 - Nov  3, 2023;Original Network:;;Content Rating: Not Yet Rated;
Title: The Deal;Episodes: 8;2023;Aired: Oct  6, 2023 - Oct 27, 2023;Original Network:  Wavve;;Content Rating: 15+ - Teens 15 or older;Wavve Subscription            Viki Subscription (sub)
Title: Strong Girl Nam Soon;Episodes: 16;2023;Aired: Oct  7, 2023 - Nov 26, 2023;Original Network:  jTBC;;Content Rating: 15+ - Teens 15 or older;Netflix Subscription            TVING Subscription
Title: A Good Day to Be a Dog;Episodes: 14;2023;Aired: Oct 11, 2023 - Jan 10, 2024;Original Network:  MBC;;Content Rating: 15+ - Teens 15 or older;Viki Subscription (sub)           Netflix Subscription (sub)
Title: Because We Are Different;Episodes: 5;2023;Aired: Oct 11, 2023 - Nov  8, 2023;Original Network:;;Content Rating: Not Yet Rated;
Title: Golf's True Colors;Episodes: 6;2023;Aired: Oct 12, 2023 - Jan  2, 2024;Original Network:;;Content Rating: Not Yet Rated;
Title: My Dearest Part 2;Episodes: 11;2023;Aired: Oct 13, 2023 - Nov 18, 2023;Original Network:  MBC;;Content Rating: 15+ - Teens 15 or older;Viki Subscription (sub)           Wavve Subscription            Prime Video Subscription (sub)           Netflix Subscription (sub)           Kocowa Subscription (sub)
Title: KBS Drama Special 2023;Episodes: 10;2023;Aired: Oct 14, 2023 - Dec 16, 2023;Original Network:  KBS2;;Content Rating: 15+ - Teens 15 or older;Prime Video Subscription            Wavve Subscription            Kocowa Subscription
Title: Evilive;Episodes: 10;2023;Aired: Oct 14, 2023 - Nov 13, 2023;Original Network:  ENA,  Genie TV;;Content Rating: 18+ Restricted (violence & profanity);Roku Free
Title: Bump Up Business;Episodes: 8;2023;Aired: Oct 20, 2023;Original Network: iQIYI;;Content Rating: 15+ - Teens 15 or older;iQIYI Subscription (sub)
Title: Doona!;Episodes: 9;2023;Aired: Oct 20, 2023;Original Network:  Netflix;;Content Rating: 15+ - Teens 15 or older;Netflix Subscription (sub)
Title: The Third Marriage;Episodes: 132;2023;Aired: Oct 23, 2023 - May  3, 2024;Original Network:  MBC;;Content Rating: 15+ - Teens 15 or older;Viki Subscription (sub)           Prime Video Subscription (sub)           Roku Subscription            Kocowa Subscription
Title: Epilogue;Episodes: 4;2023;Aired: Oct 23, 2023 - Nov  4, 2023;Original Network:  Naver TV;;Content Rating: Not Yet Rated;
Title: High Cookie;Episodes: 20;2023;Aired: Oct 23, 2023 - Nov 23, 2023;Original Network:  U+ Mobile TV;;Content Rating: 18+ Restricted (violence & profanity);Netflix Subscription
Title: Castaway Diva;Episodes: 12;2023;Aired: Oct 28, 2023 - Dec  3, 2023;Original Network:  tvN;;Content Rating: 15+ - Teens 15 or older;Netflix Subscription (sub)           TVING Subscription (sub)
Title: Perfect Marriage Revenge;Episodes: 12;2023;Aired: Oct 28, 2023 - Dec  3, 2023;Original Network:  MBN;;Content Rating: 15+ - Teens 15 or older;Viki Subscription (sub)           TVING Subscription (sub)           Wavve Subscription (sub)           Netflix Subscription (sub)
Title: The Matchmakers;Episodes: 16;2023;Aired: Oct 30, 2023 - Dec 25, 2023;Original Network:  KBS2;;Content Rating: 15+ - Teens 15 or older;Viki Subscription (sub)           Wavve Subscription            Netflix Subscription (sub)
Title: AI;Episodes: 4;2023;Aired: Sep  3, 2023 - Sep 24, 2023;Original Network:;;Content Rating: Not Yet Rated;
Title: Bronze? Gold!;Episodes: 10;2023;Aired: Sep  7, 2023 - Nov  9, 2023;Original Network:;;Content Rating: Not Yet Rated;
Title: A Time Called You;Episodes: 12;2023;Aired: Sep  8, 2023;Original Network:  Netflix;;Content Rating: 15+ - Teens 15 or older;Netflix Subscription
Title: Arthdal Chronicles: The Sword of Aramun;Episodes: 12;2023;Aired: Sep  9, 2023 - Oct 22, 2023;Original Network:  tvN;;Content Rating: 15+ - Teens 15 or older;Disney+ Subscription (sub)           TVING Subscription            Hulu Subscription (sub)
Title: The Kidnapping Day;Episodes: 12;2023;Aired: Sep 13, 2023 - Oct 25, 2023;Original Network:  ENA;;Content Rating: 15+ - Teens 15 or older;Apple TV Subscription (sub)           Prime Video Subscription (sub)           TVING Subscription
Title: Han River Police;Episodes: 6;2023;Aired: Sep 13, 2023 - Sep 27, 2023;Original Network:  Disney+;;Content Rating: 15+ - Teens 15 or older;Disney+ Subscription (sub)           Disney+ Hotstar Subscription (sub)           Hulu Subscription (sub)
Title: The Escape of the Seven: War for Survival;Episodes: 17;2023;Aired: Sep 15, 2023 - Nov 17, 2023;Original Network:  SBS,  SBS Plus;;Content Rating: 15+ - Teens 15 or older;Wavve Subscription (sub)           Viki Subscription (sub)           Prime Video Subscription (sub)           Kocowa Subscription (sub)
Title: CEO-dol Mart;Episodes: 10;2023;Aired: Sep 15, 2023 - Oct 13, 2023;Original Network:  TVING;;Content Rating: 15+ - Teens 15 or older;Viki Subscription (sub)           TVING Subscription
Title: Couple Scandal Season 2;Episodes: 12;2023;Aired: Sep 16, 2023 - Dec  2, 2023;Original Network:;;Content Rating: 15+ - Teens 15 or older;Apple TV Subscription
Title: Live Your Own Life;Episodes: 51;2023;Aired: Sep 16, 2023 - Mar 17, 2024;Original Network:  KBS2;;Content Rating: 15+ - Teens 15 or older;Apple TV Subscription            Viki Subscription (sub)           KBS World Free (sub)           Prime Video Subscription (sub)           Kocowa Subscription (sub)
Title: Unpredictable Family;Episodes: 131;2023;Aired: Sep 18, 2023 - Mar 22, 2024;Original Network:  KBS1;;Content Rating: Not Yet Rated;KBS World Free (sub)           Prime Video Subscription (sub)           Roku Subscription            Kocowa Subscription (sub)
Title: My Sister Season 2;Episodes: 5;2023;Aired: Sep 20, 2023 - Nov 19, 2023;Original Network:;;Content Rating: Not Yet Rated;CheezeFilm Free (sub)
Title: Song of the Bandits;Episodes: 9;2023;Aired: Sep 22, 2023;Original Network:;;Content Rating: 18+ Restricted (violence & profanity);Netflix Subscription
Title: Mokojji Kitchen 2023;Episodes: 5;2023;Aired: Sep 22, 2023 - Oct 20, 2023;Original Network:;;Content Rating: 13+ - Teens 13 or older;
Title: Twinkling Watermelon;Episodes: 16;2023;Aired: Sep 25, 2023 - Nov 14, 2023;Original Network:  tvN;;Content Rating: 15+ - Teens 15 or older;Viki Subscription (sub)           TVING Subscription (sub)           Netflix Subscription (sub)
Title: Convenience Store Bejjangi;Episodes: 15;2023;Aired: Sep 25, 2023 - Oct 18, 2023;Original Network:;;Content Rating: Not Yet Rated;
Title: Fling;Episodes: 2;2023;Aired: Sep 26, 2023 - Oct 27, 2023;Original Network:;;Content Rating: Not Yet Rated;
Title: Bon Appetit;Episodes: 8;2023;Aired: Sep 27, 2023;Original Network:;;Content Rating: Not Yet Rated;iQIYI Subscription (sub)           Wavve Subscription
Title: The Worst of Evil;Episodes: 12;2023;Aired: Sep 27, 2023 - Oct 25, 2023;Original Network:  Disney+;;Content Rating: 18+ Restricted (violence & profanity);Disney+ Subscription (sub)           Disney+ Hotstar Subscription (sub)           Hulu Subscription (sub)
Title: Ridiculous, but the Law of Maintenance;Episodes: 8;2023;Aired: Sep 30, 2023 - Oct 13, 2023;Original Network:;;Content Rating: Not Yet Rated;
Title: Love Is Like a Cat;Episodes: 12;2024;Aired: Apr  1, 2024 - May  6, 2024;Original Network:  Viki;;Content Rating: Not Yet Rated;Viki Subscription (sub)
Title: K-Drama Ramen;Episodes: 6;2024;Aired: Apr  3, 2024 - May  8, 2024;Original Network:;;Content Rating: Not Yet Rated;
Title: Parasyte: The Grey;Episodes: 6;2024;Aired: Apr  5, 2024;Original Network:  Netflix;;Content Rating: 18+ Restricted (violence & profanity);Netflix Subscription
Title: What's Up?;Episodes: 10;2024;Aired: Apr  7, 2024 - Jun  9, 2024;Original Network:;;Content Rating: Not Yet Rated;
Title: Lovely Runner;Episodes: 16;2024;Aired: Apr  8, 2024 - May 28, 2024;Original Network:  tvN;;Content Rating: 15+ - Teens 15 or older;Apple TV Subscription (sub)           Viki Subscription (sub)           TVING Subscription (sub)           Netflix Subscription
Title: Reunion Counseling;Episodes: 8;2024;Aired: Apr  9, 2024 - May 28, 2024;Original Network:  KBS N;;Content Rating: Not Yet Rated;KBS World Free
Title: Blood Free;Episodes: 10;2024;Aired: Apr 10, 2024 - May  8, 2024;Original Network:  Disney+;;Content Rating: 15+ - Teens 15 or older;Disney+ Subscription            Hulu Subscription
Title: Gray Shelter;Episodes: 5;2024;Aired: Apr 11, 2024 - Apr 25, 2024;Original Network:  Heavenly;;Content Rating: 15+ - Teens 15 or older;iQIYI Subscription (sub)
Title: Under the Gun;Episodes: 6;2024;Aired: Apr 12, 2024 - Apr 26, 2024;Original Network:  Lifetime;;Content Rating: 18+ Restricted (violence & profanity);Viki Subscription (sub)
Title: Missing Crown Prince;Episodes: 20;2024;Aired: Apr 13, 2024 - Jun 16, 2024;Original Network:  MBN;;Content Rating: 15+ - Teens 15 or older;Viki Subscription (sub)           TVING Subscription
Title: Blue Boys;Episodes: 4;2024;Aired: Apr 15, 2024 - May  9, 2024;Original Network:  YouTube (SUKFILM);;Content Rating: Not Yet Rated;
Title: Lonely Girls;Episodes: 4;2024;Aired: Apr 16, 2024 - May 13, 2024;Original Network:  YouTube (SUKFILM);;Content Rating: Not Yet Rated;
Title: Chief Detective 1958;Episodes: 10;2024;Aired: Apr 19, 2024 - May 18, 2024;Original Network:  MBC;;Content Rating: 15+ - Teens 15 or older;Disney+ Subscription (sub)           Wavve Subscription            Hulu Subscription (sub)
Title: Boys Be Brave!;Episodes: 8;2024;Aired: Apr 25, 2024 - May 16, 2024;Original Network:  Heavenly;;Content Rating: 15+ - Teens 15 or older;Viki Subscription (sub)
Title: Goodbye Earth;Episodes: 12;2024;Aired: Apr 26, 2024;Original Network:  Netflix;;Content Rating: 15+ - Teens 15 or older;Netflix Subscription (sub)
Title: Fake Buddies;Episodes: 7;2024;Aired: Apr 27, 2024 - Jun 29, 2024;Original Network:  YouTube (GND STUDIO);;Content Rating: Not Yet Rated;
Title: The Chairman Is Level 9;Episodes: 12;2024;Aired: Apr 29, 2024 - Jun  3, 2024;Original Network:  Wavve;;Content Rating: 18+ Restricted (violence & profanity);Wavve Subscription            Viki Subscription (sub)           Prime Video Subscription (sub)           Roku Subscription            Kocowa Subscription
Title: Secret Ingredient;Episodes: 6;2024;Aired: Apr 30, 2024 - Jun  4, 2024;Original Network:  Viu;;Content Rating: 13+ - Teens 13 or older;
Title: Begins Youth;Episodes: 12;2024;Aired: Apr 30, 2024 - May 14, 2024;Original Network:  Xclusive;;Content Rating: 15+ - Teens 15 or older;
Title: Real-Life Dating 101;Episodes: 52;2024;Aired: Aug  1, 2024;Original Network:  Vigloo;;Content Rating: 15+ - Teens 15 or older;
Title: Bad Memory Eraser;Episodes: 16;2024;Aired: Aug  2, 2024 - Sep 21, 2024;Original Network:  MBN;;Content Rating: 15+ - Teens 15 or older;Viki Subscription (sub)           TVING Subscription
Title: Love Andante;Episodes: 8;2024;Aired: Aug  7, 2024 - Aug 29, 2024;Original Network:  TVING;;Content Rating: 15+ - Teens 15 or older;Prime Video Subscription (sub)           Roku Subscription            Kocowa Subscription (sub)
Title: Romance in the House;Episodes: 12;2024;Aired: Aug 10, 2024 - Sep 15, 2024;Original Network:  jTBC;;Content Rating: 15+ - Teens 15 or older;TVING Subscription (sub)           Netflix Subscription (sub)
Title: Your Honor;Episodes: 10;2024;Aired: Aug 12, 2024 - Sep 10, 2024;Original Network:  ENA,  Genie TV;;Content Rating: Not Yet Rated;Viki Subscription (sub)
Title: The Tyrant;Episodes: 4;2024;Aired: Aug 14, 2024;Original Network:  Disney+;;Content Rating: Not Yet Rated;Disney+ Subscription (sub)           Disney+ Hotstar Subscription (sub)           Hulu Subscription (sub)
Title: Perfect Family;Episodes: 12;2024;Aired: Aug 14, 2024 - Sep 19, 2024;Original Network:  KBS2;;Content Rating: 15+ - Teens 15 or older;Apple TV Subscription            Viki Subscription (sub)           Wavve Subscription
Title: Black Out;Episodes: 14;2024;Aired: Aug 16, 2024 - Oct  4, 2024;Original Network:  MBC;;Content Rating: 15+ - Teens 15 or older;Apple TV Subscription            Hulu Subscription (sub)           Netflix Subscription
Title: DNA Lover;Episodes: 16;2024;Aired: Aug 17, 2024 - Oct  6, 2024;Original Network:  TV Chosun;;Content Rating: Not Yet Rated;TVING Subscription (sub)           Viki Subscription (sub)           Wavve Subscription
Title: Love Next Door;Episodes: 16;2024;Aired: Aug 17, 2024 - Oct  6, 2024;Original Network:  tvN;;Content Rating: 15+ - Teens 15 or older;TVING Subscription (sub)           Netflix Subscription (sub)
Title: En-Drama;Episodes: 9;2024;Aired: Aug 22, 2024 - Sep 19, 2024;Original Network:  Prime VIdeo;;Content Rating: G - All Ages;Prime Video Subscription            Kocowa Subscription (sub)
Title: The Frog;Episodes: 8;2024;Aired: Aug 23, 2024;Original Network:  Netflix;;Content Rating: 15+ - Teens 15 or older;Netflix Subscription
Title: Pachinko Season 2;Episodes: 8;2024;Aired: Aug 23, 2024 - Oct 11, 2024;Original Network:  Apple TV;;Content Rating: Not Yet Rated;Apple TV Subscription (sub)
Title: Cinderella at 2 AM;Episodes: 10;2024;Aired: Aug 24, 2024 - Sep 22, 2024;Original Network:  Channel A,  COUPANG TV;;Content Rating: 15+ - Teens 15 or older;Viki Subscription (sub)
Title: No Gain, No Love;Episodes: 12;2024;Aired: Aug 26, 2024 - Oct  1, 2024;Original Network:  TVING,  tvN;;Content Rating: 15+ - Teens 15 or older;Apple TV Subscription (sub)           TVING Subscription (sub)           Prime Video Subscription (sub)
Title: Timetable;Episodes: 5;2024;Aired: Aug 28, 2024 - Sep 25, 2024;Original Network:  YouTube;;Content Rating: 13+ - Teens 13 or older;
Title: Queen Woo;Episodes: 8;2024;Aired: Aug 29, 2024 - Sep 12, 2024;Original Network:  TVING;;Content Rating: 18+ Restricted (violence & profanity);Apple TV Subscription            TVING Subscription            Paramount+ Subscription (sub)           Prime Video Subscription (sub)           Roku Subscription
Title: Cinderella Game;Episodes: 101;2024;Aired: Dec  2, 2024 - Apr 25, 2025;Original Network:  KBS2;;Content Rating: 15+ - Teens 15 or older;Apple TV Subscription (sub)           Viki Subscription (sub)           Wavve Subscription            KBS World Free (sub)           Prime Video Subscription (sub)           Kocowa Subscription
Title: Light Shop;Episodes: 8;2024;Aired: Dec  4, 2024 - Dec 18, 2024;Original Network:  Disney+;;Content Rating: 15+ - Teens 15 or older;Disney+ Subscription            Hulu Subscription (sub)
Title: Sorry Not Sorry;Episodes: 12;2024;Aired: Dec  5, 2024 - Feb 27, 2025;Original Network:  KBS Joy;;Content Rating: 15+ - Teens 15 or older;Wavve Subscription            Kocowa Subscription
Title: Ready to Beat;Episodes: 53;2024;Aired: Dec 17, 2024 - 2025;Original Network:;;Content Rating: Not Yet Rated;
Title: When the Silver Bell Rings;Episodes: 4;2024;Aired: Dec 18, 2024 - Dec 21, 2024;Original Network:  U+ Mobile TV;;Content Rating: 15+ - Teens 15 or older;
Title: Who Is She!;Episodes: 12;2024;Aired: Dec 18, 2024 - Jan 23, 2025;Original Network:  KBS2;;Content Rating: Not Yet Rated;Wavve Subscription            Viki Subscription            Kocowa Subscription (sub)
Title: Check in Hanyang;Episodes: 16;2024;Aired: Dec 21, 2024 - Feb  9, 2025;Original Network:  Channel A;;Content Rating: 15+ - Teens 15 or older;Wavve Subscription (sub)           Viki Subscription (sub)           Netflix Subscription (sub)           TVING Subscription
Title: Namib;Episodes: 12;2024;Aired: Dec 23, 2024 - Jan 28, 2025;Original Network:  ENA;;Content Rating: 15+ - Teens 15 or older;Viki Subscription
Title: Squid Game Season 2;Episodes: 7;2024;Aired: Dec 26, 2024;Original Network:  Netflix;;Content Rating: 18+ Restricted (violence & profanity);Netflix Subscription (sub)
Title: First Love;Episodes: 6;2024;Aired: Dec 30, 2024 - Feb  3, 2025;Original Network:  U+ Mobile TV;;Content Rating: Not Yet Rated;
Title: Branding in Seongsu;Episodes: 24;2024;Aired: Feb  5, 2024 - Mar 14, 2024;Original Network:  U+ Mobile TV;;Content Rating: Not Yet Rated;Viki Subscription (sub)
Title: Mi Na, Did You Change Your Profile Picture Again?;Episodes: 7;2024;Aired: Feb  7, 2024;Original Network:  Watcha;;Content Rating: 15+ - Teens 15 or older;
Title: A Killer Paradox;Episodes: 8;2024;Aired: Feb  9, 2024;Original Network:  Netflix;;Content Rating: 18+ Restricted (violence & profanity);Netflix Subscription (sub)
Title: AI Ari;Episodes: 5;2024;Aired: Feb 24, 2024 - Mar 26, 2024;Original Network:;;Content Rating: Not Yet Rated;
Title: Wedding Impossible;Episodes: 12;2024;Aired: Feb 26, 2024 - Apr  2, 2024;Original Network:  tvN;;Content Rating: 15+ - Teens 15 or older;Apple TV Subscription            Viki Subscription (sub)           TVING Subscription (sub)           Prime Video Subscription (sub)           Netflix Subscription (sub)
Title: The Impossible Heir;Episodes: 12;2024;Aired: Feb 28, 2024 - Apr  3, 2024;Original Network:  Disney+;;Content Rating: 15+ - Teens 15 or older;Disney+ Hotstar Subscription (sub)           Hulu Subscription
Title: Pyramid Game;Episodes: 10;2024;Aired: Feb 29, 2024 - Mar 21, 2024;Original Network:  TVING;;Content Rating: 15+ - Teens 15 or older;Apple TV Subscription            Disney+ Hotstar Subscription            TVING Subscription
Title: Marry My Husband;Episodes: 16;2024;Aired: Jan  1, 2024 - Feb 20, 2024;Original Network:  tvN;;Content Rating: 15+ - Teens 15 or older;Apple TV Subscription (sub)           TVING Subscription (sub)           Prime Video Subscription (sub)
Title: Love Song for Illusion;Episodes: 16;2024;Aired: Jan  2, 2024 - Feb 27, 2024;Original Network:  KBS2;;Content Rating: 15+ - Teens 15 or older;Viki Subscription (sub)           Hulu Subscription (sub)
Title: Death's Game Part 2;Episodes: 4;2024;Aired: Jan  5, 2024;Original Network:  TVING;;Content Rating: 18+ Restricted (violence & profanity);Prime Video Subscription (sub)           TVING Subscription (sub)
Title: Everyone, at Least Once Season 2;Episodes: 5;2024;Aired: Jan  7, 2024 - Mar  4, 2024;Original Network:;;Content Rating: Not Yet Rated;
Title: Knight Flower;Episodes: 12;2024;Aired: Jan 12, 2024 - Feb 17, 2024;Original Network:  MBC;;Content Rating: Not Yet Rated;Apple TV Subscription            Viki Subscription (sub)           Prime Video Purchase (sub)           Netflix Subscription (sub)           Kocowa Subscription
Title: A Shop for Killers;Episodes: 8;2024;Aired: Jan 17, 2024 - Feb  7, 2024;Original Network:  Disney+;;Content Rating: 18+ Restricted (violence & profanity);Disney+ Subscription (sub)           Disney+ Hotstar Subscription (sub)           Hulu Subscription (sub)
Title: The Bequeathed;Episodes: 6;2024;Aired: Jan 19, 2024;Original Network:  Netflix;;Content Rating: 15+ - Teens 15 or older;Netflix Subscription
Title: LTNS;Episodes: 6;2024;Aired: Jan 19, 2024 - Feb  1, 2024;Original Network:  TVING;;Content Rating: 18+ Restricted (violence & profanity);Apple TV Subscription            TVING Subscription (sub)           Viki Subscription (sub)
Title: Captivating the King;Episodes: 16;2024;Aired: Jan 21, 2024 - Mar  3, 2024;Original Network:  TVING,  tvN;;Content Rating: 15+ - Teens 15 or older;TVING Subscription (sub)           Netflix Subscription (sub)
Title: The Debut Team;Episodes: 16;2024;Aired: Jan 21, 2024 - May  5, 2024;Original Network:;;Content Rating: Not Yet Rated;
Title: The Two Sisters;Episodes: 104;2024;Aired: Jan 22, 2024 - Jun 14, 2024;Original Network:  KBS2;;Content Rating: 15+ - Teens 15 or older;Apple TV Subscription            Wavve Subscription            KBS World Free (sub)           Prime Video Subscription (sub)           Kocowa Subscription (sub)
Title: Love for Love's Sake;Episodes: 8;2024;Aired: Jan 24, 2024 - Feb  1, 2024;Original Network:  Heavenly;;Content Rating: 15+ - Teens 15 or older;iQIYI Subscription (sub)           Wavve Subscription            TVING Subscription            Netflix Subscription
Title: Flex X Cop;Episodes: 16;2024;Aired: Jan 26, 2024 - Mar 23, 2024;Original Network:  SBS;;Content Rating: 15+ - Teens 15 or older;Disney+ Hotstar Subscription (sub)           Disney+ Subscription (sub)           Wavve Subscription            Hulu Subscription (sub)
Title: Doctor Slump;Episodes: 16;2024;Aired: Jan 27, 2024 - Mar 17, 2024;Original Network:  jTBC;;Content Rating: 15+ - Teens 15 or older;TVING Subscription            Netflix Subscription (sub)
Title: Our Love Triangle;Episodes: 10;2024;Aired: Jan 30, 2024 - Mar  1, 2024;Original Network:  YouTube;;Content Rating: 15+ - Teens 15 or older;Viki Subscription (sub)
Title: Cats Dream;Episodes: 8;2024;Aired: Jan 31, 2024;Original Network:  Wavve;;Content Rating: Not Yet Rated;
Title: Queen of Divorce;Episodes: 12;2024;Aired: Jan 31, 2024 - Mar  7, 2024;Original Network:  jTBC;;Content Rating: 15+ - Teens 15 or older;Viki Subscription (sub)           Prime Video Subscription            Kocowa Subscription (sub)
Title: Red Swan;Episodes: 10;2024;Aired: Jul  3, 2024 - Jul 31, 2024;Original Network:  Disney+;;Content Rating: 15+ - Teens 15 or older;Disney+ Subscription (sub)           Disney+ Hotstar Subscription (sub)           Hulu Subscription (sub)
Title: The Auditors;Episodes: 12;2024;Aired: Jul  6, 2024 - Aug 11, 2024;Original Network:  tvN;;Content Rating: 15+ - Teens 15 or older;Apple TV Subscription            TVING Subscription (sub)           Viki Subscription            Netflix Subscription            Prime Video Subscription (sub)
Title: Good Partner;Episodes: 16;2024;Aired: Jul 12, 2024 - Sep 20, 2024;Original Network:  SBS;;Content Rating: 15+ - Teens 15 or older;Apple TV Subscription            Wavve Subscription (sub)           Viki Subscription (sub)           Netflix Subscription (sub)
Title: Tarot;Episodes: 7;2024;Aired: Jul 15, 2024 - Aug  5, 2024;Original Network:  U+ Mobile TV;;Content Rating: 18+ Restricted (violence & profanity);
Title: Sweet Home Season 3;Episodes: 8;2024;Aired: Jul 19, 2024;Original Network:  Netflix;;Content Rating: 18+ Restricted (violence & profanity);Netflix Subscription (sub)
Title: Bad Guy;Episodes: 4;2024;Aired: Jul 20, 2024 - Aug  5, 2024;Original Network:  YouTube (SUKFILM);;Content Rating: Not Yet Rated;
Title: Serendipity's Embrace;Episodes: 8;2024;Aired: Jul 22, 2024 - Aug 13, 2024;Original Network:  tvN;;Content Rating: 15+ - Teens 15 or older;Viki Subscription (sub)           TVING Subscription
Title: No Way Out: The Roulette;Episodes: 8;2024;Aired: Jul 31, 2024 - Aug 21, 2024;Original Network:  U+ Mobile TV;;Content Rating: Not Yet Rated;Disney+ Hotstar Subscription (sub)           Hulu Subscription (sub)
Title: The Player 2: Master of Swindlers;Episodes: 12;2024;Aired: Jun  3, 2024 - Jul  9, 2024;Original Network:  tvN;;Content Rating: 15+ - Teens 15 or older;Viki Subscription (sub)           TVING Subscription (sub)
Title: Drunken Talk;Episodes: 2;2024;Aired: Jun  5, 2024 - Jun  8, 2024;Original Network:;;Content Rating: Not Yet Rated;
Title: Hierarchy;Episodes: 7;2024;Aired: Jun  7, 2024;Original Network:  Netflix;;Content Rating: 15+ - Teens 15 or older;Netflix Subscription (sub)
Title: My Military Valentine;Episodes: 12;2024;Aired: Jun  7, 2024 - Jul 12, 2024;Original Network:  jTBC;;Content Rating: 15+ - Teens 15 or older;Apple TV Subscription (sub)           Viki Subscription (sub)
Title: My Friend’s Graduation Ceremony;Episodes: 8;2024;Aired: Jun 10, 2024;Original Network:  Kocowa+;;Content Rating: 13+ - Teens 13 or older;Kocowa Subscription (sub)
Title: My Sweet Mobster;Episodes: 16;2024;Aired: Jun 12, 2024 - Aug  1, 2024;Original Network:  jTBC;;Content Rating: 15+ - Teens 15 or older;TVING Subscription (sub)           Viki Subscription (sub)
Title: Miss Night and Day;Episodes: 16;2024;Aired: Jun 15, 2024 - Aug  4, 2024;Original Network:  jTBC;;Content Rating: 15+ - Teens 15 or older;Netflix Subscription (sub)           TVING Subscription
Title: Blue Boys Part 2;Episodes: 4;2024;Aired: Jun 15, 2024 - Jul  3, 2024;Original Network:  YouTube (SUKFILM);;Content Rating: Not Yet Rated;
Title: Snow White's Revenge;Episodes: 102;2024;Aired: Jun 17, 2024 - Nov 29, 2024;Original Network:  KBS2;;Content Rating: 15+ - Teens 15 or older;Viki Subscription (sub)           KBS World Free (sub)           Prime Video Subscription (sub)           Roku Subscription            Kocowa Subscription (sub)
Title: Romance Supplement;Episodes: 4;2024;Aired: Jun 21, 2024 - Jul 19, 2024;Original Network:;;Content Rating: Not Yet Rated;
Title: The Whirlwind;Episodes: 12;2024;Aired: Jun 28, 2024;Original Network:  Netflix;;Content Rating: 15+ - Teens 15 or older;Netflix Subscription (sub)
Title: Wonderful World;Episodes: 14;2024;Aired: Mar  1, 2024 - Apr 13, 2024;Original Network:  MBC;;Content Rating: 15+ - Teens 15 or older;Apple TV Subscription            Disney+ Hotstar Subscription (sub)           Disney+ Subscription (sub)           Wavve Subscription            Hulu Subscription (sub)
Title: Queen of Tears;Episodes: 16;2024;Aired: Mar  9, 2024 - Apr 28, 2024;Original Network:  tvN;;Content Rating: 15+ - Teens 15 or older;Netflix Subscription (sub)           TVING Subscription
Title: The Midnight Studio;Episodes: 16;2024;Aired: Mar 11, 2024 - May  6, 2024;Original Network:  ENA,  Genie TV;;Content Rating: 15+ - Teens 15 or older;Viki Subscription (sub)
Title: Office Some;Episodes: 2;2024;Aired: Mar 12, 2024 - Apr  3, 2024;Original Network:  YouTube (SUKFILM);;Content Rating: Not Yet Rated;
Title: Four Lords: The Destiny Changer;Episodes: 6;2024;Aired: Mar 15, 2024;Original Network:  Watcha;;Content Rating: Not Yet Rated;Apple TV Subscription
Title: Chicken Nugget;Episodes: 10;2024;Aired: Mar 15, 2024;Original Network:  Netflix;;Content Rating: 15+ - Teens 15 or older;Netflix Subscription (sub)
Title: Nothing Uncovered;Episodes: 16;2024;Aired: Mar 18, 2024 - May  7, 2024;Original Network:  KBS2;;Content Rating: 15+ - Teens 15 or older;Wavve Subscription            Viki Subscription (sub)           Netflix Subscription            Prime Video Subscription (sub)           Roku Subscription            Kocowa Subscription (sub)
Title: Hide;Episodes: 12;2024;Aired: Mar 23, 2024 - Apr 28, 2024;Original Network:  COUPANG TV,  jTBC;;Content Rating: 15+ - Teens 15 or older;Apple TV Subscription            Viki Subscription (sub)
Title: Beauty and Mr. Romantic;Episodes: 50;2024;Aired: Mar 23, 2024 - Sep 22, 2024;Original Network:  KBS2;;Content Rating: 15+ - Teens 15 or older;Viki Subscription (sub)           Wavve Subscription            Netflix Subscription            KBS World Free (sub)           Prime Video Subscription (sub)           Kocowa Subscription (sub)
Title: Su Ji & U Ri;Episodes: 128;2024;Aired: Mar 25, 2024 - Oct  4, 2024;Original Network:  KBS1;;Content Rating: 15+ - Teens 15 or older;Wavve Subscription            Viki Subscription (sub)           KBS World Free (sub)           Prime Video Subscription (sub)           Kocowa Subscription (sub)
Title: Jazz for Two;Episodes: 8;2024;Aired: Mar 26, 2024 - Mar 29, 2024;Original Network:  TVING,  Wavve;;Content Rating: 15+ - Teens 15 or older;TVING Subscription            iQIYI Subscription (sub)           Wavve Subscription
Title: The Escape of the Seven: Resurrection;Episodes: 16;2024;Aired: Mar 29, 2024 - May 18, 2024;Original Network:  SBS;;Content Rating: 15+ - Teens 15 or older;Viki Subscription (sub)           Kocowa Subscription (sub)
Title: Caffeine Romance;Episodes: 6;2024;Aired: Mar 29, 2024 - May 24, 2024;Original Network:  BiliBili;;Content Rating: Not Yet Rated;
Title: Frankly Speaking;Episodes: 12;2024;Aired: May  1, 2024 - Jun  6, 2024;Original Network:  jTBC;;Content Rating: 15+ - Teens 15 or older;Netflix Subscription (sub)           TVING Subscription (sub)
Title: The Atypical Family;Episodes: 12;2024;Aired: May  4, 2024 - Jun  9, 2024;Original Network:  jTBC;;Content Rating: 15+ - Teens 15 or older;Netflix Subscription (sub)           TVING Subscription (sub)
Title: The Brave Yong Su Jeong;Episodes: 124;2024;Aired: May  6, 2024 - Nov 15, 2024;Original Network:  MBC;;Content Rating: 15+ - Teens 15 or older;Apple TV Subscription (sub)           Viki Subscription (sub)           Prime Video Subscription (sub)           Kocowa Subscription (sub)
Title: The Midnight Romance in Hagwon;Episodes: 16;2024;Aired: May 11, 2024 - Jun 30, 2024;Original Network:  TVING,  tvN;;Content Rating: 15+ - Teens 15 or older;TVING Subscription (sub)           Viki Subscription (sub)
Title: Dare to Love Me;Episodes: 16;2024;Aired: May 13, 2024 - Jul  2, 2024;Original Network:  KBS2;;Content Rating: Not Yet Rated;Wavve Subscription (sub)           Netflix Subscription (sub)           Viki Subscription (sub)
Title: Crash;Episodes: 12;2024;Aired: May 13, 2024 - Jun 18, 2024;Original Network:  ENA;;Content Rating: 15+ - Teens 15 or older;Disney+ Hotstar Subscription (sub)           Hulu Subscription
Title: Uncle Samsik;Episodes: 16;2024;Aired: May 15, 2024 - Jun 19, 2024;Original Network:  Disney+;;Content Rating: 15+ - Teens 15 or older;Disney+ Subscription            Hulu Subscription (sub)
Title: Blossom Campus;Episodes: 6;2024;Aired: May 16, 2024;Original Network:  Heavenly;;Content Rating: Not Yet Rated;iQIYI Subscription (sub)
Title: The 8 Show;Episodes: 8;2024;Aired: May 17, 2024;Original Network:  Netflix;;Content Rating: 18+ Restricted (violence & profanity);Netflix Subscription
Title: Mayfly Angel;Episodes: 4;2024;Aired: May 22, 2024 - Jun  9, 2024;Original Network:  YouTube (SUKFILM);;Content Rating: Not Yet Rated;
Title: Connection;Episodes: 14;2024;Aired: May 24, 2024 - Jul  6, 2024;Original Network:  SBS;;Content Rating: 15+ - Teens 15 or older;Apple TV Subscription            Viki Subscription (sub)           Lemino Subscription            Netflix Subscription (sub)           Prime Video Subscription (sub)           Kocowa Subscription (sub)
Title: Bitter Sweet Hell;Episodes: 12;2024;Aired: May 24, 2024 - Jun 29, 2024;Original Network:  MBC;;Content Rating: Not Yet Rated;Viki Subscription (sub)
Title: The Long and the Short Thing;Episodes: 7;2024;Aired: May 27, 2024 - Jun  2, 2024;Original Network:;;Content Rating: Not Yet Rated;
Title: High School Return of a Gangster;Episodes: 8;2024;Aired: May 29, 2024 - Jun 19, 2024;Original Network:  TVING,  Watcha,  Wavve;;Content Rating: 15+ - Teens 15 or older;TVING Subscription            Wavve Subscription
Title: Dreaming of a Freaking Fairytale;Episodes: 10;2024;Aired: May 31, 2024 - Jun 28, 2024;Original Network:  TVING;;Content Rating: 15+ - Teens 15 or older;TVING Subscription (sub)           Prime Video Subscription            Paramount+ Subscription (sub)           Roku Subscription (sub)
Title: Brewing Love;Episodes: 12;2024;Aired: Nov  4, 2024 - Dec 10, 2024;Original Network:  ENA;;Content Rating: 15+ - Teens 15 or older;Viki Subscription (sub)
Title: KBS Drama Special 2024;Episodes: 5;2024;Aired: Nov  5, 2024 - Dec 10, 2024;Original Network:  KBS2;;Content Rating: 15+ - Teens 15 or older;Viki Subscription            Kocowa Subscription
Title: Face Me;Episodes: 12;2024;Aired: Nov  6, 2024 - Dec 12, 2024;Original Network:  KBS2;;Content Rating: 15+ - Teens 15 or older;Viki Subscription (sub)           Wavve Subscription
Title: Gangnam B-Side;Episodes: 8;2024;Aired: Nov  6, 2024 - Nov 27, 2024;Original Network:  Disney+;;Content Rating: 18+ Restricted (violence & profanity);Disney+ Subscription (sub)           Hulu Subscription (sub)
Title: Mr. Plankton;Episodes: 10;2024;Aired: Nov  8, 2024;Original Network:  Netflix;;Content Rating: 15+ - Teens 15 or older;Netflix Subscription (sub)
Title: The Fiery Priest Season 2;Episodes: 12;2024;Aired: Nov  8, 2024 - Dec 27, 2024;Original Network:  SBS;;Content Rating: 15+ - Teens 15 or older;Disney+ Hotstar Subscription (sub)           Hulu Subscription (sub)
Title: Social Savvy Class 101;Episodes: 8;2024;Aired: Nov 10, 2024 - Nov 17, 2024;Original Network:  Cinema Heaven (Youtube);;Content Rating: Not Yet Rated;Viki Subscription (sub)           Netflix Subscription (sub)
Title: Ghost Cupid: Kiss Lighting;Episodes: 7;2024;Aired: Nov 13, 2024 - Dec  4, 2024;Original Network:;;Content Rating: Not Yet Rated;
Title: Marry You;Episodes: 10;2024;Aired: Nov 16, 2024 - Dec 15, 2024;Original Network:  Channel A;;Content Rating: 15+ - Teens 15 or older;Netflix Subscription            Wavve Subscription            Prime Video Subscription (sub)           Kocowa Subscription (sub)
Title: Parole Examiner Lee;Episodes: 12;2024;Aired: Nov 18, 2024 - Dec 24, 2024;Original Network:  tvN;;Content Rating: 15+ - Teens 15 or older;Viki Subscription
Title: Desperate Mrs. Seonju;Episodes: 126;2024;Aired: Nov 18, 2024 - Jun  2, 2025;Original Network:  MBC;;Content Rating: 15+ - Teens 15 or older;Viki Subscription (sub)           Wavve Subscription            Prime Video Subscription (sub)           Kocowa Subscription (sub)
Title: When the Phone Rings;Episodes: 12;2024;Aired: Nov 22, 2024 - Jan  4, 2025;Original Network:  MBC;;Content Rating: 15+ - Teens 15 or older;Wavve Subscription            Netflix Subscription (sub)
Title: Love Your Enemy;Episodes: 12;2024;Aired: Nov 23, 2024 - Dec 29, 2024;Original Network:  tvN;;Content Rating: 15+ - Teens 15 or older;Disney+ Subscription (sub)           Viki Subscription (sub)           TVING Subscription
Title: The Trunk;Episodes: 8;2024;Aired: Nov 29, 2024;Original Network:  Netflix;;Content Rating: 18+ Restricted (violence & profanity);Netflix Subscription
Title: Family Matters;Episodes: 6;2024;Aired: Nov 29, 2024 - Dec 27, 2024;Original Network:  COUPANG TV;;Content Rating: 15+ - Teens 15 or older;Tubi Free (sub)           Viki Subscription (sub)
Title: The Tale of Lady Ok;Episodes: 16;2024;Aired: Nov 30, 2024 - Jan 26, 2025;Original Network:  jTBC;;Content Rating: 15+ - Teens 15 or older;Apple TV Subscription            Netflix Subscription            WeTV Subscription (sub)           Prime Video Subscription (sub)           Roku Subscription            Kocowa Subscription (sub)
Title: Red Whisper;Episodes: 8;2024;Aired: Oct  2, 2024 - Nov 11, 2024;Original Network:;;Content Rating: Not Yet Rated;
Title: Spice up Our Love;Episodes: 2;2024;Aired: Oct  3, 2024;Original Network:  TVING;;Content Rating: 15+ - Teens 15 or older;TVING Subscription            Prime Video Subscription
Title: Unknown, Untitled, Unmastered;Episodes: 3;2024;Aired: Oct  4, 2024 - Oct 18, 2024;Original Network:  Mnet;;Content Rating: Not Yet Rated;
Title: My Damn Business;Episodes: 7;2024;Aired: Oct  5, 2024 - Nov 16, 2024;Original Network:;;Content Rating: Not Yet Rated;
Title: My Merry Marriage;Episodes: 125;2024;Aired: Oct  7, 2024 - Apr  8, 2025;Original Network:  KBS1;;Content Rating: 15+ - Teens 15 or older;Viki Subscription (sub)           Wavve Subscription            KBS World Free (sub)           Prime Video Subscription (sub)           Roku Subscription            Kocowa Subscription (sub)
Title: Family by Choice;Episodes: 16;2024;Aired: Oct  9, 2024 - Nov 27, 2024;Original Network:  jTBC;;Content Rating: 15+ - Teens 15 or older;Viki Subscription (sub)           TVING Subscription (sub)
Title: Dong Jae, the Good or the Bastard;Episodes: 10;2024;Aired: Oct 10, 2024 - Nov  7, 2024;Original Network:  TVING,  tvN;;Content Rating: 15+ - Teens 15 or older;TVING Subscription
Title: Eccentric Romance;Episodes: 12;2024;Aired: Oct 10, 2024 - Nov 14, 2024;Original Network:  Viki;;Content Rating: 15+ - Teens 15 or older;Viki Subscription (sub)
Title: Doubt;Episodes: 10;2024;Aired: Oct 11, 2024 - Nov 15, 2024;Original Network:  MBC;;Content Rating: 15+ - Teens 15 or older;Apple TV Subscription            Netflix Subscription            Viki Subscription (sub)           Kocowa Subscription (sub)
Title: A Virtuous Business;Episodes: 12;2024;Aired: Oct 12, 2024 - Nov 17, 2024;Original Network:  jTBC;;Content Rating: 15+ - Teens 15 or older;TVING Subscription (sub)           Netflix Subscription (sub)
Title: Jeongnyeon: The Star Is Born;Episodes: 12;2024;Aired: Oct 12, 2024 - Nov 17, 2024;Original Network:  tvN;;Content Rating: Not Yet Rated;Disney+ Hotstar Subscription (sub)           Hulu Subscription (sub)
Title: Taming the Bad Boy;Episodes: 2;2024;Aired: Oct 15, 2024 - Nov 12, 2024;Original Network:  FlyingPenguin;;Content Rating: Not Yet Rated;
Title: Let Free the Curse of Taekwondo;Episodes: 8;2024;Aired: Oct 17, 2024 - Nov  7, 2024;Original Network:  Heavenly;;Content Rating: 15+ - Teens 15 or older;iQIYI Subscription (sub)           Wavve Subscription
Title: Love in the Big City;Episodes: 8;2024;Aired: Oct 21, 2024;Original Network:  TVING;;Content Rating: 18+ Restricted (violence & profanity);Viki Subscription (sub)           TVING Subscription            Wavve Subscription            Netflix Subscription
Title: What If I'm Not Just Messing?;Episodes: 2;2024;Aired: Oct 21, 2024 - Dec 23, 2024;Original Network:;;Content Rating: Not Yet Rated;
Title: Hellbound Season 2;Episodes: 6;2024;Aired: Oct 25, 2024;Original Network:  Netflix;;Content Rating: 18+ Restricted (violence & profanity);Netflix Subscription
Title: No But;Episodes: 10;2024;Aired: Sep  4, 2024 - Sep 27, 2024;Original Network:;;Content Rating: Not Yet Rated;
Title: Fragile;Episodes: 8;2024;Aired: Sep  9, 2024 - Oct 28, 2024;Original Network:  U+ Mobile TV;;Content Rating: 15+ - Teens 15 or older;Kocowa Subscription (sub)
Title: Gen AI Work;Episodes: 6;2024;Aired: Sep 11, 2024 - Oct 17, 2024;Original Network: YouTube;;Content Rating: Not Yet Rated;
Title: Seoul Busters;Episodes: 20;2024;Aired: Sep 11, 2024 - Oct 30, 2024;Original Network:  Disney+;;Content Rating: 15+ - Teens 15 or older;Disney+ Subscription            Hulu Subscription (sub)
Title: The Time of Fever;Episodes: 6;2024;Aired: Sep 12, 2024;Original Network:  iQIYI;;Content Rating: 15+ - Teens 15 or older;iQIYI Subscription (sub)           Wavve Subscription            TVING Subscription
Title: The Judge from Hell;Episodes: 14;2024;Aired: Sep 21, 2024 - Nov  2, 2024;Original Network:  SBS;;Content Rating: 15+ - Teens 15 or older;Disney+ Subscription (sub)           Wavve Subscription (sub)           Hulu Subscription (sub)
Title: Dear Hyeri;Episodes: 12;2024;Aired: Sep 23, 2024 - Oct 29, 2024;Original Network:  ENA,  Genie TV;;Content Rating: 15+ - Teens 15 or older;Viki Subscription (sub)           TVING Subscription
Title: Dog Knows Everything;Episodes: 12;2024;Aired: Sep 25, 2024 - Oct 31, 2024;Original Network:  KBS2;;Content Rating: 15+ - Teens 15 or older;Viki Subscription (sub)           Wavve Subscription            Kocowa Subscription (sub)
Title: Gyeongseong Creature Season 2;Episodes: 7;2024;Aired: Sep 27, 2024;Original Network:  Netflix;;Content Rating: 15+ - Teens 15 or older;Netflix Subscription (sub)
Title: What Comes after Love;Episodes: 6;2024;Aired: Sep 27, 2024 - Oct 25, 2024;Original Network:  COUPANG TV;;Content Rating: 13+ - Teens 13 or older;Viki Subscription (sub)
Title: Iron Family;Episodes: 36;2024;Aired: Sep 28, 2024 - Jan 26, 2025;Original Network:  KBS2;;Content Rating: 15+ - Teens 15 or older;Wavve Subscription            Viki Subscription (sub)           Prime Video Subscription            KBS World Free (sub)           Netflix Subscription (sub)           Kocowa Subscription (sub)
Title: Girlfriend in the Men's Group;Episodes: 7;2024;Aired: Jul 15, 2024;Original Network:;;Content Rating: Not Yet Rated;CheezeFilm Free
Title: Way Back Love;Episodes: 6;2025;Aired: Apr  3, 2025 - Apr 17, 2025;Original Network:  TVING;;Content Rating: 15+ - Teens 15 or older;TVING Subscription            Viki Subscription (sub)
Title: Business as Usual;Episodes: 6;2025;Aired: Apr  3, 2025 - May  8, 2025;Original Network:  Heavenly;;Content Rating: 15+ - Teens 15 or older;Viki Subscription (sub)           iQIYI Subscription (sub)           Wavve Subscription            TVING Subscription
Title: Karma;Episodes: 6;2025;Aired: Apr  4, 2025;Original Network:  Netflix;;Content Rating: 18+ Restricted (violence & profanity);Netflix Subscription (sub)
Title: Only for Fans: The Stalker;Episodes: 3;2025;Aired: Apr  6, 2025 - Apr 20, 2025;Original Network:  Flying Penguin;;Content Rating: Not Yet Rated;
Title: New Recruit Season 3;Episodes: 8;2025;Aired: Apr  7, 2025 - Apr 29, 2025;Original Network:  ENA;;Content Rating: Not Yet Rated;
Title: Crushology 101;Episodes: 12;2025;Aired: Apr 11, 2025 - May 17, 2025;Original Network:  MBC;;Content Rating: 15+ - Teens 15 or older;TVING Subscription            Viki Subscription (sub)           Wavve Subscription (sub)           Prime Video Subscription            Roku Subscription            Kocowa Subscription (sub)
Title: Resident Playbook;Episodes: 12;2025;Aired: Apr 12, 2025 - May 18, 2025;Original Network:  tvN;;Content Rating: 15+ - Teens 15 or older;TVING Subscription (sub)           Netflix Subscription (sub)
Title: Good Luck!;Episodes: 121;2025;Aired: Apr 14, 2025 - Oct  3, 2025;Original Network:  KBS1;;Content Rating: 15+ - Teens 15 or older;Apple TV Subscription (sub)           Viki Subscription (sub)           Prime Video Subscription (sub)           Kocowa Subscription (sub)
Title: Something's Not Right;Episodes: 8;2025;Aired: Apr 16, 2025 - May  8, 2025;Original Network:  Heavenly;;Content Rating: 15+ - Teens 15 or older;Viki Subscription (sub)           Wavve Subscription
Title: The Haunted Palace;Episodes: 16;2025;Aired: Apr 18, 2025 - Jun  7, 2025;Original Network:  SBS;;Content Rating: 15+ - Teens 15 or older;Viki Subscription (sub)           Netflix Subscription            Wavve Subscription
Title: First Love;Episodes: 6;2025;Aired: Apr 18, 2025 - May 23, 2025;Original Network:  U+ Mobile TV;;Content Rating: Not Yet Rated;Prime Video Subscription (sub)           Kocowa Subscription
Title: Heavenly Ever After;Episodes: 12;2025;Aired: Apr 19, 2025 - May 25, 2025;Original Network:  jTBC;;Content Rating: 15+ - Teens 15 or older;Netflix Subscription (sub)
Title: Love House;Episodes: 8;2025;Aired: Apr 23, 2025 - Jun 18, 2025;Original Network:  Lovememory;;Content Rating: Not Yet Rated;
Title: Weak Hero Class 2;Episodes: 8;2025;Aired: Apr 25, 2025;Original Network:  Netflix;;Content Rating: 18+ Restricted (violence & profanity);Netflix Subscription (sub)
Title: Queen's House;Episodes: 100;2025;Aired: Apr 28, 2025 - Sep 19, 2025;Original Network:  KBS2;;Content Rating: 15+ - Teens 15 or older;Viki Subscription (sub)           Wavve Subscription            Prime Video Subscription (sub)           Kocowa Subscription
Title: Roommate;Episodes: 8;2025;Aired: Apr 29, 2025 - Jun 17, 2025;Original Network:  QueerDeep;;Content Rating: Not Yet Rated;
Title: Pump Up the Healthy Love;Episodes: 12;2025;Aired: Apr 30, 2025 - Jun  5, 2025;Original Network:  KBS2;;Content Rating: 15+ - Teens 15 or older;Wavve Subscription            Viki Subscription (sub)
Title: Mary Kills People;Episodes: 12;2025;Aired: Aug  1, 2025 - Sep 12, 2025;Original Network:  MBC;;Content Rating: 18+ Restricted (violence & profanity);TVING Subscription
Title: On & Off;Episodes: 4;2025;Aired: Aug  2, 2025 - Aug 22, 2025;Original Network:  Sukfilm;;Content Rating: Not Yet Rated;
Title: My Lovely Journey;Episodes: 10;2025;Aired: Aug  2, 2025 - Aug 31, 2025;Original Network:  Channel A;;Content Rating: 13+ - Teens 13 or older;Viki Subscription (sub)           Netflix Subscription            Wavve Subscription            TVING Subscription
Title: Beyond the Bar;Episodes: 12;2025;Aired: Aug  2, 2025 - Sep  7, 2025;Original Network:  jTBC;;Content Rating: 15+ - Teens 15 or older;Netflix Subscription (sub)
Title: Love, Take Two;Episodes: 12;2025;Aired: Aug  4, 2025 - Sep  9, 2025;Original Network:  tvN;;Content Rating: Not Yet Rated;TVING Subscription            Viki Subscription            Wavve Subscription
Title: Our Golden Days;Episodes: 50;2025;Aired: Aug  9, 2025 - Jan 25, 2026;Original Network:  KBS2;;Content Rating: 15+ - Teens 15 or older;Viki Subscription (sub)           Wavve Subscription            Prime Video Subscription (sub)           Roku Subscription            Netflix Subscription            Kocowa Subscription
Title: The Nameless Season;Episodes: 6;2025;Aired: Aug  9, 2025 - Sep 13, 2025;Original Network:  GND;;Content Rating: Not Yet Rated;
Title: My Troublesome Star;Episodes: 12;2025;Aired: Aug 18, 2025 - Sep 23, 2025;Original Network:  ENA,  Genie TV;;Content Rating: Not Yet Rated;TVING Subscription            Viki Subscription (sub)
Title: Aema;Episodes: 6;2025;Aired: Aug 22, 2025;Original Network:  Netflix;;Content Rating: 18+ Restricted (violence & profanity);Netflix Subscription
Title: I Kill U;Episodes: 6;2025;Aired: Aug 22, 2025;Original Network:  Wavve;;Content Rating: Not Yet Rated;
Title: Twelve;Episodes: 8;2025;Aired: Aug 23, 2025 - Sep 14, 2025;Original Network:  KBS2;;Content Rating: Not Yet Rated;Disney+ Hotstar Subscription            Hulu Subscription (sub)
Title: Bon Appetit, Your Majesty;Episodes: 12;2025;Aired: Aug 23, 2025 - Sep 28, 2025;Original Network:  tvN;;Content Rating: 15+ - Teens 15 or older;TVING Subscription            Netflix Subscription (sub)
Title: The Price of Confession;Episodes: 12;2025;Aired: Dec  5, 2025;Original Network:  Netflix;;Content Rating: 18+ Restricted (violence & profanity);Netflix Subscription
Title: Surely Tomorrow;Episodes: 12;2025;Aired: Dec  6, 2025 - Jan 11, 2026;Original Network:  jTBC;;Content Rating: 15+ - Teens 15 or older;Prime Video Subscription (sub)
Title: Pro Bono;Episodes: 12;2025;Aired: Dec  6, 2025 - Jan 11, 2026;Original Network:  tvN;;Content Rating: Not Yet Rated;TVING Subscription            Netflix Subscription (sub)
Title: Love Track;Episodes: 10;2025;Aired: Dec 14, 2025 - Dec 28, 2025;Original Network:  KBS2;;Content Rating: Not Yet Rated;Wavve Subscription            Kocowa Subscription (sub)
Title: Villains;Episodes: 8;2025;Aired: Dec 18, 2025 - Jan  8, 2026;Original Network:  TVING;;Content Rating: 15+ - Teens 15 or older;TVING Subscription            HBO Max Subscription
Title: Love Me;Episodes: 12;2025;Aired: Dec 19, 2025 - Jan 23, 2026;Original Network:  jTBC;;Content Rating: 15+ - Teens 15 or older;TVING Subscription            Viki Subscription
Title: Idol I;Episodes: 12;2025;Aired: Dec 22, 2025 - Jan 27, 2026;Original Network:  ENA,  Genie TV;;Content Rating: 15+ - Teens 15 or older;Netflix Subscription (sub)           Viki Subscription (sub)           Kocowa Subscription (sub)
Title: Made in Korea;Episodes: 6;2025;Aired: Dec 24, 2025 - Jan 14, 2026;Original Network:  Disney+;;Content Rating: 15+ - Teens 15 or older;Disney+ Subscription
Title: Cashero;Episodes: 8;2025;Aired: Dec 26, 2025;Original Network:  Netflix;;Content Rating: 15+ - Teens 15 or older;Netflix Subscription
Title: For Eagle Brothers;Episodes: 54;2025;Aired: Feb  1, 2025 - Aug  3, 2025;Original Network:  KBS2;;Content Rating: 15+ - Teens 15 or older;Viki Subscription (sub)           Prime Video Subscription (sub)           Roku Subscription            Kocowa Subscription (sub)
Title: Kick Kick Kick Kick;Episodes: 12;2025;Aired: Feb  5, 2025 - Mar 13, 2025;Original Network:  KBS2;;Content Rating: Not Yet Rated;Wavve Subscription            Viki Subscription (sub)           TVING Subscription            Kocowa Subscription (sub)
Title: Heart Stain;Episodes: 8;2025;Aired: Feb  6, 2025 - Feb 27, 2025;Original Network:  Heavenly;;Content Rating: 18+ Restricted (violence & profanity);iQIYI Subscription (sub)           Wavve Subscription
Title: The Scandal of Chun Hwa;Episodes: 10;2025;Aired: Feb  6, 2025 - Mar  6, 2025;Original Network:  TVING;;Content Rating: 18+ Restricted (violence & profanity);Apple TV Subscription            TVING Subscription            Prime Video Subscription
Title: Newtopia;Episodes: 8;2025;Aired: Feb  7, 2025 - Mar 21, 2025;Original Network:  COUPANG TV;;Content Rating: 18+ Restricted (violence & profanity);Prime Video Subscription (sub)
Title: Friendly Rivalry;Episodes: 16;2025;Aired: Feb 10, 2025 - Mar  6, 2025;Original Network:  U+ Mobile TV;;Content Rating: 18+ Restricted (violence & profanity);Abema TV Subscription            Viki Subscription (sub)           TVING Subscription            Netflix Subscription (sub)           Prime Video Purchase (sub)
Title: Melo Movie;Episodes: 10;2025;Aired: Feb 14, 2025;Original Network:  Netflix;;Content Rating: 15+ - Teens 15 or older;Netflix Subscription (sub)
Title: The Witch;Episodes: 10;2025;Aired: Feb 15, 2025 - Mar 16, 2025;Original Network:  Channel A;;Content Rating: 15+ - Teens 15 or older;Viki Subscription (sub)           Netflix Subscription
Title: My Dearest Nemesis;Episodes: 12;2025;Aired: Feb 17, 2025 - Mar 24, 2025;Original Network:  tvN;;Content Rating: 15+ - Teens 15 or older;TVING Subscription            Viki Subscription (sub)
Title: Buried Hearts;Episodes: 16;2025;Aired: Feb 21, 2025 - Apr 12, 2025;Original Network:  SBS;;Content Rating: 15+ - Teens 15 or older;Disney+ Hotstar Subscription (sub)           Disney+ Subscription (sub)           Wavve Subscription (sub)           Hulu Subscription (sub)
Title: Undercover High School;Episodes: 12;2025;Aired: Feb 21, 2025 - Mar 29, 2025;Original Network:  MBC;;Content Rating: 15+ - Teens 15 or older;Wavve Subscription (sub)           Viki Subscription (sub)           TVING Subscription (sub)           Prime Video Subscription (sub)           Roku Subscription            Kocowa Subscription (sub)
Title: A+ Romance;Episodes: 3;2025;Aired: Feb 25, 2025 - Mar 10, 2025;Original Network:;;Content Rating: Not Yet Rated;
Title: Cringy Romance;Episodes: 8;2025;Aired: Feb 26, 2025 - Mar 19, 2025;Original Network:  Watcha,  Wavve;;Content Rating: 15+ - Teens 15 or older;Apple TV Subscription (sub)           Prime Video Subscription (sub)           Kocowa Subscription
Title: Secret Relationships;Episodes: 8;2025;Aired: Feb 27, 2025 - Mar 20, 2025;Original Network:  Watcha;;Content Rating: 15+ - Teens 15 or older;iQIYI Subscription (sub)           LINE TV Subscription
Title: Love Scout;Episodes: 12;2025;Aired: Jan  3, 2025 - Feb 14, 2025;Original Network:  SBS;;Content Rating: 15+ - Teens 15 or older;Apple TV Subscription            Viki Subscription (sub)           Netflix Subscription (sub)           Wavve Subscription            Lemino Subscription
Title: When the Stars Gossip;Episodes: 16;2025;Aired: Jan  4, 2025 - Feb 23, 2025;Original Network:  tvN;;Content Rating: 15+ - Teens 15 or older;TVING Subscription            Netflix Subscription (sub)
Title: The Queen Who Crowns;Episodes: 12;2025;Aired: Jan  6, 2025 - Feb 10, 2025;Original Network:  TVING,  tvN;;Content Rating: 18+ Restricted (violence & profanity);TVING Subscription            Viki Subscription
Title: Motel California;Episodes: 12;2025;Aired: Jan 10, 2025 - Feb 15, 2025;Original Network:  MBC;;Content Rating: 15+ - Teens 15 or older;Viki Subscription (sub)           Wavve Subscription
Title: Unmasked;Episodes: 12;2025;Aired: Jan 15, 2025 - Feb 19, 2025;Original Network:  Disney+;;Content Rating: 15+ - Teens 15 or older;Disney+ Subscription (sub)           Hulu Subscription (sub)
Title: Anyway Thirty;Episodes: 5;2025;Aired: Jan 16, 2025;Original Network:  DramaX;;Content Rating: G - All Ages;
Title: FC Soldout;Episodes: 8;2025;Aired: Jan 17, 2025 - Mar  7, 2025;Original Network:  iQIYI;;Content Rating: 13+ - Teens 13 or older;iQIYI Subscription (sub)
Title: The Queen Who Crowns: Before Sunrise;Episodes: 2;2025;Aired: Jan 21, 2025;Original Network:  TVING;;Content Rating: 15+ - Teens 15 or older;TVING Subscription            Viki Subscription
Title: Real Love;Episodes: 6;2025;Aired: Jan 21, 2025 - Feb  4, 2025;Original Network:;;Content Rating: Not Yet Rated;
Title: I'll Take Your Place;Episodes: 3;2025;Aired: Jan 22, 2025;Original Network: COUPANG TV;;Content Rating: Not Yet Rated;
Title: Study Group;Episodes: 10;2025;Aired: Jan 23, 2025 - Feb 20, 2025;Original Network:  TVING;;Content Rating: 18+ Restricted (violence & profanity);TVING Subscription            Viki Subscription (sub)
Title: The Trauma Code: Heroes on Call;Episodes: 8;2025;Aired: Jan 24, 2025;Original Network:  Netflix;;Content Rating: 15+ - Teens 15 or older;Netflix Subscription (sub)
Title: Trunk Girl;Episodes: 4;2025;Aired: Jan 30, 2025 - Feb 23, 2025;Original Network:;;Content Rating: Not Yet Rated;
Title: Bitch X Rich Season 2;Episodes: 10;2025;Aired: Jul  3, 2025 - Aug  1, 2025;Original Network:  Wavve;;Content Rating: 15+ - Teens 15 or older;Viki Subscription (sub)
Title: Law and the City;Episodes: 12;2025;Aired: Jul  5, 2025 - Aug 10, 2025;Original Network:  tvN;;Content Rating: 15+ - Teens 15 or older;Disney+ Hotstar Subscription (sub)           TVING Subscription            Viki Subscription (sub)
Title: S Line;Episodes: 6;2025;Aired: Jul 11, 2025 - Jul 25, 2025;Original Network:  Wavve;;Content Rating: 18+ Restricted (violence & profanity);Prime Video Subscription            Wavve Purchase            TVING Subscription
Title: Queen Bee;Episodes: 4;2025;Aired: Jul 11, 2025 - Jul 26, 2025;Original Network:  Sukfilm;;Content Rating: Not Yet Rated;
Title: Low Life;Episodes: 11;2025;Aired: Jul 16, 2025 - Aug 13, 2025;Original Network:  Disney+;;Content Rating: 15+ - Teens 15 or older;Disney+ Hotstar Subscription            Disney+ Subscription            Hulu Subscription (sub)
Title: The Nice Guy;Episodes: 14;2025;Aired: Jul 18, 2025 - Aug 29, 2025;Original Network:  jTBC;;Content Rating: 15+ - Teens 15 or older;Disney+ Subscription            Hulu Subscription
Title: The Defects;Episodes: 8;2025;Aired: Jul 21, 2025 - Aug 12, 2025;Original Network:  ENA;;Content Rating: 18+ Restricted (violence & profanity);Apple TV Subscription (sub)           TVING Subscription            Prime Video Subscription (sub)           Roku Subscription            Kocowa Subscription
Title: My Girlfriend Is the Man!;Episodes: 12;2025;Aired: Jul 23, 2025 - Aug 28, 2025;Original Network:  KBS2;;Content Rating: Not Yet Rated;Viki Subscription (sub)
Title: Trigger;Episodes: 10;2025;Aired: Jul 25, 2025;Original Network:  Netflix;;Content Rating: 18+ Restricted (violence & profanity);Netflix Subscription (sub)
Title: The Winning Try;Episodes: 12;2025;Aired: Jul 25, 2025 - Aug 30, 2025;Original Network:  SBS;;Content Rating: 15+ - Teens 15 or older;Wavve Subscription            Netflix Subscription (sub)
Title: Deep Dream;Episodes: 6;2025;Aired: Jun  5, 2025 - Aug  7, 2025;Original Network:  Lovememory;;Content Rating: Not Yet Rated;
Title: Ball Boy Tactics;Episodes: 8;2025;Aired: Jun  5, 2025 - Jun 26, 2025;Original Network:  Heavenly;;Content Rating: 18+ Restricted (violence & profanity);iQIYI Subscription (sub)           Wavve Subscription            TVING Subscription
Title: Mercy for None;Episodes: 7;2025;Aired: Jun  6, 2025;Original Network:  Netflix;;Content Rating: 18+ Restricted (violence & profanity);Netflix Subscription (sub)
Title: The Woman Who Swallowed the Sun;Episodes: 125;2025;Aired: Jun  9, 2025 - Dec 12, 2025;Original Network:  MBC;;Content Rating: 15+ - Teens 15 or older;Prime Video Subscription (sub)           Roku Subscription            Kocowa Subscription
Title: The First Night with the Duke;Episodes: 12;2025;Aired: Jun 11, 2025 - Jul 17, 2025;Original Network:  KBS2;;Content Rating: 15+ - Teens 15 or older;Viki Subscription (sub)           Wavve Subscription
Title: Fresh Romance;Episodes: 8;2025;Aired: Jun 12, 2025 - Jul  3, 2025;Original Network:  Genie TV,  TVING,  Watcha,  Wavve;;Content Rating: Not Yet Rated;
Title: Our Movie;Episodes: 12;2025;Aired: Jun 13, 2025 - Jul 19, 2025;Original Network:  SBS;;Content Rating: 15+ - Teens 15 or older;Disney+ Subscription            Wavve Subscription            Hulu Subscription (sub)
Title: Wrong Number;Episodes: 4;2025;Aired: Jun 13, 2025 - Jun 28, 2025;Original Network:  Sukfilm;;Content Rating: Not Yet Rated;
Title: Hunter with a Scalpel;Episodes: 16;2025;Aired: Jun 16, 2025 - Jul 10, 2025;Original Network:  U+ Mobile TV;;Content Rating: 18+ Restricted (violence & profanity);
Title: Salon De Holmes;Episodes: 10;2025;Aired: Jun 16, 2025 - Jul 15, 2025;Original Network:  ENA;;Content Rating: 15+ - Teens 15 or older;Kocowa Subscription (sub)
Title: I Am a Running Mate;Episodes: 8;2025;Aired: Jun 19, 2025;Original Network:  TVING;;Content Rating: Not Yet Rated;TVING Subscription
Title: Head over Heels;Episodes: 12;2025;Aired: Jun 23, 2025 - Jul 29, 2025;Original Network:  tvN;;Content Rating: 15+ - Teens 15 or older;TVING Subscription            Prime Video Subscription (sub)
Title: Squid Game Season 3;Episodes: 6;2025;Aired: Jun 27, 2025;Original Network:  Netflix;;Content Rating: 18+ Restricted (violence & profanity);Netflix Subscription
Title: Where’s My Hero?;Episodes: 6;2025;Aired: Jun 27, 2025 - Jul 11, 2025;Original Network: Wavve;;Content Rating: 13+ - Teens 13 or older;Wavve Subscription
Title: Sexual Lessons: The Side Story;Episodes: 3;2025;Aired: Jun 29, 2025 - Jul 13, 2025;Original Network:  Flying Penguin;;Content Rating: 18+ Restricted (violence & profanity);
Title: The Potato Lab;Episodes: 12;2025;Aired: Mar  1, 2025 - Apr  6, 2025;Original Network:  tvN;;Content Rating: 15+ - Teens 15 or older;Netflix Subscription (sub)           TVING Subscription (sub)
Title: First Love Season 2;Episodes: 3;2025;Aired: Mar  2, 2025 - Mar 15, 2025;Original Network:  KOCOWA+;;Content Rating: Not Yet Rated;
Title: Mother and Mom;Episodes: 8;2025;Aired: Mar  3, 2025 - Mar 25, 2025;Original Network:  ENA;;Content Rating: 15+ - Teens 15 or older;
Title: When Life Gives You Tangerines;Episodes: 16;2025;Aired: Mar  7, 2025 - Mar 28, 2025;Original Network:  Netflix;;Content Rating: 13+ - Teens 13 or older;Netflix Subscription (sub)
Title: The Art of Negotiation;Episodes: 12;2025;Aired: Mar  8, 2025 - Apr 13, 2025;Original Network:  jTBC;;Content Rating: 15+ - Teens 15 or older;TVING Subscription            Viki Subscription (sub)           Prime Video Subscription (sub)           Roku Subscription            Kocowa Subscription (sub)
Title: Hyper Knife;Episodes: 8;2025;Aired: Mar 19, 2025 - Apr  9, 2025;Original Network:  Disney+;;Content Rating: 18+ Restricted (violence & profanity);Disney+ Subscription (sub)           Disney+ Hotstar Subscription (sub)           Hulu Subscription (sub)
Title: Bunny Bunny;Episodes: 4;2025;Aired: Mar 19, 2025 - Apr 10, 2025;Original Network:  Naver TV;;Content Rating: Not Yet Rated;
Title: Villains Everywhere;Episodes: 12;2025;Aired: Mar 19, 2025 - Apr 24, 2025;Original Network:  KBS2;;Content Rating: 15+ - Teens 15 or older;Viki Subscription (sub)           Prime Video Subscription (sub)           Roku Subscription            Kocowa Subscription
Title: Heo's Diner;Episodes: 10;2025;Aired: Mar 24, 2025 - Apr 22, 2025;Original Network:  MBN;;Content Rating: 15+ - Teens 15 or older;Viki Subscription (sub)           Netflix Subscription            Wavve Subscription
Title: Love Formula;Episodes: 4;2025;Aired: Mar 27, 2025 - Apr 15, 2025;Original Network:  Lovememory;;Content Rating: Not Yet Rated;
Title: Heesu in Class 2;Episodes: 10;2025;Aired: Mar 28, 2025 - Apr 26, 2025;Original Network:  Heavenly;;Content Rating: 13+ - Teens 13 or older;Viki Subscription (sub)           Wavve Subscription
Title: The Divorce Insurance;Episodes: 12;2025;Aired: Mar 31, 2025 - May  6, 2025;Original Network:  tvN;;Content Rating: 15+ - Teens 15 or older;TVING Subscription            Prime Video Subscription (sub)
Title: Kiss the Hater;Episodes: 4;2025;Aired: May  3, 2025 - May 24, 2025;Original Network:  Sukfilm;;Content Rating: Not Yet Rated;
Title: Spring of Youth;Episodes: 10;2025;Aired: May  6, 2025 - Jul  2, 2025;Original Network:  SBS;;Content Rating: 15+ - Teens 15 or older;Wavve Subscription            Viki Subscription (sub)
Title: Sweetheart Service;Episodes: 13;2025;Aired: May  9, 2025 - Jul 31, 2025;Original Network:  Strongberry;;Content Rating: Not Yet Rated;
Title: Jigu Yeongung Beongaeman;Episodes: 14;2025;Aired: May 10, 2025 - Aug 30, 2025;Original Network:  EBS;;Content Rating: Not Yet Rated;
Title: Tastefully Yours;Episodes: 10;2025;Aired: May 12, 2025 - Jun 10, 2025;Original Network:  ENA,  Genie TV;;Content Rating: 15+ - Teens 15 or older;Netflix Subscription (sub)
Title: Second Shot at Love;Episodes: 12;2025;Aired: May 12, 2025 - Jun 17, 2025;Original Network:  tvN;;Content Rating: 15+ - Teens 15 or older;Viki Subscription (sub)
Title: Begin Love;Episodes: 3;2025;Aired: May 13, 2025 - May 20, 2025;Original Network:  Lovememory;;Content Rating: Not Yet Rated;
Title: Shark 2: The Storm;Episodes: 6;2025;Aired: May 15, 2025;Original Network:  TVING;;Content Rating: 15+ - Teens 15 or older;TVING Subscription (sub)
Title: Dear Hongrang;Episodes: 11;2025;Aired: May 16, 2025;Original Network:  Netflix;;Content Rating: 15+ - Teens 15 or older;Netflix Subscription (sub)
Title: Nine Puzzles;Episodes: 11;2025;Aired: May 21, 2025 - Jun  4, 2025;Original Network:  Disney+;;Content Rating: 15+ - Teens 15 or older;Disney+ Subscription (sub)           Disney+ Hotstar Subscription            Hulu Subscription (sub)
Title: Therapy;Episodes: 4;2025;Aired: May 22, 2025 - Jun  6, 2025;Original Network:  DAEBAKFILM;;Content Rating: Not Yet Rated;
Title: Our Unwritten Seoul;Episodes: 12;2025;Aired: May 24, 2025 - Jun 29, 2025;Original Network:  tvN;;Content Rating: 15+ - Teens 15 or older;TVING Subscription (sub)           Netflix Subscription (sub)
Title: First Office;Episodes: 6;2025;Aired: May 26, 2025 - Jul  3, 2025;Original Network:  Lovememory;;Content Rating: Not Yet Rated;
Title: One: High School Heroes;Episodes: 8;2025;Aired: May 30, 2025 - Jun 13, 2025;Original Network:  Wavve;;Content Rating: Not Yet Rated;Wavve Subscription
Title: Oh My Ghost Clients;Episodes: 10;2025;Aired: May 30, 2025 - Jun 28, 2025;Original Network:  MBC;;Content Rating: 15+ - Teens 15 or older;Wavve Subscription            Netflix Subscription            Viki Subscription (sub)           Prime Video Subscription (sub)           Roku Subscription            Kocowa Subscription (sub)
Title: Good Boy;Episodes: 16;2025;Aired: May 31, 2025 - Jul 20, 2025;Original Network:  jTBC;;Content Rating: 15+ - Teens 15 or older;TVING Subscription (sub)           Netflix Subscription            Prime Video Subscription            Wavve Subscription
Title: Last Summer;Episodes: 12;2025;Aired: Nov  1, 2025 - Dec  7, 2025;Original Network:  KBS2;;Content Rating: Not Yet Rated;Viki Subscription (sub)           Wavve Subscription            Netflix Subscription (sub)
Title: Nice to Not Meet You;Episodes: 16;2025;Aired: Nov  3, 2025 - Dec 30, 2025;Original Network:  tvN;;Content Rating: 15+ - Teens 15 or older;TVING Subscription            Wavve Subscription            Prime Video Subscription
Title: The Manipulated;Episodes: 12;2025;Aired: Nov  5, 2025 - Dec  3, 2025;Original Network:  Disney+;;Content Rating: 18+ Restricted (violence & profanity);Disney+ Subscription (sub)           Hulu Subscription
Title: Dear X;Episodes: 12;2025;Aired: Nov  6, 2025 - Dec  4, 2025;Original Network:  TVING;;Content Rating: 18+ Restricted (violence & profanity);TVING Subscription (sub)           HBO Max Subscription (sub)           Viki Subscription (sub)
Title: Peach Trap;Episodes: 8;2025;Aired: Nov  6, 2025 - Nov 27, 2025;Original Network:  Heavenly;;Content Rating: 15+ - Teens 15 or older;iQIYI Subscription (sub)
Title: As You Stood By;Episodes: 8;2025;Aired: Nov  7, 2025;Original Network:  Netflix;;Content Rating: 18+ Restricted (violence & profanity);Netflix Subscription (sub)
Title: Moon River;Episodes: 14;2025;Aired: Nov  7, 2025 - Dec 20, 2025;Original Network:  MBC;;Content Rating: 15+ - Teens 15 or older;Viki Subscription (sub)           Wavve Subscription            TVING Subscription
Title: Don't Call Me Ma'am;Episodes: 12;2025;Aired: Nov 10, 2025 - Dec 16, 2025;Original Network:  TV Chosun;;Content Rating: 15+ - Teens 15 or older;Apple TV Subscription (sub)           Prime Video Subscription (sub)           Kocowa Subscription (sub)
Title: Jigu Yeongung Beongaeman Sijeun 2;Episodes: 16;2025;Aired: Nov 11, 2025 - Feb 24, 2026;Original Network:  EBS;;Content Rating: Not Yet Rated;
Title: Dynamite Kiss;Episodes: 14;2025;Aired: Nov 12, 2025 - Dec 25, 2025;Original Network:  SBS;;Content Rating: 15+ - Teens 15 or older;Netflix Subscription (sub)
Title: LOVE.exe;Episodes: 16;2025;Aired: Nov 13, 2025 - Dec  4, 2025;Original Network:  Wavve;;Content Rating: Not Yet Rated;Wavve Subscription            Prime Video Subscription (sub)           Roku Free (sub)
Title: Heroes Next Door;Episodes: 10;2025;Aired: Nov 17, 2025 - Dec 16, 2025;Original Network:  COUPANG TV,  ENA,  Genie TV;;Content Rating: 15+ - Teens 15 or older;
Title: Taxi Driver Season 3;Episodes: 16;2025;Aired: Nov 21, 2025 - Jan 10, 2026;Original Network:  SBS;;Content Rating: 15+ - Teens 15 or older;Viki Subscription (sub)
Title: Someday of Me;Episodes: 6;2025;Aired: Nov 28, 2025 - Jan  2, 2026;Original Network:  U+ Mobile TV;;Content Rating: 15+ - Teens 15 or older;
Title: My Love from the Field;Episodes: 2;2025;Aired: Oct  2, 2025 - Oct  3, 2025;Original Network:  NBS;;Content Rating: 15+ - Teens 15 or older;
Title: Genie, Make a Wish;Episodes: 13;2025;Aired: Oct  3, 2025;Original Network:  Netflix;;Content Rating: 15+ - Teens 15 or older;Netflix Subscription (sub)
Title: Would You Marry Me?;Episodes: 12;2025;Aired: Oct 10, 2025 - Nov 15, 2025;Original Network:  SBS;;Content Rating: Not Yet Rated;Disney+ Subscription (sub)           Hulu Subscription (sub)
Title: Typhoon Family;Episodes: 16;2025;Aired: Oct 11, 2025 - Nov 30, 2025;Original Network:  tvN;;Content Rating: Not Yet Rated;TVING Subscription            Netflix Subscription (sub)
Title: Marie and Her Three Daddies;Episodes: 120;2025;Aired: Oct 13, 2025 - Mar 27, 2026;Original Network:  KBS1;;Content Rating: Not Yet Rated;Wavve Subscription            Prime Video Subscription (sub)           Kocowa Subscription (sub)
Title: The Dream Life of Mr. Kim;Episodes: 12;2025;Aired: Oct 25, 2025 - Nov 30, 2025;Original Network:  jTBC;;Content Rating: 15+ - Teens 15 or older;Netflix Subscription (sub)           TVING Subscription
Title: Spirit Fingers;Episodes: 12;2025;Aired: Oct 29, 2025 - Nov 26, 2025;Original Network:  TVING;;Content Rating: 13+ - Teens 13 or older;TVING Subscription            Viki Subscription (sub)
Title: My Youth;Episodes: 12;2025;Aired: Sep  5, 2025 - Oct 17, 2025;Original Network:  jTBC;;Content Rating: 15+ - Teens 15 or older;Viki Subscription (sub)
Title: Queen Mantis;Episodes: 8;2025;Aired: Sep  5, 2025 - Sep 27, 2025;Original Network:  SBS;;Content Rating: 15+ - Teens 15 or older;Netflix Subscription (sub)           Wavve Subscription            Viki Subscription (sub)           Prime Video Subscription (sub)           Kocowa Subscription
Title: Confidence Queen;Episodes: 12;2025;Aired: Sep  6, 2025 - Oct 12, 2025;Original Network:  Amazon Prime,  COUPANG TV,  TV Chosun;;Content Rating: 15+ - Teens 15 or older;Prime Video Subscription (sub)
Title: Tempest;Episodes: 9;2025;Aired: Sep 10, 2025 - Oct  1, 2025;Original Network:  Disney+;;Content Rating: 15+ - Teens 15 or older;Disney+ Hotstar Subscription            Disney+ Subscription            Hulu Subscription
Title: You and Everything Else;Episodes: 15;2025;Aired: Sep 12, 2025;Original Network:  Netflix;;Content Rating: 15+ - Teens 15 or older;Netflix Subscription
Title: A Hundred Memories;Episodes: 12;2025;Aired: Sep 13, 2025 - Oct 19, 2025;Original Network:  jTBC;;Content Rating: 15+ - Teens 15 or older;TVING Subscription            Viki Subscription (sub)
Title: Shin's Project;Episodes: 12;2025;Aired: Sep 15, 2025 - Oct 28, 2025;Original Network:  tvN;;Content Rating: 15+ - Teens 15 or older;TVING Subscription            Wavve Subscription
Title: To the Moon;Episodes: 12;2025;Aired: Sep 19, 2025 - Oct 31, 2025;Original Network:  MBC;;Content Rating: 15+ - Teens 15 or older;Wavve Subscription            Prime Video Subscription (sub)           Kocowa Subscription (sub)
Title: Walking on Thin Ice;Episodes: 12;2025;Aired: Sep 20, 2025 - Oct 26, 2025;Original Network:  KBS2;;Content Rating: 15+ - Teens 15 or older;Wavve Subscription            Viki Subscription            Prime Video Subscription (sub)           Kocowa Subscription
Title: A Graceful Liar;Episodes: 101;2025;Aired: Sep 22, 2025 - Feb 20, 2026;Original Network:  KBS2;;Content Rating: 15+ - Teens 15 or older;Wavve Subscription            Prime Video Subscription (sub)           Kocowa Subscription
Title: No Mercy;Episodes: 8;2025;Aired: Sep 24, 2025 - Oct 16, 2025;Original Network:  Wavve;;Content Rating: Not Yet Rated;Prime Video Subscription (sub)           Kocowa Subscription
Title: First Lady;Episodes: 12;2025;Aired: Sep 24, 2025 - Oct 30, 2025;Original Network:  MBN;;Content Rating: 13+ - Teens 13 or older;Viki Subscription
Title: The Murky Stream;Episodes: 9;2025;Aired: Sep 26, 2025 - Oct 17, 2025;Original Network:  Disney+;;Content Rating: 15+ - Teens 15 or older;Disney+ Hotstar Subscription            Disney+ Subscription
Title: Ms. Incognito;Episodes: 12;2025;Aired: Sep 29, 2025 - Nov  4, 2025;Original Network:  ENA,  Genie TV;;Content Rating: 15+ - Teens 15 or older;TVING Subscription            Viki Subscription (sub)
Title: Yeonhwa Palace;Episodes: 14;2025;Aired: April, 18, 2025;Original Network:  KBS1;;Content Rating: Not Yet Rated;
;;;;;;;
Column1;Column2;;Column3;Column4;Column5;Column6;Column7
Nombre;episodios;;fecha estreno;cadena-original;;content-rating;donde-ver